zip,geoid,city,state,res_ratio,bus_ratio,oth_ratio,tot_ratio
98001,53033030405,AUBURN,WA,0.10587168442530039,0.012942779291553134,0.006578947368421052,0.09388401398693673
98001,53053073501,AUBURN,WA,7.556865412227008e-05,0.0,0.0,6.597611664577422e-05
98001,53033030901,AUBURN,WA,0.0765510466258596,0.04223433242506812,0.06359649122807018,0.07283763277693475
98001,53033029804,AUBURN,WA,0.00816141464520517,0.0,0.0,0.007125420597743617
98001,53033030407,AUBURN,WA,0.07738230182120456,0.06948228882833787,0.05482456140350877,0.07593851025928613
98001,53033030801,AUBURN,WA,0.00015113730824454016,0.23160762942779292,0.09868421052631579,0.025532757141914626
98001,53033030902,AUBURN,WA,0.004458550593213935,0.0034059945504087193,0.0021929824561403508,0.004288447581975325
98001,53033029805,AUBURN,WA,0.14509181591475856,0.01226158038147139,0.015350877192982455,0.12832354687603087
98001,53033029806,AUBURN,WA,0.09929721151666289,0.006130790190735695,0.0043859649122807015,0.08741835455565085
98001,53033030404,AUBURN,WA,0.1010352905614751,0.009536784741144414,0.019736842105263157,0.08972751863825296
98001,53033030406,AUBURN,WA,0.017002947177510767,0.0027247956403269754,0.021929824561403508,0.01576829187834004
98001,53033030501,AUBURN,WA,0.067709514093554,0.46253405994550406,0.5241228070175439,0.11968067559543445
98001,53033029902,AUBURN,WA,0.15982770346860123,0.1369209809264305,0.16447368421052633,0.15774889490004618
98001,53033029901,AUBURN,WA,0.13723267588604246,0.010217983651226158,0.02412280701754386,0.12152800686151613
98001,53033029803,AUBURN,WA,0.00015113730824454016,0.0,0.0,0.00013195223329154845
98002,53033030801,AUBURN,WA,0.15459832555761488,0.08392056374119154,0.25891677675033026,0.15714133105437453
98002,53033030504,AUBURN,WA,0.1303764299865789,0.05957719410634209,0.12945838837516513,0.12439910265997223
98002,53033030501,AUBURN,WA,0.08244391896210136,0.3600256245996156,0.0964332892998679,0.1067193675889328
98002,53033030503,AUBURN,WA,0.1962676551415607,0.13901345291479822,0.190224570673712,0.19100523448349535
98002,53033030802,AUBURN,WA,0.10487633412155685,0.026905829596412557,0.071334214002642,0.09566285653242175
98002,53033031102,AUBURN,WA,0.045248290407106796,0.0032030749519538757,0.001321003963011889,0.038190364277320796
98002,53033031101,AUBURN,WA,0.031060267143861443,0.010249839846252402,0.047556142668428,0.030659117615639355
98002,53033030700,AUBURN,WA,0.10851920495941714,0.10377962844330557,0.06010568031704095,0.104208952035039
98002,53033030600,AUBURN,WA,0.14660957372020195,0.21332479180012812,0.14464993394980186,0.1520136737528042
98003,53033030407,FEDERAL WAY,WA,0.0004759185227489054,0.000395882818685669,0.0,0.00042701863354037265
98003,53033030008,FEDERAL WAY,WA,0.0804778221968399,0.0055423594615993665,0.0747074707470747,0.07263198757763975
98003,53033030201,FEDERAL WAY,WA,0.0039501237388159145,0.00870942201108472,0.0013501350135013501,0.004192546583850931
98003,53033030204,FEDERAL WAY,WA,0.076956025128498,0.040380047505938245,0.0288028802880288,0.06921583850931677
98003,53033030313,FEDERAL WAY,WA,0.09342280601561012,0.35312747426761676,0.18361836183618363,0.1266692546583851
98003,53033030314,FEDERAL WAY,WA,0.11778983438035408,0.19912905779889153,0.14806480648064807,0.12837732919254657
98003,53033030102,FEDERAL WAY,WA,0.04354654483152484,0.0011876484560570072,0.0,0.03563664596273292
98003,53033030005,FEDERAL WAY,WA,0.09727774604987627,0.0447347585114806,0.047254725472547256,0.08781055900621118
98003,53033030406,FEDERAL WAY,WA,0.0412621359223301,0.000791765637371338,0.0306030603060306,0.03637422360248447
98003,53033030304,FEDERAL WAY,WA,0.041452503331429656,0.06690419635787807,0.018001800180018002,0.04192546583850932
98003,53033030003,FEDERAL WAY,WA,0.02722253950123739,0.020190023752969122,0.021602160216021602,0.026048136645962734
98003,53033030309,FEDERAL WAY,WA,0.03893013516086046,0.05265241488519398,0.17866786678667868,0.05232919254658385
98003,53033029901,FEDERAL WAY,WA,9.518370454978108e-05,0.000395882818685669,0.0,0.00011645962732919254
98003,53033030404,FEDERAL WAY,WA,0.024224252807919285,0.001979414093428345,0.0013501350135013501,0.020069875776397517
98003,53033030403,FEDERAL WAY,WA,0.06258328574148106,0.000791765637371338,0.0009000900090009,0.05120341614906832
98003,53033030006,FEDERAL WAY,WA,0.09418427565200838,0.14924782264449724,0.1494149414941494,0.10434782608695652
98003,53033030007,FEDERAL WAY,WA,0.08418998667428136,0.009897070467141725,0.0351035103510351,0.07267080745341616
98003,53033030203,FEDERAL WAY,WA,0.06386826575290311,0.043547110055423596,0.0153015301530153,0.05768633540372671
98003,53033030310,FEDERAL WAY,WA,0.008090614886731391,0.000395882818685669,0.06525652565256526,0.012267080745341614
98004,53033023901,BELLEVUE,WA,0.08340450973693202,0.005452212957023733,0.06453558504221954,0.07367338251986379
98004,53033023805,BELLEVUE,WA,0.12008882815169115,0.09236690186016677,0.08443908323281062,0.11492622020431328
98004,53033024100,BELLEVUE,WA,0.07533310556884182,0.004490057729313663,0.0048250904704463205,0.06335130533484677
98004,53033023807,BELLEVUE,WA,0.18534335497096002,0.28864656831302116,0.10072376357056695,0.19179199772985245
98004,53033023601,BELLEVUE,WA,4.270584215920738e-05,0.03559974342527261,0.005428226779252111,0.00429199772985244
98004,53033023702,BELLEVUE,WA,0.0074735223778612915,0.12219371391917896,0.05790108564535585,0.023127128263337116
98004,53033022701,BELLEVUE,WA,4.270584215920738e-05,0.0025657472738935213,0.0012062726176115801,0.0003901816118047673
98004,53033024002,BELLEVUE,WA,0.08694909463614622,0.007055805003207184,0.0971049457177322,0.07871027241770714
98004,53033023801,BELLEVUE,WA,0.091433208062863,0.0949326491340603,0.09650180940892641,0.0921183314415437
98004,53033023902,BELLEVUE,WA,0.02639221045439016,0.00032071840923669016,0.011459589867310011,0.022630533484676505
98004,53033024200,BELLEVUE,WA,4.270584215920738e-05,0.0,0.0,3.547105561861521e-05
98004,53033023808,BELLEVUE,WA,0.11073624871882473,0.10455420141116101,0.10494571773220748,0.10971197502837685
98004,53033024001,BELLEVUE,WA,0.08579603689784762,0.11738293778062861,0.15560916767189384,0.09339528944381385
98004,53033023806,BELLEVUE,WA,0.09531943969935087,0.07312379730596537,0.039806996381182146,0.08959988649262202
98004,53033023701,BELLEVUE,WA,0.03160232319781346,0.05131494547787043,0.17551266586248493,0.04224602724177071
98005,53033023601,BELLEVUE,WA,0.17572214580467677,0.22282120395327942,0.19964507542147295,0.1855759682224429
98005,53033023604,BELLEVUE,WA,0.10221801925722146,0.01078167115902965,0.030168589174800354,0.07950595829195631
98005,53033023702,BELLEVUE,WA,0.13239339752407153,0.5525606469002695,0.13797692990239574,0.19122393247269115
98005,53033023801,BELLEVUE,WA,0.04238308115543329,0.03189577717879605,0.049689440993788817,0.04195630585898709
98005,53033023701,BELLEVUE,WA,0.08407840440165062,0.03504043126684636,0.027506654835847383,0.06938927507447865
98005,53033023500,BELLEVUE,WA,0.1360041265474553,0.015723270440251572,0.07364685004436557,0.11066285998013903
98005,53033023603,BELLEVUE,WA,0.15354195323246217,0.04582210242587601,0.4418811002661934,0.17899702085402186
98005,53033023401,BELLEVUE,WA,0.0734181568088033,0.07502246181491465,0.027062999112688554,0.06715491559086395
98005,53033022804,BELLEVUE,WA,0.0018053645116918845,0.0004492362982929021,0.00044365572315882877,0.0014275074478649454
98005,53033022805,BELLEVUE,WA,0.0984353507565337,0.009883198562443846,0.011978704525288377,0.07410625620655412
98006,53033024704,BELLEVUE,WA,0.07295092750953822,0.0033783783783783786,0.02949438202247191,0.06858112201623652
98006,53033023902,BELLEVUE,WA,0.03670569661886594,0.006756756756756757,0.046348314606741575,0.03604749787955895
98006,53033024902,BELLEVUE,WA,0.09413235100644653,0.0016891891891891893,0.03651685393258427,0.08833151581243184
98006,53033025006,BELLEVUE,WA,0.04032364162610183,0.0016891891891891893,0.08707865168539326,0.04095480431358294
98006,53033024701,BELLEVUE,WA,0.10774898039731615,0.06418918918918919,0.12921348314606743,0.10711256512783231
98006,53033024905,BELLEVUE,WA,0.10156558347585844,0.0033783783783783786,0.06179775280898876,0.09632860777898945
98006,53033024703,BELLEVUE,WA,0.0009209314563873174,0.0,0.0014044943820224719,0.0009087604507451836
98006,53033025008,BELLEVUE,WA,0.06742533877121432,0.033783783783783786,0.025280898876404494,0.06440082394280867
98006,53033025007,BELLEVUE,WA,0.0651887909485594,0.010135135135135136,0.08146067415730338,0.06391615170241124
98006,53033024901,BELLEVUE,WA,0.12116826733324562,0.016891891891891893,0.0,0.11220162365200533
98006,53033025001,BELLEVUE,WA,0.059663202210235494,0.0033783783783783786,0.008426966292134831,0.0554343874954562
98006,53033024904,BELLEVUE,WA,0.0642020786738587,0.0016891891891891893,0.0028089887640449437,0.05931176541863565
98006,53033024800,BELLEVUE,WA,0.16800420997237206,0.8530405405405406,0.4901685393258427,0.2064703744093057
98007,53033023201,BELLEVUE,WA,0.21469676848162905,0.10357815442561205,0.16852718761253152,0.20054044730638762
98007,53033023403,BELLEVUE,WA,0.0009591264571344253,0.01694915254237288,0.0007202016564638099,0.0018973150117863509
98007,53033023702,BELLEVUE,WA,0.029290246421720526,0.2523540489642185,0.030968671227943823,0.04317829011671362
98007,53033022901,BELLEVUE,WA,0.0,0.010357815442561206,0.0,0.0006324383372621169
98007,53033022803,BELLEVUE,WA,0.0,0.0160075329566855,0.0007202016564638099,0.0010923934916345656
98007,53033023601,BELLEVUE,WA,0.0011804633318577543,0.0,0.0028808066258552397,0.001379865463117346
98007,53033023603,BELLEVUE,WA,0.08713294968275048,0.17702448210922786,0.08210298883687432,0.09181854769160007
98007,53033022805,BELLEVUE,WA,0.09753578279474694,0.022598870056497175,0.20813827871804105,0.11061921462657391
98007,53033024800,BELLEVUE,WA,0.006492548325217648,0.003766478342749529,0.007202016564638099,0.006439372161214282
98007,53033023000,BELLEVUE,WA,0.0787959274015051,0.026365348399246705,0.008282319049333813,0.06433622721784626
98007,53033022804,BELLEVUE,WA,0.15191087501844475,0.06308851224105462,0.2679150162045373,0.16500891163111597
98007,53033023401,BELLEVUE,WA,0.10535635236830455,0.1374764595103578,0.045372704357220024,0.09774047030414534
98007,53033023701,BELLEVUE,WA,0.0,0.006591337099811676,0.0007202016564638099,0.0005174495486690048
98007,53033023300,BELLEVUE,WA,0.06308100929614874,0.08945386064030132,0.014764133957508103,0.05697694474788708
98007,53033023202,BELLEVUE,WA,0.018370960602036298,0.02824858757062147,0.004681310767014764,0.016788363134594378
98007,53033023604,BELLEVUE,WA,0.14519698981850376,0.046139359698681735,0.15700396110911055,0.14103374920945208
98008,53033023000,BELLEVUE,WA,0.19043552519214346,0.04912280701754386,0.06716417910447761,0.17913300321431674
98008,53033023100,BELLEVUE,WA,0.1448904070594933,0.014035087719298246,0.09950248756218906,0.13682564503518374
98008,53033022902,BELLEVUE,WA,0.000759085302210836,0.0,0.0,0.0006949874033533142
98008,53033023300,BELLEVUE,WA,0.14318246512951893,0.005263157894736842,0.007462686567164179,0.13161323951003387
98008,53033022803,BELLEVUE,WA,0.0,0.005263157894736842,0.007462686567164179,0.0005212405525149857
98008,53033023202,BELLEVUE,WA,0.2559066325078281,0.7859649122807018,0.5298507462686567,0.29172096255755364
98008,53033022901,BELLEVUE,WA,0.10067368820571211,0.054385964912280704,0.04228855721393035,0.09634262878985318
98008,53033023403,BELLEVUE,WA,0.16415219660309327,0.08596491228070176,0.2462686567164179,0.16314829293719052
98009,53033023805,BELLEVUE,WA,0.0375796178343949,0.047619047619047616,0.5,0.040806969280146724
98009,53033023702,BELLEVUE,WA,0.9624203821656051,0.9523809523809523,0.5,0.9591930307198533
98010,53033031603,BLACK DIAMOND,WA,0.7096642929806715,0.721030042918455,0.6216216216216216,0.7095467695274831
98010,53033031605,BLACK DIAMOND,WA,0.2903357070193286,0.27896995708154504,0.3783783783783784,0.29045323047251687
98011,53033021701,BOTHELL,WA,0.013091103393000268,0.0,0.0,0.011393361622972737
98011,53033021803,BOTHELL,WA,0.3161234304034197,0.3520286396181384,0.2814070351758794,0.31506132651281754
98011,53033021702,BOTHELL,WA,0.02558108469142399,0.00477326968973747,0.0021536252692031586,0.022670464453874325
98011,53033021906,BOTHELL,WA,6.67913438418381e-05,0.0,0.005025125628140704,0.0004650351682846015
98011,53061051938,BOTHELL,WA,0.0038738979428266096,0.0011933174224343676,0.003589375448671931,0.003720281346276812
98011,53033022001,BOTHELL,WA,0.15615816190221748,0.0477326968973747,0.09691313711414214,0.14607917223740044
98011,53033021905,BOTHELL,WA,0.11454715468875233,0.046539379474940336,0.08470926058865758,0.10881822937859675
98011,53033021802,BOTHELL,WA,0.10532994923857868,0.41408114558472553,0.176597272074659,0.12614078939719817
98011,53033021804,BOTHELL,WA,0.217405824205183,0.1324582338902148,0.3007896625987078,0.2200197639946521
98011,53033022102,BOTHELL,WA,0.047822602190756076,0.0011933174224343676,0.048815506101938265,0.045631575887926525
98012,53061041704,BOTHELL,WA,0.07033299697275479,0.4014830508474576,0.37902097902097903,0.0938200847246449
98012,53061041703,BOTHELL,WA,0.00961991254624958,0.001059322033898305,0.0034965034965034965,0.009095439820583105
98012,53061051921,BOTHELL,WA,0.08903464513958964,0.048728813559322036,0.07902097902097902,0.08740343882382258
98012,53061052010,BOTHELL,WA,0.051900437268752105,0.03072033898305085,0.014685314685314685,0.04961998504859207
98012,53061051937,BOTHELL,WA,0.004137235116044399,0.0,0.002797202797202797,0.003955893346623474
98012,53061052009,BOTHELL,WA,0.04510595358224016,0.001059322033898305,0.007692307692307693,0.042144281086468977
98012,53061052122,BOTHELL,WA,6.727211570803902e-05,0.0,0.0,6.22975330176925e-05
98012,53061052006,BOTHELL,WA,0.0493104608139926,0.001059322033898305,0.01048951048951049,0.04616247196611014
98012,53061051933,BOTHELL,WA,0.04527413387151026,0.13029661016949154,0.03076923076923077,0.04712808372788438
98012,53061052004,BOTHELL,WA,0.1029263370332997,0.03919491525423729,0.07412587412587412,0.09976949912783453
98012,53061052007,BOTHELL,WA,0.06441305079044736,0.0635593220338983,0.022377622377622378,0.06251557438325442
98012,53061051935,BOTHELL,WA,0.04244870501177262,0.013771186440677966,0.02097902097902098,0.04064914029404436
98012,53061052008,BOTHELL,WA,0.05371678439286916,0.07733050847457627,0.0979020979020979,0.05637926738101171
98012,53061052107,BOTHELL,WA,0.06582576522031618,0.005296610169491525,0.057342657342657345,0.06366807874408173
98012,53061051926,BOTHELL,WA,0.0003699966363942146,0.001059322033898305,0.0,0.000373785198106155
98012,53061051936,BOTHELL,WA,0.055196770938446015,0.05826271186440678,0.05034965034965035,0.055071019187640166
98012,53061051934,BOTHELL,WA,0.049613185334678775,0.09427966101694915,0.019580419580419582,0.04958883628208323
98012,53061052005,BOTHELL,WA,0.08002018163471242,0.015889830508474576,0.07202797202797202,0.07777846997258908
98012,53061051922,BOTHELL,WA,0.04483686511940801,0.00423728813559322,0.01888111888111888,0.04248691751806628
98012,53061051928,BOTHELL,WA,0.015573494786411032,0.005296610169491525,0.013986013986013986,0.01520059805631697
98012,53061051927,BOTHELL,WA,0.05354860410359906,0.00423728813559322,0.02097902097902098,0.050647894343384
98012,53061052114,BOTHELL,WA,0.005549949545913219,0.0031779661016949155,0.0034965034965034965,0.005388736606030401
98012,53061041609,BOTHELL,WA,0.0011772620248906827,0.0,0.0,0.0010902068278096188
98014,53033032601,CARNATION,WA,0.018021081264875893,0.04081632653061224,0.0,0.016277005031074283
98014,53033032315,CARNATION,WA,0.1125467528051683,0.10204081632653061,0.005141388174807198,0.10002959455460195
98014,53033032402,CARNATION,WA,0.22679360761645698,0.08163265306122448,0.015424164524421594,0.20035513465522345
98014,53033032401,CARNATION,WA,0.003740224413464808,0.0,0.0,0.0032554010062148565
98014,53033032500,CARNATION,WA,0.638898333900034,0.7755102040816326,0.9794344473007712,0.6800828647528855
98015,53033024800,BELLEVUE,WA,1.0,1.0,1.0,1.0
98019,53033032311,DUVALL,WA,0.002718695026387334,0.0,0.0,0.0023970671178793006
98019,53033032327,DUVALL,WA,0.002079002079002079,0.0,0.0,0.0018330513254371122
98019,53061052113,DUVALL,WA,0.00047976971053894133,0.0,0.0,0.00042301184433164127
98019,53033032401,DUVALL,WA,0.5982728290420598,0.8898305084745762,0.8103092783505155,0.627326565143824
98019,53033032500,DUVALL,WA,0.032464417079801695,0.0,0.006185567010309278,0.0290468133107727
98019,53033032402,DUVALL,WA,0.3639852870622101,0.11016949152542373,0.18350515463917524,0.3389734912577552
98020,53061050600,EDMONDS,WA,0.044243666169895675,0.0008250825082508251,0.004703668861712135,0.036968718776419954
98020,53061050300,EDMONDS,WA,0.06780923994038748,0.004125412541254125,0.004703668861712135,0.05672123587733456
98020,53061050501,EDMONDS,WA,0.34891952309985097,0.849009900990099,0.4666039510818438,0.40511874567673506
98020,53061050502,EDMONDS,WA,0.15778688524590165,0.033003300330033,0.07149576669802446,0.13911305818153868
98020,53061050402,EDMONDS,WA,0.0613822652757079,0.0016501650165016502,0.0,0.0508031665513796
98020,53061050700,EDMONDS,WA,0.20650149031296572,0.09570957095709572,0.444967074317968,0.2156636692029821
98020,53061050800,EDMONDS,WA,0.056073025335320416,0.012376237623762377,0.005644402634054563,0.04788256090999923
98020,53061050403,EDMONDS,WA,0.0572839046199702,0.0033003300330033004,0.0018814675446848542,0.04772884482361079
98021,53061051931,BOTHELL,WA,0.001912608503751655,0.0,0.0,0.001706708677957201
98021,53061051938,BOTHELL,WA,0.15197881418272768,0.374113475177305,0.4544609665427509,0.18156754627806224
98021,53061051926,BOTHELL,WA,0.12211269677799029,0.0017730496453900709,0.06691449814126393,0.11375869764999344
98021,53061051932,BOTHELL,WA,0.07076651463881124,0.0035460992907801418,0.0362453531598513,0.06583956938427202
98021,53061051917,BOTHELL,WA,0.12402530528174195,0.014184397163120567,0.05855018587360595,0.11533412104503085
98021,53061051913,BOTHELL,WA,0.0061056348388995145,0.0,0.0018587360594795538,0.00557962452409085
98021,53061051936,BOTHELL,WA,0.013314697660732676,0.0017730496453900709,0.0009293680297397769,0.012012603387160299
98021,53061051914,BOTHELL,WA,0.03472120052964543,0.0017730496453900709,0.006505576208178439,0.03150846790074833
98021,53061051918,BOTHELL,WA,0.19744004707959395,0.23049645390070922,0.1775092936802974,0.1972561375869765
98021,53061051916,BOTHELL,WA,0.10710607621009269,0.10283687943262411,0.05390334572490706,0.10319023237495077
98021,53061051937,BOTHELL,WA,0.12924819773429455,0.22163120567375885,0.10687732342007435,0.13108835499540503
98021,53061051922,BOTHELL,WA,0.0412682065617184,0.047872340425531915,0.0362453531598513,0.041157936195352504
98022,53033031302,ENUMCLAW,WA,0.18364444444444444,0.05190677966101695,0.3278236914600551,0.17790873616309627
98022,53033031301,ENUMCLAW,WA,0.08835555555555556,0.0211864406779661,0.01928374655647383,0.0813092299116031
98022,53033031202,ENUMCLAW,WA,0.10888888888888888,0.007415254237288136,0.005509641873278237,0.09827188022616867
98022,53033031502,ENUMCLAW,WA,0.20684444444444444,0.06991525423728813,0.14325068870523416,0.194712112765788
98022,53033031603,ENUMCLAW,WA,8.888888888888889e-05,0.0,0.0,7.963685593692761e-05
98022,53033031501,ENUMCLAW,WA,0.04293333333333333,0.006355932203389831,0.027548209366391185,0.03973879111252688
98022,53053070100,ENUMCLAW,WA,0.0424,0.029661016949152543,0.06336088154269973,0.042048259934697775
98022,53033031400,ENUMCLAW,WA,0.32684444444444444,0.8135593220338984,0.4132231404958678,0.36593135303018237
98023,53033030309,FEDERAL WAY,WA,0.09267275933942601,0.08088235294117647,0.11247443762781185,0.0934822904664095
98023,53033030101,FEDERAL WAY,WA,0.0773876329431885,0.13602941176470587,0.18200408997955012,0.08331245929562647
98023,53033030311,FEDERAL WAY,WA,0.09213831436053659,0.20220588235294118,0.046012269938650305,0.09137818746555784
98023,53053940001,FEDERAL WAY,WA,5.344449788894233e-05,0.0,0.0,5.0097690496468114e-05
98023,53033030201,FEDERAL WAY,WA,0.10165143498476832,0.08455882352941177,0.1574642126789366,0.10415309854215721
98023,53033030308,FEDERAL WAY,WA,0.12987012987012986,0.04779411764705882,0.10940695296523517,0.12774911076599368
98023,53033030102,FEDERAL WAY,WA,0.019721019721019722,0.003676470588235294,0.0010224948875255625,0.01858624317418967
98023,53033030304,FEDERAL WAY,WA,0.042915931804820694,0.025735294117647058,0.00408997955010225,0.040779520064125045
98023,53033030305,FEDERAL WAY,WA,0.12308267863823419,0.15808823529411764,0.2116564417177914,0.1278994038374831
98023,53033030310,FEDERAL WAY,WA,0.11447811447811448,0.11764705882352941,0.005112474437627812,0.10916286759180402
98023,53053940005,FEDERAL WAY,WA,0.000320666987333654,0.0,0.0,0.0003005861429788087
98023,53033030306,FEDERAL WAY,WA,0.10704932927155149,0.06985294117647059,0.0408997955010225,0.10330143780371726
98023,53033030312,FEDERAL WAY,WA,0.09865854310298755,0.07352941176470588,0.12985685071574643,0.09984469715946095
98024,53033032221,FALL CITY,WA,0.08697183098591549,0.006172839506172839,0.009302325581395349,0.0777121541809139
98024,53033032605,FALL CITY,WA,0.04612676056338028,0.0,0.004651162790697674,0.041032017407522534
98024,53033032603,FALL CITY,WA,0.14577464788732394,0.024691358024691357,0.004651162790697674,0.13024557040721169
98024,53033032500,FALL CITY,WA,0.058098591549295774,0.018518518518518517,0.0,0.05222256760957414
98024,53033032800,FALL CITY,WA,0.0024647887323943664,0.0,0.0,0.002175940317065589
98024,53033032601,FALL CITY,WA,0.6605633802816901,0.9506172839506173,0.9813953488372092,0.6966117500777121
98025,53033032003,HOBART,WA,1.0,1.0,1.0,1.0
98026,53061042003,EDMONDS,WA,0.08063941050629903,0.00258732212160414,0.014585764294049008,0.07165415480196738
98026,53061051500,EDMONDS,WA,0.0025552650344663657,0.08667529107373868,0.014585764294049008,0.006989386487186125
98026,53061042004,EDMONDS,WA,0.017530306631804136,0.00129366106080207,0.004084014002333722,0.01568728967123997
98026,53061050101,EDMONDS,WA,0.06899215593059187,0.00258732212160414,0.021003500583430573,0.06207610665286047
98026,53061050200,EDMONDS,WA,0.09502020442120276,0.01164294954721863,0.006417736289381563,0.08382086461299508
98026,53061050403,EDMONDS,WA,0.06554551937247445,0.018111254851228976,0.042590431738623105,0.06161014755371473
98026,53061051601,EDMONDS,WA,0.012300927026384597,0.00129366106080207,0.007584597432905484,0.011441884545689878
98026,53061050404,EDMONDS,WA,0.08925600190159258,0.11642949547218628,0.23045507584597433,0.10287341444473207
98026,53061050700,EDMONDS,WA,0.04219158545281673,0.016817593790426907,0.0764294049008168,0.04421434118560704
98026,53061050102,EDMONDS,WA,0.038031851675778466,0.00258732212160414,0.009918319719953326,0.03411856070411597
98026,53061051401,EDMONDS,WA,0.0,0.015523932729624839,0.0,0.0006212787988609888
98026,53061050402,EDMONDS,WA,0.11968148324221535,0.2613195342820181,0.18319719953325556,0.13098628009319183
98026,53061050300,EDMONDS,WA,0.08901830282861897,0.042690815006468305,0.051925320886814466,0.0838726378462335
98026,53061042005,EDMONDS,WA,0.032148799619681485,0.00129366106080207,0.0,0.028061092415221332
98026,53061050800,EDMONDS,WA,0.16145709531732827,0.22121604139715395,0.24154025670945156,0.17095521615324877
98026,53061050900,EDMONDS,WA,0.08563109103874494,0.19663648124191463,0.09568261376896149,0.09096557079989645
98026,53061051000,EDMONDS,WA,0.0,0.00129366106080207,0.0,5.177323323841574e-05
98027,53033032003,ISSAQUAH,WA,0.0017268862911795962,0.0,0.0,0.0014620705167856943
98027,53033032219,ISSAQUAH,WA,0.0011291179596174283,0.09979939819458375,0.05593451568894952,0.014452004723612438
98027,53033032221,ISSAQUAH,WA,0.012221041445270989,0.028084252758274825,0.02455661664392906,0.014508238205027273
98027,53033032104,ISSAQUAH,WA,0.1866365568544102,0.03259779338014042,0.14870395634379263,0.16780070854186582
98027,53033032605,ISSAQUAH,WA,0.00013283740701381508,0.0,0.0,0.00011246696282966878
98027,53033023404,ISSAQUAH,WA,0.08548087141339002,0.006018054162487462,0.054570259208731244,0.07529663161446325
98027,53033032102,ISSAQUAH,WA,0.13323591923485653,0.02156469408224674,0.03274215552523874,0.1165720069729517
98027,53033032103,ISSAQUAH,WA,0.3610520722635494,0.7938816449348044,0.5961800818553888,0.41927683742900523
98027,53033031904,ISSAQUAH,WA,0.0140807651434644,0.0,0.004092769440654843,0.012090198504189395
98027,53033023403,ISSAQUAH,WA,6.641870350690754e-05,0.0,0.0,5.623348141483439e-05
98027,53033025008,ISSAQUAH,WA,0.00013283740701381508,0.0,0.0,0.00011246696282966878
98027,53033025006,ISSAQUAH,WA,0.13768597236981933,0.0050150451354062184,0.0572987721691678,0.11949614800652308
98027,53033032220,ISSAQUAH,WA,0.00026567481402763017,0.012036108324974924,0.005457025920873124,0.0017994714052747005
98027,53033031912,ISSAQUAH,WA,0.0033209351753453772,0.0005015045135406219,0.002728512960436562,0.002980374514986223
98027,53033032002,ISSAQUAH,WA,0.008900106269925611,0.0,0.001364256480218281,0.007591519991002643
98027,53033032604,ISSAQUAH,WA,0.001328374070138151,0.0,0.0,0.001124669628296688
98027,53033025007,ISSAQUAH,WA,0.052603613177470775,0.0005015045135406219,0.01637107776261937,0.04526795253894168
98028,53033022102,KENMORE,WA,0.1686945384685756,0.010752688172043012,0.04327485380116959,0.15286779001944265
98028,53033021702,KENMORE,WA,0.20007318635074559,0.24731182795698925,0.24561403508771928,0.20536292935839273
98028,53033022101,KENMORE,WA,0.18314884274082885,0.053763440860215055,0.21169590643274855,0.17927738172391444
98028,53033021500,KENMORE,WA,0.03110419906687403,0.043010752688172046,0.007017543859649123,0.029974076474400518
98028,53033021600,KENMORE,WA,0.2714298783276919,0.6290322580645161,0.18362573099415205,0.28151328580686974
98028,53033021701,KENMORE,WA,0.14472600859939622,0.016129032258064516,0.3087719298245614,0.15027543745949448
98028,53061051918,KENMORE,WA,0.0002744488152959473,0.0,0.0,0.00024303305249513934
98028,53061051914,KENMORE,WA,0.0005488976305918946,0.0,0.0,0.0004860661049902787
98029,53033032219,ISSAQUAH,WA,0.1659544712920519,0.3873239436619718,0.140625,0.1698796070610828
98029,53033032218,ISSAQUAH,WA,0.09432056561261751,0.05985915492957746,0.07552083333333333,0.0930644803899845
98029,53033032213,ISSAQUAH,WA,0.001709268899075441,0.0035211267605633804,0.0,0.001698796070610828
98029,53033032222,ISSAQUAH,WA,0.11545334472845933,0.017605633802816902,0.018229166666666668,0.11064332668587044
98029,53033032221,ISSAQUAH,WA,0.12469893559164012,0.03169014084507042,0.06510416666666667,0.12105768520570205
98029,53033032220,ISSAQUAH,WA,0.29143034729236267,0.3274647887323944,0.5833333333333334,0.3004653224019499
98029,53033032211,ISSAQUAH,WA,0.08359878797296247,0.017605633802816902,0.109375,0.08294556466504173
98029,53033032223,ISSAQUAH,WA,0.12283427861083054,0.15492957746478872,0.0078125,0.12024521751975774
98030,53033029203,KENT,WA,0.043131500031902,0.05547226386806597,0.06343283582089553,0.04485412359292442
98030,53033029702,KENT,WA,0.09953423084285076,0.07646176911544228,0.1166044776119403,0.09970135538708937
98030,53033029604,KENT,WA,0.07503349709691827,0.05247376311844078,0.036380597014925374,0.07178957041121066
98030,53033029507,KENT,WA,0.06935494161934537,0.08695652173913043,0.008395522388059701,0.06627613140362969
98030,53033029603,KENT,WA,0.08115868053340139,0.06146926536731634,0.04664179104477612,0.0782793475763841
98030,53033029504,KENT,WA,0.17463153193389908,0.2098950524737631,0.37593283582089554,0.18837583275901676
98030,53033029602,KENT,WA,0.019268806227269827,0.0,0.0,0.017344360211348494
98030,53033029505,KENT,WA,0.14081541504498182,0.14842578710644677,0.13899253731343283,0.14099471628761773
98030,53033031704,KENT,WA,0.0031263957123715946,0.0014992503748125937,0.0,0.0028715828164484264
98030,53033029701,KENT,WA,0.07815989280928987,0.020989505247376312,0.0457089552238806,0.07397197335171146
98030,53033029506,KENT,WA,0.13500925157914886,0.2818590704647676,0.1669776119402985,0.14260280266482886
98030,53033029508,KENT,WA,0.0807758565686212,0.004497751124437781,0.0009328358208955224,0.07293820353779003
98031,53033029206,KENT,WA,0.0011085109003571869,0.375,0.012658227848101266,0.012875043108403265
98031,53033029407,KENT,WA,0.10943465944081783,0.16098484848484848,0.19462025316455697,0.11409357397402001
98031,53033029403,KENT,WA,0.1380711910333785,0.07575757575757576,0.19145569620253164,0.1381193240602368
98031,53033029305,KENT,WA,0.07599458061337604,0.03409090909090909,0.04113924050632911,0.0734567191631222
98031,53033029408,KENT,WA,0.12612390688508437,0.026515151515151516,0.20727848101265822,0.12604897114610875
98031,53033029508,KENT,WA,0.005049882990516073,0.003787878787878788,0.0031645569620253164,0.004943096907690539
98031,53033029203,KENT,WA,0.0006774233279960586,0.001893939393939394,0.0,0.0006897344522358892
98031,53033029208,KENT,WA,0.12624707476290184,0.13636363636363635,0.20727848101265822,0.1294976434072882
98031,53033029306,KENT,WA,0.1029683458554009,0.07954545454545454,0.06962025316455696,0.10104609725255777
98031,53033029405,KENT,WA,0.11941125754403252,0.005681818181818182,0.006329113924050633,0.11185193700425336
98031,53033029304,KENT,WA,6.15839389087326e-05,0.0,0.0,5.7477871019657434e-05
98031,53033029207,KENT,WA,0.0649710555487129,0.00946969696969697,0.0379746835443038,0.06230601218530866
98031,53033029308,KENT,WA,0.000615839389087326,0.0,0.0,0.0005747787101965744
98031,53033029505,KENT,WA,0.0009853430225397217,0.015151515151515152,0.0031645569620253164,0.0014944246465110932
98031,53033029504,KENT,WA,0.007882744180317773,0.03598484848484849,0.015822784810126583,0.009024025750086217
98031,53033029406,KENT,WA,0.10056657223796034,0.03787878787878788,0.00949367088607595,0.09535578802161168
98031,53033029307,KENT,WA,0.019830028328611898,0.001893939393939394,0.0,0.01856535233934935
98032,53033029203,KENT,WA,0.0846993006993007,0.08311063602351683,0.05085599194360524,0.08159979663602085
98032,53033029805,KENT,WA,0.0,0.0002672367717797969,0.0,4.2367495657331696e-05
98032,53033029003,KENT,WA,0.0,0.004543025120256547,0.0015105740181268882,0.0008473499131466339
98032,53033030008,KENT,WA,0.006825174825174825,0.0,0.0030211480362537764,0.005423039444138457
98032,53033029206,KENT,WA,0.1996083916083916,0.4730090860502405,0.23816717019133937,0.24619751726475447
98032,53033029208,KENT,WA,0.013258741258741259,0.008818813468733297,0.002014098690835851,0.011608693810108884
98032,53033029701,KENT,WA,0.06271328671328671,0.0956707642971673,0.08257804632426989,0.06960979536499598
98032,53033028300,KENT,WA,0.01588811188811189,0.07268840192410475,0.02920443101711984,0.02601364233360166
98032,53033029803,KENT,WA,0.0883916083916084,0.011758417958311064,0.07250755287009064,0.07490573232216244
98032,53033029804,KENT,WA,0.07675524475524476,0.00347407803313736,0.02920443101711984,0.06113629623352963
98032,53033030003,KENT,WA,0.030601398601398603,0.017370390165686797,0.06696878147029205,0.03156378426471211
98032,53033029102,KENT,WA,0.09924475524475525,0.01122394441475147,0.020644511581067473,0.07867643943566496
98032,53033029806,KENT,WA,0.0036363636363636364,0.0002672367717797969,0.0005035246727089627,0.0028386222090412234
98032,53033029205,KENT,WA,0.15625174825174826,0.01870657402458578,0.21198388721047332,0.1391348557386773
98032,53033029004,KENT,WA,0.0805034965034965,0.05772314270443613,0.11732124874118832,0.07998983180104224
98032,53033030501,KENT,WA,0.0012867132867132867,0.0002672367717797969,0.0,0.0010168198957759608
98032,53033029702,KENT,WA,0.002909090909090909,0.138161411010155,0.028197381671701913,0.02647968478583231
98032,53033029101,KENT,WA,0.07742657342657343,0.002939604489577766,0.045317220543806644,0.06291573105113757
98033,53033021903,KIRKLAND,WA,0.0,0.0005452562704471102,0.0,3.9502271380604385e-05
98033,53033022703,KIRKLAND,WA,0.05211392346058826,0.014176663031624863,0.028106508875739646,0.047442227928105866
98033,53033022606,KIRKLAND,WA,0.004987647415279914,0.008724100327153763,0.002465483234714004,0.005056290736717361
98033,53033022605,KIRKLAND,WA,0.01594182631799748,0.0,0.004437869822485207,0.01386529725459214
98033,53033022604,KIRKLAND,WA,0.10991469724514054,0.10577971646673937,0.051775147928994084,0.10495753505826586
98033,53033022203,KIRKLAND,WA,0.00027968116347364006,0.0,0.0,0.0002370136282836263
98033,53033022401,KIRKLAND,WA,0.09509159558103762,0.03598691384950927,0.03698224852071006,0.08615445388109816
98033,53033022603,KIRKLAND,WA,0.11177923833496481,0.03925845147219193,0.051775147928994084,0.10171834880505629
98033,53033022402,KIRKLAND,WA,0.14482822915209995,0.15430752453653218,0.11637080867850098,0.1432352360260715
98033,53033022006,KIRKLAND,WA,0.03239640143569664,0.009814612868047983,0.004437869822485207,0.028520639936796367
98033,53033022701,KIRKLAND,WA,0.10310912226728197,0.16848418756815703,0.11834319526627218,0.1090657712818487
98033,53033022502,KIRKLAND,WA,0.16263459655992168,0.311886586695747,0.43047337278106507,0.19490420699190203
98033,53033022205,KIRKLAND,WA,0.0001864541089824267,0.0,0.0,0.00015800908552241754
98033,53033023701,KIRKLAND,WA,0.0,0.0005452562704471102,0.0004930966469428008,7.900454276120877e-05
98033,53033022702,KIRKLAND,WA,0.08017526686244349,0.05016357688113413,0.07199211045364892,0.07734544736322338
98033,53033022501,KIRKLAND,WA,0.08558243602293386,0.10032715376226826,0.08234714003944774,0.08639146750938179
98033,53033022005,KIRKLAND,WA,0.0009788840721577402,0.0,0.0,0.0008295476989926921
98034,53033022204,KIRKLAND,WA,0.059325982295387485,0.027559055118110236,0.03270016830968983,0.054481321147987816
98034,53033022201,KIRKLAND,WA,0.07241031216027334,0.04566929133858268,0.025727338302476557,0.06509539842873176
98034,53033022203,KIRKLAND,WA,0.08926075477558627,0.01653543307086614,0.021158932435681656,0.07721661054994389
98034,53033022101,KIRKLAND,WA,0.002407206087901848,0.0,0.0,0.001988135321468655
98034,53033022401,KIRKLAND,WA,0.0,0.0007874015748031496,0.0,3.20666987333654e-05
98034,53033022300,KIRKLAND,WA,0.05167727908060258,0.0007874015748031496,0.0045684058667949026,0.043322109988776655
98034,53033021904,KIRKLAND,WA,0.08751358906662525,0.1094488188976378,0.14859341187785524,0.09655282988616322
98034,53033022006,KIRKLAND,WA,0.0671299891287467,0.06141732283464567,0.09786006251502766,0.070995670995671
98034,53033022603,KIRKLAND,WA,0.019063519179996893,0.02204724409448819,0.02716999278672758,0.020266153599486934
98034,53033021906,KIRKLAND,WA,0.023761453641869854,0.011023622047244094,0.1228660735753787,0.03645983645983646
98034,53033022605,KIRKLAND,WA,0.027838173629445566,0.011023622047244094,0.055542197643664346,0.030848164181497516
98034,53033022102,KIRKLAND,WA,0.00279546513433763,0.0,0.004808848280836739,0.0029501362834696166
98034,53033022501,KIRKLAND,WA,0.0,0.0007874015748031496,0.0,3.20666987333654e-05
98034,53033021903,KIRKLAND,WA,0.17828855412331107,0.3921259842519685,0.14666987256552055,0.1827801827801828
98034,53033021905,KIRKLAND,WA,0.02469327535331573,0.006299212598425197,0.004808848280836739,0.021292287958954624
98034,53033022005,KIRKLAND,WA,0.10599471967696847,0.1952755905511811,0.08535705698485213,0.10687830687830688
98034,53033022003,KIRKLAND,WA,0.08126261841900917,0.03858267716535433,0.0721327242125511,0.07830687830687831
98034,53033022001,KIRKLAND,WA,0.00625097064761609,0.0,0.0,0.0051627384960718295
98034,53033022205,KIRKLAND,WA,0.10032613759900606,0.06062992125984252,0.15003606636210629,0.10533910533910534
98035,53033029701,KENT,WA,1.0,1.0,1.0,1.0
98036,53061051302,LYNNWOOD,WA,0.00031570639305445933,0.0,0.0,0.0002632964718272775
98036,53061051500,LYNNWOOD,WA,0.12722967640094712,0.13230900554844216,0.19652777777777777,0.13213094611198878
98036,53061050300,LYNNWOOD,WA,0.0,0.0008536064874093043,0.0,8.77654906090925e-05
98036,53061051402,LYNNWOOD,WA,0.14517232307287556,0.24583866837387963,0.21597222222222223,0.15999648938037564
98036,53061051922,LYNNWOOD,WA,0.022099447513812154,0.0004268032437046522,0.011111111111111112,0.01917675969808671
98036,53061051916,LYNNWOOD,WA,0.010260457774269928,0.0,0.001388888888888889,0.008644900824995612
98036,53061051802,LYNNWOOD,WA,0.020678768745067088,0.051643192488262914,0.027777777777777776,0.024311040898718623
98036,53061051701,LYNNWOOD,WA,0.036464088397790057,0.03798548868971404,0.02847222222222222,0.03611549938564156
98036,53061051930,LYNNWOOD,WA,0.09581689029202842,0.11907810499359796,0.0763888888888889,0.09698086712304722
98036,53061051927,LYNNWOOD,WA,0.0053143909497500655,0.0,0.0020833333333333333,0.004563805511672811
98036,53061051914,LYNNWOOD,WA,0.06750855038147856,0.00597524541186513,0.002777777777777778,0.05709145164121467
98036,53061051931,LYNNWOOD,WA,0.07713759536963957,0.0012804097311139564,0.009027777777777777,0.06503422854133754
98036,53061051929,LYNNWOOD,WA,0.08866087871612734,0.014511310285958173,0.04861111111111111,0.07850623134983324
98036,53061051702,LYNNWOOD,WA,0.06419363325440673,0.2390098164746052,0.09791666666666667,0.08429875373003336
98036,53061051932,LYNNWOOD,WA,0.028360957642725598,0.0,0.0,0.02365279971915043
98036,53033021500,LYNNWOOD,WA,0.00010523546435148645,0.0,0.0,8.77654906090925e-05
98036,53061051301,LYNNWOOD,WA,0.00026308866087871614,0.0,0.0,0.00021941372652273125
98036,53061051913,LYNNWOOD,WA,0.08755590634043672,0.005548442168160478,0.010416666666666666,0.07424960505529225
98036,53061051000,LYNNWOOD,WA,5.2617732175743226e-05,0.002134016218523261,0.001388888888888889,0.00035106196243637
98036,53061051401,LYNNWOOD,WA,0.12280978689818468,0.14340588988476313,0.2701388888888889,0.13423731788660698
98037,53061050200,LYNNWOOD,WA,0.00864141869552149,0.0017050298380221654,0.0,0.007627118644067797
98037,53061050101,LYNNWOOD,WA,0.0006762849413886385,0.0,0.0,0.0005867014341590613
98037,53061051701,LYNNWOOD,WA,0.14540126239855725,0.1577152600170503,0.32945285215366704,0.15664928292046937
98037,53061051702,LYNNWOOD,WA,0.10617673579801623,0.11935208866155157,0.12572759022118743,0.10827900912646675
98037,53061051602,LYNNWOOD,WA,0.11759843703035767,0.0443307757885763,0.1280558789289872,0.11258148631029986
98037,53061051601,LYNNWOOD,WA,0.12834385332131049,0.2566069906223359,0.20139697322467986,0.14224250325945242
98037,53061051927,LYNNWOOD,WA,0.05372708145476405,0.0017050298380221654,0.0,0.046740547588005214
98037,53061051500,LYNNWOOD,WA,0.009618274721971746,0.0196078431372549,0.006984866123399301,0.010234680573663625
98037,53061051928,LYNNWOOD,WA,0.17883979561166216,0.056265984654731455,0.03841676367869616,0.16160365058670143
98037,53061051802,LYNNWOOD,WA,0.25097685602645026,0.34271099744245526,0.16996507566938301,0.25345501955671446
98038,53033031605,MAPLE VALLEY,WA,0.00013507125008441954,0.0,0.0,0.00012674271229404308
98038,53033032006,MAPLE VALLEY,WA,0.05423110690889444,0.028290282902829027,0.01875,0.05253485424588086
98038,53033031604,MAPLE VALLEY,WA,0.14601202134125751,0.06273062730627306,0.0375,0.1406210392902408
98038,53033032007,MAPLE VALLEY,WA,0.12467076382791922,0.41205412054120544,0.10625,0.13929024081115335
98038,53033032010,MAPLE VALLEY,WA,0.18984264199365164,0.27552275522755226,0.44375,0.19683143219264893
98038,53033031800,MAPLE VALLEY,WA,0.0002026068751266293,0.0,0.0,0.00019011406844106463
98038,53033032011,MAPLE VALLEY,WA,0.1079219288174512,0.09471094710947109,0.10625,0.10722433460076046
98038,53033032005,MAPLE VALLEY,WA,0.009454987505909368,0.0012300123001230013,0.0,0.008935361216730038
98038,53033032002,MAPLE VALLEY,WA,0.0636185587897616,0.028290282902829027,0.03125,0.0614702154626109
98038,53033032003,MAPLE VALLEY,WA,0.12737218882960763,0.02952029520295203,0.01875,0.12122940430925222
98038,53033032008,MAPLE VALLEY,WA,0.10920510569325319,0.0012300123001230013,0.18125,0.1043726235741445
98038,53033031904,MAPLE VALLEY,WA,0.010738164381711353,0.006150061500615006,0.0125,0.010519645120405577
98038,53033031603,MAPLE VALLEY,WA,0.056527318160329576,0.06027060270602706,0.04375,0.05659062103929024
98038,53033031705,MAPLE VALLEY,WA,6.753562504220977e-05,0.0,0.0,6.337135614702154e-05
98039,53033024002,MEDINA,WA,0.004216867469879518,0.0,0.0,0.003923766816143498
98039,53033024100,MEDINA,WA,0.005421686746987952,0.0,0.0,0.005044843049327354
98039,53033024200,MEDINA,WA,0.9903614457831326,1.0,1.0,0.9910313901345291
98040,53033024602,MERCER ISLAND,WA,0.11196013289036545,0.0292772186642269,0.04047619047619048,0.1030768095624585
98040,53033024601,MERCER ISLAND,WA,0.14509966777408637,0.008234217749313814,0.004761904761904762,0.12971297867630782
98040,53033024301,MERCER ISLAND,WA,0.3304817275747508,0.8664226898444648,0.5404761904761904,0.3802110233896554
98040,53033024400,MERCER ISLAND,WA,0.12117940199335549,0.0686184812442818,0.3547619047619048,0.12417914852800117
98040,53033024302,MERCER ISLAND,WA,0.13156146179401992,0.006404391582799634,0.04523809523809524,0.11879288718364937
98040,53033024500,MERCER ISLAND,WA,0.15971760797342194,0.021043000914913082,0.014285714285714285,0.1440271526599277
98041,53033021804,BOTHELL,WA,1.0,1.0,1.0,1.0
98042,53033031604,KENT,WA,0.00019887634863023914,0.0012391573729863693,0.003875968992248062,0.0002833128718481443
98042,53033031704,KENT,WA,0.10391289215929995,0.08798017348203221,0.1124031007751938,0.10340919822457267
98042,53033029406,KENT,WA,0.0039278078854472235,0.0,0.011627906976744186,0.003871942581924639
98042,53033031709,KENT,WA,0.05792273653855715,0.0161090458488228,0.0,0.055623760506185664
98042,53033031800,KENT,WA,0.07487694525928504,0.048327137546468404,0.06201550387596899,0.0737085654924922
98042,53033031708,KENT,WA,0.08327947098891264,0.02973977695167286,0.1744186046511628,0.0823496080838606
98042,53033031707,KENT,WA,0.06607666683239696,0.0161090458488228,0.01937984496124031,0.06360373972990839
98042,53033029508,KENT,WA,0.0002485954357877989,0.0037174721189591076,0.0,0.00037775049579752575
98042,53033031710,KENT,WA,0.16790135733107941,0.6381660470879802,0.375968992248062,0.18835584096704128
98042,53033031204,KENT,WA,0.02789240789539104,0.011152416356877323,0.007751937984496124,0.02700916044952309
98042,53033032007,KENT,WA,0.03460448466166161,0.0024783147459727386,0.003875968992248062,0.033005949570308814
98042,53033032008,KENT,WA,0.0,0.0,0.007751937984496124,9.443762394938144e-05
98042,53033032006,KENT,WA,0.06518172326356088,0.03345724907063197,0.05813953488372093,0.06388705260175653
98042,53033031705,KENT,WA,0.0777606523144235,0.01982651796778191,0.050387596899224806,0.07521956747568231
98042,53033029405,KENT,WA,0.0004971908715755978,0.0012391573729863693,0.003875968992248062,0.0005666257436962887
98042,53033029507,KENT,WA,0.00019887634863023914,0.0,0.0,0.00018887524789876287
98042,53033031605,KENT,WA,0.005966290458907174,0.0012391573729863693,0.0,0.005713476248937577
98042,53033031601,KENT,WA,0.09923929796648934,0.03345724907063197,0.05813953488372093,0.09623193880441969
98042,53033032005,KENT,WA,0.11470193407249044,0.05204460966542751,0.04263565891472868,0.11143639626027009
98042,53033029307,KENT,WA,0.015512355193158654,0.0024783147459727386,0.007751937984496124,0.014921144584002266
98042,53033029604,KENT,WA,0.0,0.0012391573729863693,0.0,4.721881197469072e-05
98042,53033031207,KENT,WA,9.943817431511957e-05,0.0,0.0,9.443762394938144e-05
98043,53033020402,MOUNTLAKE TERRACE,WA,0.0021457225487452186,0.0,0.001702127659574468,0.0019747235387045812
98043,53061051302,MOUNTLAKE TERRACE,WA,0.14581584102994682,0.06266318537859007,0.11063829787234042,0.13751974723538704
98043,53061051301,MOUNTLAKE TERRACE,WA,0.15234630096091054,0.03263707571801567,0.14468085106382977,0.144391785150079
98043,53061051000,MOUNTLAKE TERRACE,WA,0.18984979942158783,0.4595300261096606,0.4451063829787234,0.22985781990521326
98043,53061051929,MOUNTLAKE TERRACE,WA,0.017072488105233697,0.024804177545691905,0.03234042553191489,0.018957345971563982
98043,53061051200,MOUNTLAKE TERRACE,WA,0.17809497154585316,0.037859007832898174,0.18808510638297873,0.17053712480252764
98043,53061051401,MOUNTLAKE TERRACE,WA,0.0,0.0013054830287206266,0.0,7.898894154818325e-05
98043,53061051100,MOUNTLAKE TERRACE,WA,0.31467487638772274,0.381201044386423,0.0774468085106383,0.2966824644549763
98045,53033032703,NORTH BEND,WA,0.000952683391552874,0.003205128205128205,0.0,0.0010712894429294898
98045,53033032800,NORTH BEND,WA,0.05896051656610564,0.003205128205128205,0.0,0.05444098169068952
98045,53033032706,NORTH BEND,WA,0.12734201333756748,0.03205128205128205,0.04060913705583756,0.11988702765874562
98045,53033032704,NORTH BEND,WA,0.6619032497089022,0.9551282051282052,0.9593908629441624,0.6854304635761589
98045,53033032705,NORTH BEND,WA,0.15084153699587172,0.00641025641025641,0.0,0.13917023763147643
98046,53061051500,LYNNWOOD,WA,1.0,1.0,1.0,1.0
98047,53033030902,PACIFIC,WA,0.8731045490822027,0.044444444444444446,0.6951871657754011,0.7863651704353696
98047,53053073301,PACIFIC,WA,0.02154828411811652,0.7,0.1657754010695187,0.09247384407694904
98047,53033030404,PACIFIC,WA,0.0,0.040740740740740744,0.0,0.003712453594330071
98047,53033030901,PACIFIC,WA,0.10335195530726257,0.1962962962962963,0.13903743315508021,0.114073574080324
98047,53033030501,PACIFIC,WA,0.0,0.003703703703703704,0.0,0.0003374957813027337
98047,53033030801,PACIFIC,WA,0.0019952114924181963,0.014814814814814815,0.0,0.0030374620317246033
98050,53033032221,PRESTON,WA,1.0,1.0,1.0,1.0
98051,53033031501,RAVENSDALE,WA,0.5026178010471204,0.10526315789473684,0.7,0.4859992328346759
98051,53033032010,RAVENSDALE,WA,0.00684655658477648,0.008771929824561403,0.0,0.006904487917146145
98051,53033031603,RAVENSDALE,WA,0.47321788159484496,0.8859649122807017,0.3,0.49060222477944
98051,53033032003,RAVENSDALE,WA,0.017317760773258157,0.0,0.0,0.016494054468738015
98052,53033032324,REDMOND,WA,0.05661647387315517,0.00686641697877653,0.09937128885784142,0.05835814200073407
98052,53033022802,REDMOND,WA,0.052577782209812525,0.011860174781523096,0.029165211316800558,0.047184046327637535
98052,53033021904,REDMOND,WA,0.0,0.0006242197253433209,0.0,4.0781371069695365e-05
98052,53033032333,REDMOND,WA,0.0007229756681292382,0.0,0.0034928396786587496,0.0009991435912075363
98052,53033023702,REDMOND,WA,0.0,0.00031210986267166043,0.0,2.0390685534847682e-05
98052,53033032316,REDMOND,WA,7.479058635819704e-05,0.0,0.0,6.117205660454305e-05
98052,53033032313,REDMOND,WA,0.11268448344635022,0.1560549313358302,0.14373035277680754,0.119142775580115
98052,53033032325,REDMOND,WA,0.07080175508575987,0.007802746566791511,0.18442193503318197,0.07995187798213776
98052,53033032331,REDMOND,WA,0.14459513362584764,0.28214731585518105,0.04959832343695424,0.1424901105175156
98052,53033022606,REDMOND,WA,0.06033107299561229,0.004369538077403246,0.02759343346140412,0.05285265690632519
98052,53033032323,REDMOND,WA,0.05477163940965297,0.006242197253433208,0.04872511351728956,0.050895151094979815
98052,53033022803,REDMOND,WA,0.1513512165935381,0.1875780274656679,0.15735242752357667,0.1544186615554015
98052,53033032321,REDMOND,WA,0.05661647387315517,0.010611735330836454,0.002968913726859937,0.04734717181191632
98052,53033022902,REDMOND,WA,0.06823394495412843,0.006242197253433208,0.056933286762137617,0.0628644835039354
98052,53033032326,REDMOND,WA,0.008226964499401676,0.001560549313358302,0.0012224938875305623,0.006973614452917907
98052,53033023000,REDMOND,WA,2.4930195452732348e-05,0.0,0.0,2.0390685534847682e-05
98052,53033032322,REDMOND,WA,0.02036796968488233,0.0006242197253433209,0.0006985679357317499,0.01678153419517964
98052,53033032330,REDMOND,WA,0.09316414040686079,0.25780274656679153,0.08732099196646874,0.10323804086293381
98052,53033022605,REDMOND,WA,0.048838252891902675,0.05930087390761548,0.10740482011875654,0.05635985481831899
98053,53033032333,REDMOND,WA,0.18131615278416935,0.1,0.3724137931034483,0.18285777728433442
98053,53033032326,REDMOND,WA,0.017142199723884033,0.0058823529411764705,0.013793103448275862,0.016875763295214834
98053,53033032332,REDMOND,WA,0.20950299125632765,0.2823529411764706,0.42758620689655175,0.21438880870434107
98053,53033032315,REDMOND,WA,0.21571560055223193,0.07647058823529412,0.04827586206896552,0.21039191739757965
98053,53033032328,REDMOND,WA,0.1252876208007363,0.11764705882352941,0.006896551724137931,0.12323748195847674
98053,53033032318,REDMOND,WA,0.006327657616198803,0.01764705882352941,0.0,0.0064394359942267125
98053,53033032327,REDMOND,WA,0.20213989875747815,0.25882352941176473,0.1310344827586207,0.2020650605084934
98053,53033032313,REDMOND,WA,0.03198343304187759,0.08823529411764706,0.0,0.03253025424669701
98053,53033032316,REDMOND,WA,0.0021859180855959503,0.01764705882352941,0.0,0.002442544687465305
98053,53033032500,REDMOND,WA,0.0010354348826507134,0.0,0.0,0.000999222826690352
98053,53033032215,REDMOND,WA,0.007363092498849517,0.03529411764705882,0.0,0.007771733096480515
98055,53033025704,RENTON,WA,0.01286593324631736,0.0,0.0,0.011784799316823228
98055,53033029309,RENTON,WA,0.2325191124370688,0.36185819070904646,0.46608695652173915,0.24850555081127243
98055,53033029305,RENTON,WA,0.04652246876748089,0.029339853300733496,0.022608695652173914,0.04474807856532878
98055,53033029308,RENTON,WA,0.11178444900242401,0.06601466992665037,0.04521739130434783,0.10691716481639624
98055,53033025703,RENTON,WA,0.1776990490397166,0.08557457212713937,0.24869565217391304,0.17796754910333049
98055,53033025806,RENTON,WA,0.19065821368636957,0.38386308068459657,0.09565217391304348,0.19274124679760887
98055,53033025805,RENTON,WA,0.2279507738206228,0.07334963325183375,0.12173913043478261,0.21733561058923997
98056,53033025402,RENTON,WA,0.09050849423088073,0.012129380053908356,0.047619047619047616,0.08500602693779152
98056,53033025401,RENTON,WA,0.12425349336116426,0.09299191374663072,0.1346153846153846,0.1236308369582307
98056,53033025101,RENTON,WA,0.00023192439264799674,0.0,0.0,0.00020963261883549081
98056,53033025304,RENTON,WA,0.0995535455441526,0.02830188679245283,0.21978021978021978,0.1036633300141502
98056,53033025500,RENTON,WA,0.13312460137995014,0.1792452830188679,0.0521978021978022,0.13028667260625754
98056,53033024703,RENTON,WA,0.1134110280048704,0.05256064690026954,0.04212454212454213,0.10696504376080918
98056,53033025201,RENTON,WA,0.08731953383197077,0.0013477088948787063,0.10714285714285714,0.08511084324720927
98056,53033025202,RENTON,WA,0.11509247985156838,0.04851752021563342,0.12728937728937728,0.11320161417116503
98056,53033025103,RENTON,WA,0.0427320693453934,0.46765498652291104,0.0009157509157509158,0.05686284785912688
98056,53033025302,RENTON,WA,0.029454397866295588,0.03099730458221024,0.015567765567765568,0.02871966878046224
98056,53033025001,RENTON,WA,0.06180785064069114,0.025606469002695417,0.04212454212454213,0.059273622975735026
98056,53033025601,RENTON,WA,0.06534469762857309,0.0431266846361186,0.1987179487179487,0.07211362087940884
98056,53033024704,RENTON,WA,0.03716588392184148,0.01752021563342318,0.011904761904761904,0.03495623919081809
98057,53033025601,RENTON,WA,0.0,0.0008281573498964803,0.0,0.0001720282126268708
98057,53033025303,RENTON,WA,0.20895878008101024,0.15693581780538302,0.20807833537331702,0.19809048683984173
98057,53033025704,RENTON,WA,0.08053371455801764,0.008281573498964804,0.1175030599755202,0.06812317220024083
98057,53033025302,RENTON,WA,0.4660471765546819,0.44472049689440996,0.36474908200734396,0.45449853776019267
98057,53033026003,RENTON,WA,0.13128425065522992,0.006211180124223602,0.03916768665850673,0.09883020815413728
98057,53033026200,RENTON,WA,0.014415058375029783,0.35113871635610766,0.2141982864137087,0.0984001376225701
98057,53033026004,RENTON,WA,0.0987610197760305,0.03188405797101449,0.056303549571603426,0.0818854292103905
98058,53033025702,RENTON,WA,0.07997537497201701,0.0057692307692307696,0.003355704697986577,0.07442174048335234
98058,53033031912,RENTON,WA,0.0005036937541974479,0.0,0.0,0.00046675656052276734
98058,53033029308,RENTON,WA,0.0019028430714125811,0.0019230769230769232,0.0,0.0018151644020329841
98058,53033031904,RENTON,WA,0.0020147750167897917,0.0057692307692307696,0.0011185682326621924,0.0020744736023234106
98058,53033029304,RENTON,WA,0.12228565032460265,0.01730769230769231,0.013422818791946308,0.11440721916813608
98058,53033031908,RENTON,WA,0.1114282516230132,0.17307692307692307,0.6051454138702461,0.13598174463229956
98058,53033031909,RENTON,WA,0.06430490261920752,0.0673076923076923,0.0436241610738255,0.06342703039103828
98058,53033025704,RENTON,WA,0.03145287665099619,0.0038461538461538464,0.09955257270693513,0.03386578155792967
98058,53033032002,RENTON,WA,0.012032684128050145,0.0,0.0011185682326621924,0.011202157452546416
98058,53033025804,RENTON,WA,0.07852025968211328,0.023076923076923078,0.026845637583892617,0.07462918784358469
98058,53033031913,RENTON,WA,0.00755540631296172,0.0057692307692307696,0.007829977628635347,0.007519966808422363
98058,53033031911,RENTON,WA,0.07807253190060444,0.0038461538461538464,0.0,0.07245099056114511
98058,53033025602,RENTON,WA,0.010073875083948958,0.01730769230769231,0.0022371364653243847,0.009905611451094285
98058,53033025805,RENTON,WA,0.0022946048802328185,0.007692307692307693,0.005592841163310962,0.002593092002904263
98058,53033031910,RENTON,WA,0.09749272442355048,0.04423076923076923,0.0145413870246085,0.0922103516232756
98058,53033029307,RENTON,WA,0.044381016342064025,0.007692307692307693,0.0,0.04133388652629395
98058,53033025803,RENTON,WA,0.1535146630848444,0.5961538461538461,0.16778523489932887,0.1661134737060471
98058,53033031906,RENTON,WA,0.07941571524513096,0.011538461538461539,0.003355704697986577,0.07405870760294575
98058,53033031800,RENTON,WA,0.01880456682337139,0.007692307692307693,0.0022371364653243847,0.01773674929986516
98058,53033032007,RENTON,WA,0.0039735840608909785,0.0,0.0022371364653243847,0.003785914324240224
98059,53033031904,RENTON,WA,0.05887978958694483,0.00847457627118644,0.006864988558352402,0.05656392694063927
98059,53033025103,RENTON,WA,0.11602606252615219,0.1864406779661017,0.13501144164759726,0.11792237442922375
98059,53033025001,RENTON,WA,0.014585450415446231,0.06779661016949153,0.006864988558352402,0.015468036529680365
98059,53033031912,RENTON,WA,0.08542052722816666,0.08192090395480225,0.034324942791762014,0.08407534246575342
98059,53033025500,RENTON,WA,0.012194392970291111,0.005649717514124294,0.016018306636155607,0.012157534246575343
98059,53033025101,RENTON,WA,0.13623049793771294,0.23163841807909605,0.2562929061784897,0.14115296803652969
98059,53033031910,RENTON,WA,0.00059776436128878,0.0,0.0,0.0005707762557077625
98059,53033025702,RENTON,WA,0.0017335166477374618,0.0,0.0,0.0016552511415525114
98059,53033025006,RENTON,WA,0.01643851993544145,0.00847457627118644,0.0,0.015867579908675798
98059,53033025601,RENTON,WA,0.05547253272759878,0.04519774011299435,0.043478260869565216,0.05496575342465754
98059,53033025104,RENTON,WA,0.0931914639249208,0.0423728813559322,0.018306636155606407,0.09029680365296804
98059,53033025005,RENTON,WA,0.1896706318369299,0.192090395480226,0.34096109839816935,0.1934931506849315
98059,53033024701,RENTON,WA,0.000239105744515512,0.0,0.0,0.00022831050228310502
98059,53033031913,RENTON,WA,0.07155239404626697,0.011299435028248588,0.006864988558352402,0.06872146118721462
98059,53033025602,RENTON,WA,0.14011596628609002,0.11299435028248588,0.12128146453089245,0.13909817351598175
98059,53033025202,RENTON,WA,0.007651383824496384,0.005649717514124294,0.013729977116704805,0.007762557077625571
98061,53035090700,ROLLINGBAY,WA,1.0,1.0,1.0,1.0
98062,53033027800,SEAHURST,WA,1.0,1.0,1.0,1.0
98063,53033030314,FEDERAL WAY,WA,1.0,1.0,1.0,1.0
98064,53033029407,KENT,WA,1.0,1.0,1.0,1.0
98065,53033032705,SNOQUALMIE,WA,0.003318903318903319,0.0,0.0,0.002926953423262917
98065,53033032604,SNOQUALMIE,WA,0.30043290043290044,0.3103448275862069,0.13793103448275862,0.28951387121404937
98065,53033032601,SNOQUALMIE,WA,0.008225108225108226,0.0,0.0,0.007253754135912446
98065,53033032800,SNOQUALMIE,WA,0.05036075036075036,0.010610079575596816,0.0018148820326678765,0.04504963094935098
98065,53033032605,SNOQUALMIE,WA,0.18888888888888888,0.1909814323607427,0.23411978221415608,0.19216085517943496
98065,53033032603,SNOQUALMIE,WA,0.16132756132756132,0.005305039787798408,0.041742286751361164,0.145456859251718
98065,53033032703,SNOQUALMIE,WA,0.28744588744588745,0.4827586206896552,0.5843920145190563,0.3176380758462713
98068,53037975101,SNOQUALMIE PASS,WA,0.0,0.0,0.7411764705882353,0.7411764705882353
98068,53033032706,SNOQUALMIE PASS,WA,0.0,0.0,0.25882352941176473,0.25882352941176473
98070,53033027701,VASHON,WA,0.6216364634816035,0.944337811900192,0.9395604395604396,0.6499311380994115
98070,53033027702,VASHON,WA,0.3783635365183965,0.05566218809980806,0.06043956043956044,0.35006886190058845
98071,53033030501,AUBURN,WA,1.0,1.0,1.0,1.0
98072,53033032320,WOODINVILLE,WA,0.1256965944272446,0.03326039387308534,0.054279749478079335,0.11004845702626881
98072,53061052107,WOODINVILLE,WA,0.017105263157894738,0.001312910284463895,0.008350730688935281,0.014537107880642693
98072,53033021905,WOODINVILLE,WA,0.003947368421052632,0.001312910284463895,0.006263048016701462,0.0036342769701606732
98072,53033032319,WOODINVILLE,WA,0.42546439628482974,0.7242888402625821,0.6179540709812108,0.47487885743432795
98072,53061051926,WOODINVILLE,WA,0.03777089783281734,0.030196936542669583,0.04592901878914405,0.036916602907421575
98072,53061051912,WOODINVILLE,WA,0.03784829721362229,0.04901531728665208,0.060542797494780795,0.04016832440703902
98072,53033021906,WOODINVILLE,WA,0.09791021671826626,0.11334792122538294,0.13778705636743216,0.10137719969395563
98072,53033021904,WOODINVILLE,WA,0.00015479876160990713,0.0,0.0,0.00012751849018107625
98072,53033032321,WOODINVILLE,WA,0.03359133126934984,0.01050328227571116,0.018789144050104383,0.029775567457281306
98072,53061052108,WOODINVILLE,WA,0.00030959752321981426,0.001312910284463895,0.0,0.0004463147156337669
98072,53033032311,WOODINVILLE,WA,7.739938080495357e-05,0.0,0.0,6.375924509053813e-05
98072,53033032322,WOODINVILLE,WA,0.02786377708978328,0.001312910284463895,0.008350730688935281,0.02339964294822749
98072,53061051938,WOODINVILLE,WA,0.00046439628482972134,0.0,0.0,0.00038255547054322876
98072,53033032326,WOODINVILLE,WA,0.0,0.00787746170678337,0.0020876826722338203,0.0012114256567202243
98072,53033032307,WOODINVILLE,WA,0.10263157894736842,0.0056892778993435445,0.020876826722338204,0.08601122162713594
98072,53033021802,WOODINVILLE,WA,0.0891640866873065,0.020568927789934355,0.018789144050104383,0.07702116806937005
98073,53033032331,REDMOND,WA,0.00529500756429652,0.014742014742014743,0.5,0.008087810514153668
98073,53033032313,REDMOND,WA,0.9947049924357034,0.9852579852579852,0.5,0.9919121894858464
98074,53033032318,SAMMAMISH,WA,0.2077500695281357,0.22699386503067484,0.6057692307692307,0.2154507976339846
98074,53033032317,SAMMAMISH,WA,0.21794752943357745,0.08588957055214724,0.009615384615384616,0.21213479118121528
98074,53033032215,SAMMAMISH,WA,0.06470751830907574,0.03067484662576687,0.0,0.06300412260261695
98074,53033032216,SAMMAMISH,WA,0.1348845832947066,0.1901840490797546,0.12980769230769232,0.1355977773794587
98074,53033032316,SAMMAMISH,WA,0.17419115602113655,0.03680981595092025,0.052884615384615384,0.16992292525542213
98074,53033032217,SAMMAMISH,WA,0.06989895244275517,0.0,0.11057692307692307,0.06963613550815559
98074,53033032224,SAMMAMISH,WA,0.009363122276814684,0.0,0.009615384615384616,0.009231044990141603
98074,53033032225,SAMMAMISH,WA,0.12125706869379808,0.4294478527607362,0.08173076923076923,0.1250224054490052
98075,53033032217,SAMMAMISH,WA,0.09385954992649553,0.010526315789473684,0.09285714285714286,0.09297202026878167
98075,53033032216,SAMMAMISH,WA,0.06219608730068981,0.021052631578947368,0.0,0.06080634500991408
98075,53033032211,SAMMAMISH,WA,0.08537826529458328,0.21052631578947367,0.37857142857142856,0.09120951751487112
98075,53033032218,SAMMAMISH,WA,0.15978740246522674,0.3684210526315789,0.24285714285714285,0.16325181758096496
98075,53033032213,SAMMAMISH,WA,0.17177428474499604,0.0,0.007142857142857143,0.16743776162150253
98075,53033032219,SAMMAMISH,WA,0.0012439217460137961,0.0,0.0,0.0012117206433135052
98075,53033032215,SAMMAMISH,WA,0.13694447585660974,0.010526315789473684,0.02142857142857143,0.1338400528750826
98075,53033032207,SAMMAMISH,WA,0.15074069885785368,0.25263157894736843,0.24285714285714285,0.1532275831680987
98075,53033032221,SAMMAMISH,WA,0.016962569263824494,0.021052631578947368,0.0,0.016743776162150253
98075,53033032224,SAMMAMISH,WA,0.12066040936333823,0.10526315789473684,0.014285714285714285,0.11885877946684292
98075,53033032225,SAMMAMISH,WA,0.00045233518036865317,0.0,0.0,0.0004406256884776382
98077,53061051912,WOODINVILLE,WA,0.07215637346641714,0.13333333333333333,0.0,0.07237113402061855
98077,53033032327,WOODINVILLE,WA,0.07090871283011022,0.03333333333333333,0.09090909090909091,0.07072164948453609
98077,53061052112,WOODINVILLE,WA,0.005406529423996673,0.0,0.0,0.0053608247422680414
98077,53033032307,WOODINVILLE,WA,0.21709295071740486,0.4666666666666667,0.18181818181818182,0.21855670103092784
98077,53061052113,WOODINVILLE,WA,0.0006238303181534623,0.0,0.0,0.0006185567010309278
98077,53033032311,WOODINVILLE,WA,0.445830734040341,0.23333333333333334,0.45454545454545453,0.4445360824742268
98077,53033032326,WOODINVILLE,WA,0.18798086920357662,0.13333333333333333,0.2727272727272727,0.18783505154639174
98082,53061041704,MILL CREEK,WA,1.0,1.0,1.0,1.0
98083,53033022502,KIRKLAND,WA,1.0,1.0,1.0,1.0
98087,53061051802,LYNNWOOD,WA,0.043033659991478485,0.08305647840531562,0.0379746835443038,0.044030146767155894
98087,53061042004,LYNNWOOD,WA,0.10630592245419684,0.16279069767441862,0.11265822784810127,0.10824077746925823
98087,53061051803,LYNNWOOD,WA,0.20052194290583725,0.16279069767441862,0.33164556962025316,0.2045319317731059
98087,53061041812,LYNNWOOD,WA,0.10774392841925863,0.053156146179401995,0.09873417721518987,0.10576160253867513
98087,53061041815,LYNNWOOD,WA,0.011397528760119301,0.0,0.002531645569620253,0.010710035700119
98087,53061051804,LYNNWOOD,WA,0.15072432893054963,0.07142857142857142,0.13291139240506328,0.14765965886552956
98087,53061041703,LYNNWOOD,WA,0.15178951853429912,0.07641196013289037,0.0620253164556962,0.1460234034113447
98087,53061042005,LYNNWOOD,WA,0.003035790370685982,0.0,0.002531645569620253,0.0029254264180880603
98087,53061050102,LYNNWOOD,WA,0.10428206220707285,0.1611295681063123,0.1240506329113924,0.10675327251090837
98087,53061041704,LYNNWOOD,WA,0.0052194290583723905,0.0,0.0,0.00485918286394288
98087,53061041901,LYNNWOOD,WA,0.010705155517682148,0.12624584717607973,0.0379746835443038,0.015222134073780246
98087,53061051928,LYNNWOOD,WA,0.005325948018747337,0.09302325581395349,0.027848101265822784,0.008825862752875844
98087,53061051601,LYNNWOOD,WA,0.0029292714103110354,0.0016611295681063123,0.005063291139240506,0.0029750099166997225
98087,53061041816,LYNNWOOD,WA,0.096985513421389,0.008305647840531562,0.024050632911392405,0.09148155493851647
98089,53033029004,KENT,WA,1.0,1.0,1.0,1.0
98092,53033031000,AUBURN,WA,0.09830601092896175,0.0859375,0.05333333333333334,0.09656284124590504
98092,53033031204,AUBURN,WA,0.10005464480874317,0.078125,0.011851851851851851,0.09666683999792003
98092,53053070316,AUBURN,WA,0.11442622950819673,0.20703125,0.46814814814814815,0.12807446310644272
98092,53053070315,AUBURN,WA,0.07032786885245902,0.01953125,0.09037037037037036,0.07035515573813114
98092,53033031207,AUBURN,WA,0.08382513661202186,0.07421875,0.023703703703703703,0.08158702095574853
98092,53033031102,AUBURN,WA,0.03579234972677595,0.078125,0.037037037037037035,0.036399563205241535
98092,53033029604,AUBURN,WA,0.004480874316939891,0.0,0.0,0.004263948832614009
98092,53033031601,AUBURN,WA,0.01092896174863388,0.015625,0.0014814814814814814,0.01065987208153502
98092,53033031101,AUBURN,WA,0.05546448087431694,0.04296875,0.057777777777777775,0.055379335447974624
98092,53033031605,AUBURN,WA,0.01726775956284153,0.01953125,0.005925925925925926,0.01689979720243357
98092,53033031202,AUBURN,WA,0.08573770491803279,0.25,0.08592592592592592,0.08793094482866205
98092,53053073301,AUBURN,WA,0.023497267759562842,0.00390625,0.03851851851851852,0.023763714835421976
98092,53033029702,AUBURN,WA,0.003551912568306011,0.0,0.0,0.003379959440486714
98092,53033030600,AUBURN,WA,0.0004918032786885246,0.00390625,0.0,0.0005199937600748791
98092,53033031206,AUBURN,WA,0.09857923497267759,0.0546875,0.045925925925925926,0.09614684623784514
98092,53033029602,AUBURN,WA,0.10568306010928961,0.02734375,0.005925925925925926,0.10113878633456398
98092,53033031208,AUBURN,WA,0.07830601092896175,0.0390625,0.07407407407407407,0.07763506837917945
98092,53033031603,AUBURN,WA,0.013278688524590163,0.0,0.0,0.012635848369819562
98093,53033030310,FEDERAL WAY,WA,1.0,1.0,1.0,1.0
98101,53033007202,SEATTLE,WA,0.05043829135939892,0.046561992420140766,0.021823850350740453,0.04780114722753346
98101,53033008002,SEATTLE,WA,0.06713510505078614,0.05711965349214943,0.034294621979735,0.0630458374244225
98101,53033008300,SEATTLE,WA,0.12439126200083483,0.015430427720628045,0.18472330475448168,0.10759133894889153
98101,53033008401,SEATTLE,WA,0.09030193404758592,0.004060638873849486,0.028838659392049885,0.06976383649423802
98101,53033008102,SEATTLE,WA,0.0864060108529289,0.3191662154845696,0.186282151208106,0.13746059635160973
98101,53033008402,SEATTLE,WA,0.021218867399471267,0.004331348132106118,0.006235385814497272,0.017001705338225415
98101,53033007302,SEATTLE,WA,0.17837762626965353,0.12587980508933405,0.2088854247856586,0.17037879179370574
98101,53033008101,SEATTLE,WA,0.17002921942395993,0.1464537087168381,0.12470771628994544,0.16252390057361377
98101,53033008200,SEATTLE,WA,0.21170168359538055,0.2809962100703844,0.20420888542478566,0.2244328458477598
98102,53033007502,SEATTLE,WA,0.04128440366972477,0.013100436681222707,0.04241915161696766,0.04033874728961257
98102,53033007501,SEATTLE,WA,0.15426085311642865,0.19978165938864628,0.11927761444771104,0.15255901485087756
98102,53033006500,SEATTLE,WA,0.12617043412465714,0.055676855895196505,0.15917681646367074,0.1267438530458618
98102,53033007203,SEATTLE,WA,0.002033481509505344,0.0,0.00041999160016799666,0.001800106369921859
98102,53033006600,SEATTLE,WA,0.1380402913080488,0.16812227074235808,0.2003359932801344,0.14523585484596818
98102,53033006200,SEATTLE,WA,0.0012768372268987043,0.001091703056768559,0.0,0.0011455222354048193
98102,53033007700,SEATTLE,WA,0.0008039345502695545,0.0,0.0,0.0006954956429243547
98102,53033007406,SEATTLE,WA,0.08446041804596614,0.056768558951965066,0.054598908021839566,0.08051384854559587
98102,53033006800,SEATTLE,WA,0.00023645133831457486,0.0,0.00041999160016799666,0.00024546905044388985
98102,53033006100,SEATTLE,WA,0.22084554998581293,0.40502183406113534,0.23855522889542208,0.22947265065662972
98102,53033007403,SEATTLE,WA,0.09590466282039156,0.05895196506550218,0.06887862242755145,0.09188724788282944
98102,53033007405,SEATTLE,WA,0.01929442920646931,0.03056768558951965,0.01385972280554389,0.019187497443030724
98102,53033008401,SEATTLE,WA,0.0001418708029887449,0.0,0.0,0.00012273452522194492
98102,53033007404,SEATTLE,WA,0.11524638229452379,0.010917030567685589,0.10205795884082318,0.11005195761567729
98103,53033005201,SEATTLE,WA,9.753242953281966e-05,0.0,0.0,8.273123379846672e-05
98103,53033005000,SEATTLE,WA,0.11030917780161904,0.16527987897125568,0.10073452256033578,0.11356240692736198
98103,53033005100,SEATTLE,WA,0.05562599564355148,0.07110438729198185,0.03462749213011543,0.055099001709778835
98103,53033005402,SEATTLE,WA,0.0753925680288696,0.051815431164901664,0.06051066806575726,0.07250013788538967
98103,53033003400,SEATTLE,WA,0.00019506485906563932,0.0,0.0,0.00016546246759693343
98103,53033003602,SEATTLE,WA,0.0005201729575083715,0.00037821482602118004,0.0,0.00046881032485797803
98103,53033002700,SEATTLE,WA,0.051887252511460064,0.031391830559757944,0.02833158447009444,0.04853565716176714
98103,53033003500,SEATTLE,WA,0.06232322247147176,0.029122541603630862,0.04407135362014691,0.05846340521758314
98103,53033004800,SEATTLE,WA,0.02018921291329367,0.028366111951588502,0.027981811822315496,0.021399812475870056
98103,53033001800,SEATTLE,WA,0.09720732143437694,0.01739788199697428,0.11822315494928297,0.09304506094534223
98103,53033001701,SEATTLE,WA,0.07815598686563283,0.046898638426626324,0.08534452605806225,0.07644366002978324
98103,53033001300,SEATTLE,WA,0.03153548554894502,0.030257186081694403,0.03777544596012592,0.03193425624620815
98103,53033002900,SEATTLE,WA,0.016840599499333527,0.03895612708018154,0.016439314445610354,0.018421488059125257
98103,53033001702,SEATTLE,WA,0.014662375239767222,0.0030257186081694403,0.00944386149003148,0.013402459875351607
98103,53033002800,SEATTLE,WA,0.07617282746513215,0.05711043872919819,0.05106680657572578,0.0728034857426507
98103,53033005401,SEATTLE,WA,0.08501576774277447,0.14977307110438728,0.1136761105281567,0.09199713198389499
98103,53033004901,SEATTLE,WA,0.07890373549205111,0.04084720121028744,0.1329136061559986,0.08038718217417683
98103,53033004902,SEATTLE,WA,0.06684222503982575,0.21860816944024206,0.11472542847149353,0.08168330483701947
98103,53033003601,SEATTLE,WA,0.01999414805422803,0.0015128593040847202,0.004547044421126268,0.017428713253543653
98103,53033004600,SEATTLE,WA,0.05029422282909067,0.01777609682299546,0.01888772298006296,0.04544702443329105
98103,53033004500,SEATTLE,WA,0.0004876621476640983,0.0,0.0,0.00041365616899233357
98103,53033001900,SEATTLE,WA,0.007347443024805748,0.00037821482602118004,0.0006995452955578874,0.006315150846616292
98104,53033008101,SEATTLE,WA,0.0,0.0007747933884297521,0.0009891196834817012,0.00023773297831875236
98104,53033008200,SEATTLE,WA,0.09023649094992733,0.018336776859504134,0.028189910979228485,0.07103461392164322
98104,53033008300,SEATTLE,WA,0.057735500066058924,0.032799586776859506,0.024727992087042534,0.04997147204260175
98104,53033008401,SEATTLE,WA,0.07590170432025367,0.027892561983471075,0.02373887240356083,0.06204830734119437
98104,53033008600,SEATTLE,WA,0.0,0.0,0.004945598417408506,0.00047546595663750473
98104,53033008102,SEATTLE,WA,0.08944378385519884,0.4243285123966942,0.1083086053412463,0.15290985165462154
98104,53033008500,SEATTLE,WA,0.2276390540362003,0.10821280991735537,0.2551928783382789,0.20830163560289083
98104,53033009100,SEATTLE,WA,0.2173999207292905,0.09194214876033058,0.17804154302670624,0.19051920882464815
98104,53033009300,SEATTLE,WA,0.05291319857312723,0.07076446280991736,0.04648862512363996,0.0555819703309243
98104,53033009200,SEATTLE,WA,0.1887303474699432,0.22494834710743802,0.3293768545994065,0.20891974134651958
98105,53033005306,SEATTLE,WA,0.11571963529794856,0.13722025912838634,0.05442176870748299,0.11225457483052931
98105,53033004401,SEATTLE,WA,0.03842396613480951,0.01060070671378092,0.04036281179138322,0.036914755365108354
98105,53033004402,SEATTLE,WA,0.07697004233148812,0.160188457008245,0.11564625850340136,0.08492852376101999
98105,53033004201,SEATTLE,WA,0.04062194724845327,0.012956419316843345,0.023582766439909298,0.037652348003231355
98105,53033005401,SEATTLE,WA,0.0,0.002355712603062426,0.00045351473922902497,0.00017561729479119103
98105,53033005202,SEATTLE,WA,0.09935688700748942,0.044169611307420496,0.09886621315192744,0.09602753679182326
98105,53033005305,SEATTLE,WA,0.11844676001302508,0.15429917550058891,0.0761904761904762,0.11731235292051562
98105,53033005100,SEATTLE,WA,0.004111038749592967,0.0,0.004988662131519274,0.003933827403322679
98105,53033005201,SEATTLE,WA,0.08527352653858677,0.06478209658421673,0.07664399092970521,0.0833830915668575
98105,53033004101,SEATTLE,WA,0.05824649951155975,0.034746760895170786,0.017687074829931974,0.05370376874714622
98105,53033005303,SEATTLE,WA,0.010175838489091501,0.04004711425206125,0.008616780045351474,0.011836605668926276
98105,53033004600,SEATTLE,WA,0.000732660371214588,0.0,0.0,0.0006322222612482878
98105,53033004302,SEATTLE,WA,0.1064392705958971,0.043580683156654886,0.17777777777777778,0.10821537705033192
98105,53033005307,SEATTLE,WA,0.026416476717681537,0.030624263839811542,0.024489795918367346,0.026518211513469846
98105,53033004500,SEATTLE,WA,0.04001139693910778,0.025323910482921083,0.010884353741496598,0.036879631906150116
98105,53033004301,SEATTLE,WA,0.06598013676326929,0.14428739693757361,0.23537414965986395,0.08376944961539813
98105,53033004102,SEATTLE,WA,0.04603549332464995,0.015312131919905771,0.011791383219954649,0.0415510519475958
98105,53033004202,SEATTLE,WA,0.05918267665255617,0.0712603062426384,0.019954648526077097,0.056864880053387655
98105,53033005304,SEATTLE,WA,0.007855747313578638,0.008244994110718492,0.0022675736961451248,0.0074461732991465
98106,53033026600,SEATTLE,WA,0.023926985693142576,0.13763066202090593,0.021174205967276226,0.028457350272232305
98106,53033009900,SEATTLE,WA,0.09817464232856438,0.2264808362369338,0.11164581328200192,0.10453720508166969
98106,53033011402,SEATTLE,WA,0.12966617332675548,0.18815331010452963,0.17613089509143406,0.13560798548094374
98106,53033010800,SEATTLE,WA,0.16263772405854302,0.1289198606271777,0.1068334937439846,0.1570235934664247
98106,53033011300,SEATTLE,WA,0.24609439236967603,0.09233449477351917,0.10490856592877768,0.22903811252268602
98106,53033011401,SEATTLE,WA,0.15260647919750042,0.008710801393728223,0.2030798845043311,0.1504174228675136
98106,53033010701,SEATTLE,WA,0.1162637724058543,0.04355400696864112,0.109720885466795,0.11274047186932849
98106,53033026500,SEATTLE,WA,0.07062983061996382,0.17421602787456447,0.16650625601539942,0.08217785843920145
98107,53033003202,SEATTLE,WA,0.0862600123228589,0.018444666001994018,0.1008513425016372,0.08094080239408959
98107,53033003302,SEATTLE,WA,0.06693552904273792,0.006480558325024925,0.1054354944335298,0.06401384083044982
98107,53033003201,SEATTLE,WA,0.14059261748725704,0.08873379860418744,0.13228552717747216,0.13513513513513514
98107,53033004701,SEATTLE,WA,0.15078698257995854,0.3419740777666999,0.1807465618860511,0.17085944075563453
98107,53033003301,SEATTLE,WA,0.08469164846244329,0.016450648055832504,0.08578912901113293,0.07836902646591228
98107,53033003400,SEATTLE,WA,0.05825351481543718,0.005982053838484547,0.03077930582842174,0.05138875900121575
98107,53033004703,SEATTLE,WA,0.14703411191396404,0.3743768693918245,0.17943680419122462,0.17067240250631255
98107,53033004800,SEATTLE,WA,0.10267181986220804,0.07976071784646062,0.058284217419777344,0.09735340877209389
98107,53033003500,SEATTLE,WA,0.002912675740771859,0.0,0.0,0.0024314972411858225
98107,53033004702,SEATTLE,WA,0.1598610877723632,0.06779661016949153,0.12639161755075312,0.14883568689797064
98108,53033010402,SEATTLE,WA,0.18001601922306767,0.03335860500379075,0.08060747663551401,0.1450081590268506
98108,53033026500,SEATTLE,WA,0.0016019223067681217,0.000758150113722517,0.0,0.0013351134846461949
98108,53033011001,SEATTLE,WA,0.0016019223067681217,0.0,0.0,0.0011867675419077288
98108,53033010401,SEATTLE,WA,0.1223468161794153,0.004927975739196361,0.016355140186915886,0.09264204124017208
98108,53033026400,SEATTLE,WA,0.03133760512615138,0.07695223654283548,0.18457943925233644,0.049992582702863074
98108,53033026300,SEATTLE,WA,0.0,0.009097801364670205,0.004672897196261682,0.0020768431983385254
98108,53033011300,SEATTLE,WA,0.00010012014417300761,0.0037907505686125853,0.0,0.0008159026850615635
98108,53033010001,SEATTLE,WA,0.13225871045254306,0.022744503411675512,0.07710280373831775,0.10732828957128022
98108,53033010900,SEATTLE,WA,0.13235883059671605,0.5822592873388931,0.36565420560747663,0.235202492211838
98108,53033010302,SEATTLE,WA,0.003604325190228274,0.0,0.005841121495327103,0.0030410918261385552
98108,53033011700,SEATTLE,WA,0.004104925911093312,0.0018953752843062926,0.002336448598130841,0.0035603026257231864
98108,53033009300,SEATTLE,WA,0.018221866239487385,0.0576194086429113,0.010514018691588784,0.02544132917964694
98108,53033011002,SEATTLE,WA,0.1261513816579896,0.026156178923426837,0.03271028037383177,0.10065272214804925
98108,53033011200,SEATTLE,WA,0.171305566680016,0.17437452615617893,0.1985981308411215,0.1736389259753746
98108,53033010101,SEATTLE,WA,0.07498998798558269,0.006065200909780136,0.02102803738317757,0.05807743658210948
98109,53033007201,SEATTLE,WA,7.110858280594468e-05,0.002765705254839984,0.001639344262295082,0.00036937852063902485
98109,53033007301,SEATTLE,WA,0.10104529616724739,0.09679968391939944,0.05027322404371585,0.09785452642595499
98109,53033006702,SEATTLE,WA,0.08639692810922278,0.04780719083366258,0.1,0.08415673961892449
98109,53033006000,SEATTLE,WA,0.0892057171300576,0.11378901619913077,0.17049180327868851,0.09569981838889402
98109,53033007001,SEATTLE,WA,0.0018488231529545616,0.005531410509679968,0.001639344262295082,0.002123926493674393
98109,53033006800,SEATTLE,WA,0.048567162056460216,0.08376135914658238,0.05136612021857923,0.05146674054237079
98109,53033007302,SEATTLE,WA,0.0,0.001185302252074279,0.000546448087431694,0.00012312617354634162
98109,53033006703,SEATTLE,WA,0.06307331294887293,0.00434610825760569,0.11311475409836065,0.061316834426078125
98109,53033007002,SEATTLE,WA,0.10623622271208134,0.03081785855393125,0.1737704918032787,0.104164742820205
98109,53033008003,SEATTLE,WA,0.0027376804380288703,0.0039510075069142635,0.001639344262295082,0.0027703389047926863
98109,53033006900,SEATTLE,WA,0.00039109720543269573,0.0,0.001092896174863388,0.00040016006402561027
98109,53033006600,SEATTLE,WA,0.00035554291402972336,0.03516396681153694,0.015846994535519125,0.003940037553482932
98109,53033007101,SEATTLE,WA,0.1262177344805518,0.16475701303832477,0.0633879781420765,0.12568104164742822
98109,53033007303,SEATTLE,WA,0.14129275403541208,0.11497431845120505,0.046994535519125684,0.1339304952750331
98109,53033007203,SEATTLE,WA,0.11249377799900448,0.11774002370604504,0.05573770491803279,0.10970542062979038
98109,53033006701,SEATTLE,WA,0.12006684206783759,0.17661003555906757,0.15245901639344261,0.1262966725151599
98110,53035091002,BAINBRIDGE ISLAND,WA,0.13348214285714285,0.040803108808290155,0.06373937677053824,0.12122370936902485
98110,53035091001,BAINBRIDGE ISLAND,WA,0.11138392857142858,0.03432642487046632,0.026912181303116147,0.1
98110,53033007301,BAINBRIDGE ISLAND,WA,0.0,0.0,0.00141643059490085,6.373486297004461e-05
98110,53035090700,BAINBRIDGE ISLAND,WA,0.1819940476190476,0.022020725388601035,0.049575070821529746,0.1602931803696622
98110,53035090902,BAINBRIDGE ISLAND,WA,0.1644345238095238,0.15544041450777202,0.22521246458923513,0.1662842574888464
98110,53035090800,BAINBRIDGE ISLAND,WA,0.14605654761904763,0.06282383419689119,0.053824362606232294,0.1337157425111536
98110,53035090901,BAINBRIDGE ISLAND,WA,0.26264880952380953,0.6845854922279793,0.5793201133144475,0.3184193753983429
98111,53033008102,SEATTLE,WA,1.0,1.0,1.0,1.0
98112,53033007502,SEATTLE,WA,0.015635507733691996,0.01904761904761905,0.023622047244094488,0.01646060428707294
98112,53033006200,SEATTLE,WA,0.1394586415601883,0.06190476190476191,0.03499562554680665,0.12714902333747896
98112,53033006100,SEATTLE,WA,0.008742434431741762,0.004761904761904762,0.006124234470691163,0.00834003950545029
98112,53033007501,SEATTLE,WA,0.0652320107599193,0.047619047619047616,0.06649168853893263,0.06452556880532592
98112,53033008600,SEATTLE,WA,0.0016812373907195697,0.0,0.0017497812773403325,0.001609481308069354
98112,53033007700,SEATTLE,WA,0.11919973100201749,0.273015873015873,0.12510936132983377,0.12678323213109957
98112,53033006500,SEATTLE,WA,0.03135507733691997,0.025396825396825397,0.03587051618547681,0.03145804374862828
98112,53033007600,SEATTLE,WA,0.21822461331540013,0.16666666666666666,0.29133858267716534,0.2219621040310191
98112,53033006400,SEATTLE,WA,0.11323133826496301,0.05238095238095238,0.048993875765529306,0.10505523447216329
98112,53033006300,SEATTLE,WA,0.24991593813046403,0.34444444444444444,0.363079615048119,0.26373545979954643
98112,53033007800,SEATTLE,WA,0.03732347007397444,0.004761904761904762,0.0026246719160104987,0.03292120857414588
98113,53033002800,SEATTLE,WA,1.0,1.0,1.0,1.0
98114,53033009100,SEATTLE,WA,1.0,1.0,1.0,1.0
98115,53033004000,SEATTLE,WA,0.05998261373514923,0.04332386363636364,0.07661016949152542,0.06001771014397691
98115,53033001900,SEATTLE,WA,0.059149521877716604,0.13210227272727273,0.0576271186440678,0.06244465580007215
98115,53033004301,SEATTLE,WA,0.02220370906983483,0.013494318181818182,0.07796610169491526,0.024499032501393854
98115,53033002500,SEATTLE,WA,0.05052883222254419,0.029829545454545456,0.05491525423728814,0.04978518251287265
98115,53033004201,SEATTLE,WA,0.02495653433787308,0.0007102272727272727,0.008135593220338983,0.023023187169984586
98115,53033004202,SEATTLE,WA,0.01883512025499855,0.004261363636363636,0.006101694915254237,0.01754616116231019
98115,53033002000,SEATTLE,WA,0.06646624166908142,0.05894886363636364,0.03932203389830508,0.06480600833032699
98115,53033004401,SEATTLE,WA,0.017784700086931324,0.03196022727272727,0.01423728813559322,0.01826768554655472
98115,53033002400,SEATTLE,WA,0.06570559258186033,0.24360795454545456,0.04203389830508475,0.07277557311993703
98115,53033002600,SEATTLE,WA,0.10659953636627065,0.09801136363636363,0.1111864406779661,0.10642484667606834
98115,53033003601,SEATTLE,WA,0.06896551724137931,0.09588068181818182,0.09559322033898306,0.071496507166049
98115,53033002200,SEATTLE,WA,0.07193567082005216,0.019176136363636364,0.017627118644067796,0.06687219179429996
98115,53033000900,SEATTLE,WA,0.005867864387134164,0.0007102272727272727,0.0013559322033898306,0.005411432881833984
98115,53033004600,SEATTLE,WA,0.0,0.0014204545454545455,0.0,6.559312584041192e-05
98115,53033001100,SEATTLE,WA,0.000651984931903796,0.0007102272727272727,0.0,0.0006231346954839133
98115,53033004102,SEATTLE,WA,0.026441611127209504,0.004971590909090909,0.0711864406779661,0.02761470597881342
98115,53033003602,SEATTLE,WA,0.14068385975079686,0.11931818181818182,0.1769491525423729,0.14145157587484833
98115,53033002100,SEATTLE,WA,0.07660822949869603,0.032670454545454544,0.062372881355932205,0.07389065625922403
98115,53033004500,SEATTLE,WA,0.00162996232975949,0.0,0.0,0.0014758453314092682
98115,53033003800,SEATTLE,WA,0.03824978267168937,0.026278409090909092,0.03728813559322034,0.03765045423239644
98115,53033003900,SEATTLE,WA,0.04310344827586207,0.024147727272727272,0.031186440677966103,0.04165163490866157
98115,53033002700,SEATTLE,WA,0.03364966676325703,0.018465909090909092,0.01830508474576271,0.032206224787642256
98116,53033010602,SEATTLE,WA,0.005708908406524466,0.0,0.0,0.005021797914022405
98116,53033009801,SEATTLE,WA,0.09341279799247176,0.14400921658986174,0.09900990099009901,0.09624192925335247
98116,53033010502,SEATTLE,WA,0.1368883312421581,0.27419354838709675,0.11576542269611577,0.14193477181171016
98116,53033010501,SEATTLE,WA,0.10457967377666248,0.038018433179723504,0.057882711348057884,0.09800783621212958
98116,53033009802,SEATTLE,WA,0.11480552070263488,0.3986175115207373,0.11957349581111958,0.12874565421334364
98116,53033009702,SEATTLE,WA,0.15652446675031367,0.008064516129032258,0.0357958872810358,0.14066552618508912
98116,53033009600,SEATTLE,WA,0.1875784190715182,0.08755760368663594,0.2718964204112719,0.18889685999668893
98116,53033009701,SEATTLE,WA,0.20050188205771644,0.04953917050691244,0.3000761614623001,0.20048562441366372
98117,53033003301,SEATTLE,WA,0.05272129550712285,0.05947136563876652,0.09948542024013722,0.05445799690774781
98117,53033001400,SEATTLE,WA,0.031170096188968707,0.037444933920704845,0.022298456260720412,0.031037049762354694
98117,53033001500,SEATTLE,WA,0.06976744186046512,0.0022026431718061676,0.036020583190394515,0.06688426959857985
98117,53033003302,SEATTLE,WA,0.040241081212711555,0.048458149779735685,0.04288164665523156,0.04054286205119395
98117,53033003400,SEATTLE,WA,0.033057348106660174,0.07268722466960352,0.0274442538593482,0.03390024623489664
98117,53033001600,SEATTLE,WA,0.11366126872032144,0.14977973568281938,0.18867924528301888,0.11710473572696559
98117,53033002900,SEATTLE,WA,0.10239863630829173,0.09030837004405286,0.08576329331046312,0.1015289469163374
98117,53033003100,SEATTLE,WA,0.17301838548642395,0.10352422907488987,0.09433962264150944,0.16858500830326978
98117,53033003201,SEATTLE,WA,0.01875076098867649,0.03303964757709251,0.010291595197255575,0.018839832789326005
98117,53033001702,SEATTLE,WA,0.09393644222573969,0.08149779735682819,0.09090909090909091,0.09351199679321995
98117,53033001701,SEATTLE,WA,0.016437355412151466,0.06167400881057269,0.0274442538593482,0.01798087384756342
98117,53033003000,SEATTLE,WA,0.19858760501643735,0.2511013215859031,0.18696397941680962,0.19956479413617362
98117,53033003202,SEATTLE,WA,0.05479118470717156,0.00881057268722467,0.08747855917667238,0.054687052625551166
98117,53033003500,SEATTLE,WA,0.0014610982588579083,0.0,0.0,0.001374334306820134
98118,53033011002,SEATTLE,WA,0.0034185112383556962,0.0,0.0,0.003047967386748962
98118,53033011001,SEATTLE,WA,0.1017434407315614,0.11045218680504076,0.14037433155080214,0.10439288299615194
98118,53033011700,SEATTLE,WA,0.07764293650115375,0.04447739065974796,0.03409090909090909,0.07345601402064998
98118,53033010101,SEATTLE,WA,0.025895222630544397,0.04151223128243143,0.02874331550802139,0.026860212595725227
98118,53033011101,SEATTLE,WA,0.12759593197162636,0.07190511489992588,0.0661764705882353,0.12123290280793995
98118,53033026300,SEATTLE,WA,0.0,0.005189028910303929,0.001336898395721925,0.0003428963310092582
98118,53033010102,SEATTLE,WA,0.10076061875053414,0.229058561897702,0.017379679144385027,0.10260220215643692
98118,53033010302,SEATTLE,WA,0.11828048884710708,0.15789473684210525,0.1711229946524064,0.12332838038632987
98118,53033011901,SEATTLE,WA,0.006110588838560807,0.002223869532987398,0.0006684491978609625,0.005600640073151217
98118,53033010200,SEATTLE,WA,0.09336808819758995,0.04225352112676056,0.016042780748663103,0.08633367622966434
98118,53033010301,SEATTLE,WA,0.0662336552431416,0.10081541882876205,0.042112299465240643,0.06663618699279918
98118,53033010401,SEATTLE,WA,0.01922912571575079,0.028169014084507043,0.009358288770053475,0.019125995351849737
98118,53033011802,SEATTLE,WA,0.10281172549354756,0.072646404744255,0.32085561497326204,0.11368918352573627
98118,53033011801,SEATTLE,WA,0.07960858046320828,0.05707931801334322,0.09090909090909091,0.07909475368613555
98118,53033011102,SEATTLE,WA,0.07037860011964789,0.0363232023721275,0.060828877005347594,0.06808397150150493
98118,53033011902,SEATTLE,WA,0.006922485257670284,0.0,0.0,0.006172133958166647
98119,53033005901,SEATTLE,WA,0.09627794798253048,0.08656447249774572,0.19310344827586207,0.10423940149625935
98119,53033005804,SEATTLE,WA,0.13049996740760056,0.22452660054102797,0.1329153605015674,0.13649210307564422
98119,53033007002,SEATTLE,WA,0.020011733263802883,0.0,0.02006269592476489,0.01878636741479634
98119,53033008003,SEATTLE,WA,0.0,0.015329125338142471,0.0025078369905956114,0.0011637572734829592
98119,53033006800,SEATTLE,WA,0.03624274819112183,0.04508566275924256,0.03197492163009404,0.03640897755610972
98119,53033005801,SEATTLE,WA,0.04399973926080438,0.13435527502254282,0.07523510971786834,0.05231366029371017
98119,53033006900,SEATTLE,WA,0.16015905090932794,0.034265103697024346,0.15297805642633228,0.15178719866999169
98119,53033006000,SEATTLE,WA,0.0451730656410925,0.008115419296663661,0.05329153605015674,0.043613189249099474
98119,53033007101,SEATTLE,WA,0.025487256371814093,0.019837691614066726,0.01128526645768025,0.023884732612912164
98119,53033007102,SEATTLE,WA,0.14008213284662016,0.29666366095581603,0.10219435736677115,0.14635633139373788
98119,53033005902,SEATTLE,WA,0.11127045173065642,0.027953110910730387,0.05203761755485893,0.10091438071487947
98119,53033007001,SEATTLE,WA,0.19079590639462876,0.1073038773669973,0.1724137931034483,0.18403990024937655
98121,53033007202,SEATTLE,WA,0.20014876999096753,0.3137710633352702,0.29911699779249445,0.21691867227341863
98121,53033008002,SEATTLE,WA,0.16428457573986505,0.16966879721092387,0.14072847682119205,0.1627896573320211
98121,53033008101,SEATTLE,WA,0.004409967589394825,0.026147588611272515,0.006070640176600441,0.006218126509796904
98121,53033007302,SEATTLE,WA,0.15169225864725572,0.06507844276583381,0.06512141280353201,0.13800662073901762
98121,53033008004,SEATTLE,WA,0.12985494925880664,0.15862870424171993,0.11147902869757174,0.130580656705735
98121,53033007201,SEATTLE,WA,0.17517666436427395,0.09877977919814061,0.24834437086092714,0.17522591035161492
98121,53033008003,SEATTLE,WA,0.17443281440943625,0.16792562463683905,0.1291390728476821,0.17026035608839582
98122,53033008900,SEATTLE,WA,0.002567901234567901,0.0011383039271485487,0.0044662795891022775,0.002618486514794449
98122,53033007700,SEATTLE,WA,0.047868312757201645,0.014228799089356859,0.04778919160339437,0.04614355124959996
98122,53033008700,SEATTLE,WA,0.08131687242798354,0.07000569151963575,0.11344350156319785,0.08283145675133106
98122,53033009100,SEATTLE,WA,3.292181069958848e-05,0.0,0.0,2.909429460882721e-05
98122,53033007501,SEATTLE,WA,0.022650205761316874,0.04610130904951622,0.00044662795891022776,0.02240260684879695
98122,53033009000,SEATTLE,WA,0.008724279835390947,0.005122367672168469,0.008932559178204555,0.008553722614995199
98122,53033007406,SEATTLE,WA,0.018765432098765432,0.014797951052931132,0.018758374274229567,0.01856215996043176
98122,53033007405,SEATTLE,WA,0.06699588477366256,0.01309049516220831,0.09691826708351943,0.0661895202350819
98122,53033007502,SEATTLE,WA,0.08009876543209876,0.10017074558907228,0.12192943278249219,0.08384975706264002
98122,53033008600,SEATTLE,WA,0.16375308641975309,0.11155378486055777,0.13309513175524787,0.1590876029210672
98122,53033008402,SEATTLE,WA,0.08339094650205761,0.08195788275469551,0.09200535953550693,0.08387885135724885
98122,53033008500,SEATTLE,WA,0.019687242798353908,0.0,0.003573023671281822,0.017631142532949288
98122,53033007901,SEATTLE,WA,0.0668312757201646,0.06260671599317018,0.0884323358642251,0.06802246079543801
98122,53033007503,SEATTLE,WA,0.06623868312757202,0.18099032441661925,0.06565430995980348,0.072066567746065
98122,53033007902,SEATTLE,WA,0.09066666666666667,0.07626636311895275,0.08217954443948192,0.08937767303831719
98122,53033008401,SEATTLE,WA,0.03430452674897119,0.06260671599317018,0.025457793657882984,0.0351750021820721
98122,53033008800,SEATTLE,WA,0.07812345679012346,0.04154809334092203,0.058061634658329614,0.0749469029123389
98122,53033008300,SEATTLE,WA,0.0005267489711934157,0.016505406943653957,0.0008932559178204555,0.0013674318466148788
98122,53033007800,SEATTLE,WA,0.06251851851851851,0.10017074558907228,0.03126395712371594,0.06240726193593436
98122,53033007600,SEATTLE,WA,0.0049382716049382715,0.0011383039271485487,0.006699419383653417,0.004858747199674144
98124,53033009300,SEATTLE,WA,1.0,1.0,1.0,1.0
98125,53033000202,SEATTLE,WA,0.07617806731813247,0.03353658536585366,0.030303030303030304,0.07080389535993889
98125,53033000900,SEATTLE,WA,0.03183496199782845,0.0022865853658536584,0.004329004329004329,0.02841321367194959
98125,53033001000,SEATTLE,WA,0.0347014115092291,0.053353658536585365,0.017857142857142856,0.034447202596906625
98125,53033001900,SEATTLE,WA,0.026058631921824105,0.041920731707317076,0.01406926406926407,0.026007256062631278
98125,53033002200,SEATTLE,WA,0.017111834961997828,0.0,0.0005411255411255411,0.015084972312392591
98125,53033000602,SEATTLE,WA,0.0007817589576547231,0.0007621951219512195,0.0,0.0007256062631277449
98125,53033001201,SEATTLE,WA,0.08138979370249728,0.22713414634146342,0.04491341991341991,0.08611800649226657
98125,53033000201,SEATTLE,WA,0.09272529858849077,0.06859756097560976,0.0817099567099567,0.09073897269429063
98125,53033002000,SEATTLE,WA,0.001954397394136808,0.0,0.0,0.00171854114951308
98125,53033001100,SEATTLE,WA,0.048512486427795876,0.06859756097560976,0.015151515151515152,0.04716440710330342
98125,53033002100,SEATTLE,WA,0.00251900108577633,0.0,0.0010822510822510823,0.0022913881993507734
98125,53033000101,SEATTLE,WA,0.09789359391965255,0.08079268292682927,0.1893939393939394,0.10349436700400994
98125,53033000800,SEATTLE,WA,0.04942453854505972,0.003048780487804878,0.008658008658008658,0.044223792247469924
98125,53033000700,SEATTLE,WA,0.11257328990228013,0.17835365853658536,0.20725108225108224,0.12255107886194386
98125,53033001202,SEATTLE,WA,0.11917480998914223,0.08307926829268293,0.11093073593073594,0.11678441856024442
98125,53033000300,SEATTLE,WA,0.008382193268186754,0.009146341463414634,0.0010822510822510823,0.007905289287760167
98125,53033000102,SEATTLE,WA,0.11709011943539631,0.11661585365853659,0.19047619047619047,0.12224556043536376
98125,53033000601,SEATTLE,WA,0.08169381107491856,0.03277439024390244,0.08225108225108226,0.07928203169753675
98126,53033010601,SEATTLE,WA,0.060736038431843525,0.0784313725490196,0.024630541871921183,0.05949457339776598
98126,53033010501,SEATTLE,WA,0.09067513082268165,0.17647058823529413,0.12643678160919541,0.09482690327180543
98126,53033011500,SEATTLE,WA,0.17414429098395814,0.14285714285714285,0.09688013136288999,0.1695318070189337
98126,53033011401,SEATTLE,WA,0.009350604786823367,0.011204481792717087,0.003284072249589491,0.009110354115503446
98126,53033011602,SEATTLE,WA,0.008149609676589174,0.0,0.0,0.007525944704111542
98126,53033010702,SEATTLE,WA,0.16264905207171657,0.03361344537815126,0.12643678160919541,0.15725263408064644
98126,53033009600,SEATTLE,WA,0.019644848588830744,0.025210084033613446,0.052545155993431854,0.0213895270537907
98126,53033009900,SEATTLE,WA,0.21935317834777388,0.2661064425770308,0.31198686371100165,0.2251445773587895
98126,53033026600,SEATTLE,WA,0.007120185296388436,0.022408963585434174,0.006568144499178982,0.007525944704111542
98126,53033009802,SEATTLE,WA,0.03971862400274513,0.04481792717086835,0.05747126436781609,0.04071932187277193
98126,53033010701,SEATTLE,WA,0.042978467873380805,0.011204481792717087,0.003284072249589491,0.04016477857878476
98126,53033011402,SEATTLE,WA,0.06270910182722828,0.14565826330532214,0.11001642036124795,0.0673373999841559
98126,53033011601,SEATTLE,WA,0.027622887535386463,0.03361344537815126,0.060755336617405585,0.029390794581319813
98126,53033012000,SEATTLE,WA,0.0319979411512396,0.008403361344537815,0.006568144499178982,0.03010377881644617
98126,53033009801,SEATTLE,WA,0.04315003860341426,0.0,0.013136288998357963,0.04048166046106314
98127,53033004702,SEATTLE,WA,1.0,1.0,1.0,1.0
98129,53033006000,SEATTLE,WA,0.0,1.0,0.0,1.0
98131,53033026400,SEATTLE,WA,0.0,1.0,1.0,1.0
98133,53033001400,SEATTLE,WA,0.03461384553821529,0.020036429872495445,0.05225409836065574,0.034924226635305325
98133,53033000402,SEATTLE,WA,0.07476323862878485,0.061930783242258654,0.10758196721311475,0.07604132551284723
98133,53033020302,SEATTLE,WA,0.09887288248632786,0.04918032786885246,0.04405737704918033,0.09325036472444696
98133,53033000404,SEATTLE,WA,0.1345204748566093,0.19186399514268368,0.0584016393442623,0.13290856581415428
98133,53033020600,SEATTLE,WA,0.029111644657863145,0.004857316332726169,0.0056352459016393444,0.02655789442343764
98133,53033001900,SEATTLE,WA,6.669334400426837e-05,0.0,0.0,5.954684848304403e-05
98133,53033020200,SEATTLE,WA,0.03738161931439243,0.0030358227079538553,0.020491803278688523,0.03471581266561467
98133,53033000300,SEATTLE,WA,0.036347872482326266,0.024893746205221615,0.03227459016393443,0.03554946854437729
98133,53033001701,SEATTLE,WA,0.012438308656796052,0.014571948998178506,0.02612704918032787,0.013338494060201864
98133,53033001201,SEATTLE,WA,0.033946912098172605,0.08500303582270795,0.05737704918032787,0.03781224878673296
98133,53033000602,SEATTLE,WA,0.05952380952380952,0.12143290831815422,0.07325819672131148,0.06335784678595885
98133,53033020800,SEATTLE,WA,0.011137788448712818,0.0012143290831815423,0.0,0.010003870545151398
98133,53033000403,SEATTLE,WA,0.04471788715486195,0.013357619914996965,0.1362704918032787,0.04850090808943937
98133,53033000601,SEATTLE,WA,0.005902360944377751,0.0,0.004098360655737705,0.005508083484681573
98133,53033020900,SEATTLE,WA,0.058723489395758305,0.08925318761384335,0.03944672131147541,0.059100247119421204
98133,53033001300,SEATTLE,WA,0.05955715619581166,0.0777170613236187,0.13883196721311475,0.0650549319677256
98133,53033021000,SEATTLE,WA,0.07439642523676138,0.046751669702489375,0.057889344262295084,0.0720814600887248
98133,53033020301,SEATTLE,WA,0.06212484993997599,0.07225258044930176,0.07479508196721311,0.06335784678595885
98133,53033020700,SEATTLE,WA,0.11534613845538215,0.10625379477838494,0.05737704918032787,0.11153124720874148
98133,53033001702,SEATTLE,WA,0.016506602641056422,0.01639344262295082,0.013831967213114754,0.016345609908595588
98134,53033010900,SEATTLE,WA,0.0,0.01166044776119403,0.025,0.012987012987012988
98134,53033009100,SEATTLE,WA,0.0,0.0023320895522388058,0.0020833333333333333,0.002106002106002106
98134,53033009900,SEATTLE,WA,0.0,0.03311567164179104,0.029166666666666667,0.029835029835029836
98134,53033009300,SEATTLE,WA,1.0,0.9528917910447762,0.94375,0.9550719550719551
98136,53033011601,SEATTLE,WA,0.16118061459978136,0.07555555555555556,0.03588907014681892,0.1505897916436997
98136,53033012000,SEATTLE,WA,0.029029515364994533,0.0,0.0016313213703099511,0.02645794289493992
98136,53033011602,SEATTLE,WA,0.17454147941212195,0.022222222222222223,0.23817292006525284,0.17506338882151912
98136,53033010501,SEATTLE,WA,0.0448196283250334,0.0,0.08156606851549755,0.04619115863741594
98136,53033010502,SEATTLE,WA,0.12777845256892992,0.37333333333333335,0.12071778140293637,0.13339212876198875
98136,53033010602,SEATTLE,WA,0.23612291995627355,0.29777777777777775,0.1859706362153344,0.2342630360489472
98136,53033010601,SEATTLE,WA,0.20320660755496173,0.22666666666666666,0.3278955954323002,0.21221475030316392
98136,53033012100,SEATTLE,WA,0.020405684440665615,0.0,0.008156606851549755,0.019071767170102526
98136,53033011500,SEATTLE,WA,0.0029150977772379448,0.0044444444444444444,0.0,0.0027560357182229082
98138,53033026200,SEATTLE,WA,1.0,1.0,1.0,1.0
98139,53033005600,SEATTLE,WA,1.0,1.0,1.0,1.0
98144,53033010101,SEATTLE,WA,0.02338567269603398,0.031791907514450865,0.011912225705329153,0.022979733740354447
98144,53033007800,SEATTLE,WA,0.0002863551758698039,0.0,0.0,0.0002543881963876876
98144,53033008800,SEATTLE,WA,0.0002863551758698039,0.0,0.0012539184952978057,0.00033918426185025017
98144,53033009100,SEATTLE,WA,0.041760129814346396,0.02023121387283237,0.00438871473354232,0.03828542355634699
98144,53033010102,SEATTLE,WA,0.03989882117119267,0.02023121387283237,0.03699059561128527,0.03883659798185364
98144,53033009300,SEATTLE,WA,0.024197012360998426,0.0019267822736030828,0.0219435736677116,0.02306452980581701
98144,53033009000,SEATTLE,WA,0.13931179306065958,0.34104046242774566,0.18557993730407524,0.15131857881794283
98144,53033008900,SEATTLE,WA,0.1538681811673746,0.0838150289017341,0.16363636363636364,0.1514457729161367
98144,53033009500,SEATTLE,WA,0.17295852622536154,0.15606936416184972,0.12413793103448276,0.16891376240142458
98144,53033009400,SEATTLE,WA,0.25609697895289457,0.1994219653179191,0.290282131661442,0.25591452556601374
98144,53033010001,SEATTLE,WA,0.03641483319811006,0.04238921001926782,0.02821316614420063,0.03612312388705164
98144,53033010002,SEATTLE,WA,0.1115353410012886,0.10308285163776493,0.13166144200626959,0.11252437886882048
98145,53033005305,SEATTLE,WA,1.0,1.0,1.0,1.0
98146,53033026600,SEATTLE,WA,0.04814547784987583,0.06418219461697723,0.04654895666131621,0.04864228420045625
98146,53033026802,SEATTLE,WA,0.17535848754305855,0.06832298136645963,0.1637239165329053,0.1710206784899551
98146,53033012100,SEATTLE,WA,0.08836016983097011,0.002070393374741201,0.014446227929373997,0.08190448156597248
98146,53033012000,SEATTLE,WA,0.07770567972442521,0.018633540372670808,0.011235955056179775,0.07255868717344911
98146,53033026700,SEATTLE,WA,0.18969798926540093,0.062111801242236024,0.29213483146067415,0.18985944513945102
98146,53033027600,SEATTLE,WA,0.04686373467916366,0.024844720496894408,0.12199036918138041,0.049525351387151376
98146,53033026500,SEATTLE,WA,0.01962669230153008,0.10144927536231885,0.024077046548956663,0.022738980057399365
98146,53033027500,SEATTLE,WA,0.08795962509012256,0.045548654244306416,0.09309791332263243,0.08668776216057104
98146,53033026801,SEATTLE,WA,0.2092445726187615,0.10144927536231885,0.23113964686998395,0.20641695488998454
98146,53033011402,SEATTLE,WA,0.0570375710966915,0.5113871635610766,0.0016051364365971107,0.07064537493560968
98148,53033028801,SEATTLE,WA,0.0026508972267536707,0.05351170568561873,0.04888888888888889,0.011256720430107527
98148,53033028600,SEATTLE,WA,0.0929853181076672,0.15551839464882944,0.14222222222222222,0.10299059139784947
98148,53033028402,SEATTLE,WA,0.005505709624796085,0.03511705685618729,0.006666666666666667,0.008568548387096774
98148,53033028500,SEATTLE,WA,0.3727569331158238,0.3294314381270903,0.3422222222222222,0.3660954301075269
98148,53033027902,SEATTLE,WA,0.04200652528548124,0.14715719063545152,0.015555555555555555,0.05057123655913978
98148,53033028000,SEATTLE,WA,0.3201468189233279,0.18896321070234115,0.4,0.3130040322580645
98148,53033028700,SEATTLE,WA,0.1639477977161501,0.0903010033444816,0.044444444444444446,0.14751344086021506
98154,53033008102,SEATTLE,WA,0.0,1.0,1.0,1.0
98155,53033021300,SEATTLE,WA,0.10647441334464235,0.05962059620596206,0.10947109471094711,0.10480349344978165
98155,53033020600,SEATTLE,WA,0.035284139100933,0.006775067750677507,0.03690036900369004,0.0342586816385943
98155,53033000102,SEATTLE,WA,0.00022618037885213457,0.0,0.0,0.0002079434393844874
98155,53033000201,SEATTLE,WA,0.00045236075770426913,0.014905149051490514,0.0,0.0009877313370763151
98155,53033020700,SEATTLE,WA,0.03415323720667232,0.2872628726287263,0.0012300123001230013,0.04247244749428156
98155,53033000101,SEATTLE,WA,0.0026010743567995475,0.008130081300813009,0.06150061500615006,0.005302557704304429
98155,53033020302,SEATTLE,WA,0.0018659881255301102,0.0,0.007380073800738007,0.002027448533998752
98155,53033020401,SEATTLE,WA,0.11953633022335312,0.12195121951219512,0.16482164821648215,0.1215429403202329
98155,53033000300,SEATTLE,WA,0.05117331071529545,0.0027100271002710027,0.004920049200492005,0.04735911831981701
98155,53033021400,SEATTLE,WA,0.08459146169069834,0.08807588075880758,0.015990159901599015,0.0818257433977958
98155,53033020500,SEATTLE,WA,0.21741588917161436,0.2127371273712737,0.28413284132841327,0.2200561447286338
98155,53033020402,SEATTLE,WA,0.13203279615493355,0.08265582655826559,0.1795817958179582,0.13214805572884175
98155,53033021000,SEATTLE,WA,0.03319197059655075,0.01084010840108401,0.01968019680196802,0.03176336036598045
98155,53033021100,SEATTLE,WA,0.09929318631608708,0.0948509485094851,0.1008610086100861,0.0991890205864005
98155,53033000202,SEATTLE,WA,0.0019790783149561775,0.0,0.007380073800738007,0.002131420253690996
98155,53033021500,SEATTLE,WA,0.07972858354537744,0.009485094850948509,0.006150061500615006,0.07392389270118528
98158,53033028402,SEATTLE,WA,0.0,0.9759036144578314,1.0,0.979381443298969
98158,53033028801,SEATTLE,WA,0.0,0.024096385542168676,0.0,0.020618556701030927
98161,53033008102,SEATTLE,WA,0.0,1.0,1.0,1.0
98164,53033008102,SEATTLE,WA,1.0,1.0,1.0,1.0
98165,53033000102,SEATTLE,WA,1.0,1.0,1.0,1.0
98166,53033028600,SEATTLE,WA,0.2216074275532214,0.023809523809523808,0.01920768307322929,0.19161485732504385
98166,53033027902,SEATTLE,WA,0.2871612116665104,0.7276190476190476,0.49819927971188477,0.3380360274190977
98166,53033027500,SEATTLE,WA,0.08093407108693614,0.058095238095238096,0.03841536614645858,0.07619958552526701
98166,53033027901,SEATTLE,WA,0.14958266904248335,0.10666666666666667,0.13925570228091236,0.1453052765821776
98166,53033027800,SEATTLE,WA,0.14226765450623652,0.012380952380952381,0.024009603841536616,0.12354535310058982
98166,53033027600,SEATTLE,WA,0.11844696614461221,0.07142857142857142,0.2809123649459784,0.125298900047824
98168,53033027200,SEATTLE,WA,0.08767884993558012,0.24040920716112532,0.11337209302325581,0.0998112317130722
98168,53033027000,SEATTLE,WA,0.08544110666576253,0.017902813299232736,0.041666666666666664,0.07810287871637565
98168,53033027100,SEATTLE,WA,0.09839289346985827,0.06649616368286446,0.11046511627906977,0.09692071731949033
98168,53033027500,SEATTLE,WA,0.002712416084627382,0.03665814151747655,0.013565891472868217,0.0057220386974988205
98168,53033026802,SEATTLE,WA,0.014782667661219231,0.0025575447570332483,0.023255813953488372,0.01445257196790939
98168,53033026801,SEATTLE,WA,0.007120092222146877,0.020460358056265986,0.003875968992248062,0.007845681925436526
98168,53033026400,SEATTLE,WA,0.1627449650776429,0.05029838022165388,0.2374031007751938,0.15950920245398773
98168,53033027400,SEATTLE,WA,0.13189123211500645,0.0784313725490196,0.04263565891472868,0.12275837659273242
98168,53033027902,SEATTLE,WA,0.0,0.008525149190110827,0.0,0.0005899008966493629
98168,53033028000,SEATTLE,WA,0.007187902624262562,0.01619778346121057,0.006782945736434108,0.00778669183577159
98168,53033028100,SEATTLE,WA,0.09134061164982708,0.18073316283034954,0.023255813953488372,0.09338131193959415
98168,53033026500,SEATTLE,WA,0.042178070115955785,0.03410059676044331,0.00872093023255814,0.03958235016517225
98168,53033026300,SEATTLE,WA,0.006848850613684139,0.0494458653026428,0.0048449612403100775,0.009674374705049551
98168,53033026200,SEATTLE,WA,0.06998033498338645,0.11679454390451834,0.21608527131782945,0.08211420481359132
98168,53033028200,SEATTLE,WA,0.04617888384078118,0.017902813299232736,0.022286821705426358,0.04276781500707881
98168,53033027300,SEATTLE,WA,0.14552112294025904,0.06308610400682012,0.13178294573643412,0.1389806512505899
98170,53033008102,SEATTLE,WA,0.0,0.0,1.0,1.0
98174,53033008102,SEATTLE,WA,0.0,1.0,1.0,1.0
98175,53033001201,SEATTLE,WA,1.0,1.0,1.0,1.0
98177,53033001500,SEATTLE,WA,0.00032930845225027445,0.0,0.0,0.00031354515050167225
98177,53033020900,SEATTLE,WA,0.031833150384193196,0.0043859649122807015,0.004347826086956522,0.030518394648829432
98177,53033000403,SEATTLE,WA,0.0270032930845225,0.0,0.0,0.025710702341137124
98177,53033020100,SEATTLE,WA,0.14884742041712404,0.11403508771929824,0.17391304347826086,0.14862040133779264
98177,53033020200,SEATTLE,WA,0.18551042810098792,0.13157894736842105,0.16521739130434782,0.18373745819397994
98177,53033000404,SEATTLE,WA,0.056970362239297474,0.5394736842105263,0.004347826086956522,0.06720317725752509
98177,53033001400,SEATTLE,WA,0.12085620197585072,0.06578947368421052,0.08260869565217391,0.11862458193979933
98177,53061050600,SEATTLE,WA,0.0002195389681668496,0.013157894736842105,0.0,0.0005225752508361204
98177,53033001600,SEATTLE,WA,0.04983534577387486,0.0043859649122807015,0.0,0.04755434782608696
98177,53033000402,SEATTLE,WA,0.036004390779363335,0.0,0.004347826086956522,0.03438545150501672
98177,53033001702,SEATTLE,WA,0.019099890230515917,0.017543859649122806,0.04782608695652174,0.019753344481605352
98177,53033020800,SEATTLE,WA,0.17025246981339187,0.10526315789473684,0.4826086956521739,0.1762123745819398
98177,53033000500,SEATTLE,WA,0.15323819978046102,0.0043859649122807015,0.034782608695652174,0.14684364548494983
98178,53033011700,SEATTLE,WA,0.005198180636777128,0.01060070671378092,0.008021390374331552,0.005424321959755031
98178,53033011902,SEATTLE,WA,0.1254061078622482,0.01060070671378092,0.040106951871657755,0.11977252843394576
98178,53033026300,SEATTLE,WA,0.08140722175809895,0.053003533568904596,0.03208556149732621,0.07909011373578302
98178,53033011901,SEATTLE,WA,0.10136452241715399,0.028268551236749116,0.040106951871657755,0.09755030621172353
98178,53033026001,SEATTLE,WA,0.2360530957022185,0.49823321554770317,0.06149732620320856,0.236832895888014
98178,53033026101,SEATTLE,WA,0.1620718462823726,0.10247349823321555,0.1657754010695187,0.16071741032370954
98178,53033026003,SEATTLE,WA,0.045762554534484357,0.0,0.0106951871657754,0.04348206474190726
98178,53033026004,SEATTLE,WA,0.07212475633528265,0.07773851590106007,0.08021390374331551,0.07252843394575678
98178,53033026200,SEATTLE,WA,0.006961849067112225,0.0035335689045936395,0.0,0.006649168853893263
98178,53033025302,SEATTLE,WA,0.03555184256938643,0.007067137809187279,0.20588235294117646,0.04041994750656168
98178,53033026102,SEATTLE,WA,0.12809802283486493,0.20848056537102475,0.35561497326203206,0.13753280839895013
98181,53033008102,SEATTLE,WA,0.0,1.0,0.0,1.0
98185,53033008102,SEATTLE,WA,0.0,1.0,1.0,1.0
98188,53033028402,SEATTLE,WA,0.20433385515366234,0.05812291567413054,0.1043956043956044,0.1771920668058455
98188,53033028500,SEATTLE,WA,0.0,0.008099094807050978,0.0,0.0011090814196242171
98188,53033028000,SEATTLE,WA,0.0012358902529455383,0.0004764173415912339,0.0027472527472527475,0.001239561586638831
98188,53033028801,SEATTLE,WA,0.028260690450687978,0.028585040495474036,0.016483516483516484,0.0274660751565762
98188,53033028802,SEATTLE,WA,0.08956084699678668,0.04525964745116722,0.07051282051282051,0.08213726513569937
98188,53033028300,SEATTLE,WA,0.10018950317211832,0.06955693187232015,0.056776556776556776,0.09290187891440502
98188,53033028100,SEATTLE,WA,0.03806541979072258,0.021438780371605525,0.10256410256410256,0.04038361169102297
98188,53033026200,SEATTLE,WA,0.20425146247013265,0.6917579799904716,0.37545787545787546,0.2832072025052192
98188,53033028403,SEATTLE,WA,0.20466342588778116,0.04478323010957599,0.08791208791208792,0.17445198329853862
98188,53033028200,SEATTLE,WA,0.12943890582516274,0.031919961886612676,0.18315018315018314,0.11991127348643006
98191,53033007302,SEATTLE,WA,0.0,1.0,0.0,1.0
98194,53033009200,SEATTLE,WA,0.9076517150395779,0.7894736842105263,0.5,0.8823529411764706
98194,53033009300,SEATTLE,WA,0.09234828496042216,0.21052631578947367,0.5,0.11764705882352941
98195,53033005304,SEATTLE,WA,0.0,0.3333333333333333,0.0,0.06666666666666667
98195,53033005303,SEATTLE,WA,0.0,0.5,0.9166666666666666,0.8333333333333334
98195,53033005202,SEATTLE,WA,0.0,0.16666666666666666,0.0,0.03333333333333333
98195,53033005305,SEATTLE,WA,0.0,0.0,0.08333333333333333,0.06666666666666667
98198,53033028802,SEATTLE,WA,0.11355863428207061,0.06133625410733844,0.13211845102505695,0.11236589497459062
98198,53033030101,SEATTLE,WA,0.0,0.001095290251916758,0.0,5.1332067142343825e-05
98198,53033029003,SEATTLE,WA,0.1334995072749406,0.03614457831325301,0.11161731207289294,0.12745752271443972
98198,53033028901,SEATTLE,WA,0.17170019129325836,0.6089813800657174,0.18223234624145787,0.19290590832092808
98198,53033029001,SEATTLE,WA,0.12028288215175932,0.02190580503833516,0.11465451784358391,0.11529182280170422
98198,53033029004,SEATTLE,WA,0.0004637412323923251,0.002190580503833516,0.0,0.0005133206714234383
98198,53033028700,SEATTLE,WA,0.07066257028578053,0.018619934282584884,0.00683371298405467,0.06390842359221806
98198,53033030003,SEATTLE,WA,0.09234247290012174,0.04928806133625411,0.018982536066818528,0.08536522765771777
98198,53033028801,SEATTLE,WA,0.06040229551910034,0.08214676889375684,0.033409263477600606,0.059596529952261175
98198,53033028600,SEATTLE,WA,0.0035939945510405193,0.001095290251916758,0.0015186028853454822,0.0033365843642523484
98198,53033028300,SEATTLE,WA,0.04069329314242653,0.0032858707557502738,0.06681852695520121,0.04070632924387865
98198,53033028902,SEATTLE,WA,0.16497594342356964,0.11062431544359255,0.31662870159453305,0.17268107386684461
98198,53033029101,SEATTLE,WA,0.01188336908005333,0.001095290251916758,0.007593014426727411,0.011087726502746266
98198,53033030102,SEATTLE,WA,0.015941104863486176,0.002190580503833516,0.007593014426727411,0.014732303269852677
98199,53033005801,SEATTLE,WA,0.25366274059178395,0.5197368421052632,0.4437869822485207,0.27841732753474885
98199,53033005600,SEATTLE,WA,0.27358038877717133,0.125,0.03106508875739645,0.2518973309456809
98199,53033005803,SEATTLE,WA,0.1613521018864311,0.023026315789473683,0.2559171597633136,0.15963161933998465
98199,53033005700,SEATTLE,WA,0.2917743943311309,0.28125,0.23520710059171598,0.2879679372388505
98199,53033005804,SEATTLE,WA,0.019630374413482716,0.05098684210526316,0.034023668639053255,0.022085784940735056
98201,53061040300,EVERETT,WA,0.08645018177336866,0.050423728813559325,0.03718091009988901,0.07792653621695846
98201,53061040100,EVERETT,WA,0.13549818226631338,0.075,0.06825749167591565,0.12255406797116375
98201,53061040200,EVERETT,WA,0.17980158974674965,0.038135593220338986,0.11653718091009989,0.1578147221813545
98201,53061040700,EVERETT,WA,0.17376301682173886,0.35,0.24361820199778025,0.2003334804570644
98201,53061052104,EVERETT,WA,0.026310924887546983,0.008898305084745763,0.008879023307436182,0.022755137070276103
98201,53061040800,EVERETT,WA,0.1181218805841395,0.30254237288135594,0.21365149833518313,0.14790839095679467
98201,53061040500,EVERETT,WA,0.06605459362868939,0.0288135593220339,0.022197558268590455,0.05786866754940905
98201,53061040900,EVERETT,WA,0.006716371926797708,0.0,0.0,0.005345495561767446
98201,53061040400,EVERETT,WA,0.12539281533058105,0.06271186440677966,0.17758046614872364,0.1227502329459075
98201,53061041000,EVERETT,WA,0.0818904430340748,0.08347457627118644,0.1120976692563818,0.0847432690893041
98203,53061041400,EVERETT,WA,0.1528527370855821,0.0963572267920094,0.12251882272416154,0.14768404564779591
98203,53061041304,EVERETT,WA,0.07703675147776921,0.15863689776733256,0.043121149897330596,0.07814947415529201
98203,53061041000,EVERETT,WA,0.09290670778720124,0.17743830787309048,0.16837782340862423,0.10309912732154844
98203,53061041202,EVERETT,WA,0.18131585710614237,0.1762632197414806,0.23134839151266257,0.18516446632356232
98203,53061041601,EVERETT,WA,0.02152402981238756,0.0,0.022587268993839837,0.020586260908480643
98203,53061040900,EVERETT,WA,0.07517347725520432,0.03290246768507638,0.019849418206707735,0.06863951667039606
98203,53061041100,EVERETT,WA,0.13004369056797738,0.2291421856639248,0.1266255989048597,0.13448198702170508
98203,53061041201,EVERETT,WA,0.08159856078129016,0.0,0.1403148528405202,0.0825128664130678
98203,53061041805,EVERETT,WA,6.425083526085839e-05,0.0,0.0,5.594092638174088e-05
98203,53061041303,EVERETT,WA,0.1294011822153688,0.11045828437132785,0.09582477754962354,0.1257552025061535
98203,53061041906,EVERETT,WA,0.0012207658699563094,0.0,0.0027378507871321013,0.0012866413067800402
98203,53061041301,EVERETT,WA,0.00012850167052171679,0.0,0.0,0.00011188185276348176
98203,53061041500,EVERETT,WA,0.05339244410177332,0.01880141010575793,0.022587268993839837,0.049228015215931974
98203,53061041904,EVERETT,WA,0.003341043433564636,0.0,0.004106776180698152,0.0032445737301409713
98204,53061041813,EVERETT,WA,0.053821367435303594,0.0597864768683274,0.04377104377104377,0.053407956961256456
98204,53061041810,EVERETT,WA,0.13029906353841506,0.046263345195729534,0.07295173961840629,0.12074276541281617
98204,53061041901,EVERETT,WA,0.08841002920149028,0.3330960854092527,0.08473625140291807,0.10304134669616903
98204,53061041905,EVERETT,WA,0.13155774846440438,0.09181494661921709,0.052749719416386086,0.12304221441277279
98204,53061041906,EVERETT,WA,0.08307320511529553,0.08469750889679716,0.08585858585858586,0.08338756562106817
98204,53061041304,EVERETT,WA,0.019685832242473063,0.05907473309608541,0.0005611672278338945,0.020608269339233806
98204,53061041907,EVERETT,WA,0.08070687745443561,0.0056939501779359435,0.21548821548821548,0.08655473122478198
98204,53061041805,EVERETT,WA,0.01651394622897996,0.06690391459074733,0.014590347923681257,0.019436851924161568
98204,53061041812,EVERETT,WA,0.0719464303695499,0.028469750889679714,0.043209876543209874,0.06707449347043255
98204,53061041809,EVERETT,WA,0.11313060114792066,0.03701067615658363,0.08754208754208755,0.10651221311119788
98204,53061041815,EVERETT,WA,0.07803846541133823,0.13238434163701068,0.0920314253647587,0.08243307735693522
98204,53061041904,EVERETT,WA,0.11197261101601047,0.04199288256227758,0.17789001122334455,0.11280315848843768
98204,53061041808,EVERETT,WA,0.020843822374383245,0.012811387900355872,0.02861952861952862,0.02095535598073669
98206,53061040700,EVERETT,WA,1.0,1.0,0.0,1.0
98207,53061040400,EVERETT,WA,1.0,1.0,1.0,1.0
98208,53061041607,EVERETT,WA,0.05598413998189889,0.0008445945945945946,0.0012787723785166241,0.05169057173507092
98208,53061041601,EVERETT,WA,0.0848597164159807,0.04054054054054054,0.049872122762148335,0.0816877905359768
98208,53061041605,EVERETT,WA,0.09662543636598715,0.09037162162162163,0.29539641943734013,0.10250705232627438
98208,53061052004,EVERETT,WA,0.0004740766280222385,0.0008445945945945946,0.0,0.0004767769875640669
98208,53061041609,EVERETT,WA,0.05322587596431496,0.02533783783783784,0.0076726342710997444,0.050498629266160756
98208,53061052114,EVERETT,WA,0.026849976296168598,0.0016891891891891893,0.0,0.024832134768961817
98208,53061052121,EVERETT,WA,0.010214196440115503,0.0,0.0012787723785166241,0.009456076920020661
98208,53061052105,EVERETT,WA,0.0007757617549454812,0.0008445945945945946,0.0025575447570332483,0.0008343597282371171
98208,53061041202,EVERETT,WA,0.0,0.0016891891891891893,0.0,7.946283126067782e-05
98208,53061052010,EVERETT,WA,0.0033616342714304186,0.0,0.0,0.003099050419166435
98208,53061041805,EVERETT,WA,0.1008059302676378,0.43665540540540543,0.18925831202046037,0.11935317255353808
98208,53061052120,EVERETT,WA,0.03801232599232858,0.002533783783783784,0.0,0.035162302832849934
98208,53061041610,EVERETT,WA,0.035081670473645646,0.0008445945945945946,0.00639386189258312,0.032579760816877905
98208,53061041703,EVERETT,WA,0.014653277593414645,0.0,0.0,0.01350868131431523
98208,53061041400,EVERETT,WA,0.0,0.0008445945945945946,0.0,3.973141563033891e-05
98208,53061041813,EVERETT,WA,0.03473688747144766,0.009290540540540541,0.008951406649616368,0.03273868647939926
98208,53061041500,EVERETT,WA,0.0017670128862647071,0.0008445945945945946,0.0025575447570332483,0.001748182287734912
98208,53061041701,EVERETT,WA,0.11278713959401801,0.1545608108108108,0.15217391304347827,0.11597600222495928
98208,53061041814,EVERETT,WA,0.07986036288410982,0.08783783783783784,0.10997442455242967,0.0811712821327824
98208,53061041808,EVERETT,WA,0.06451751928629919,0.0059121621621621625,0.06649616368286446,0.061822082720807345
98208,53061052119,EVERETT,WA,0.03051329569452226,0.02027027027027027,0.00639386189258312,0.029282053319559777
98208,53061041904,EVERETT,WA,0.008576477179675041,0.048986486486486486,0.020460358056265986,0.010846676467082522
98208,53061041704,EVERETT,WA,0.03094427444726975,0.011824324324324325,0.029411764705882353,0.029997218800905875
98208,53061041606,EVERETT,WA,0.11537301211050295,0.057432432432432436,0.049872122762148335,0.11061226111486352
98213,53061040700,EVERETT,WA,1.0,1.0,0.0,1.0
98220,53073010103,ACME,WA,1.0,1.0,1.0,1.0
98221,53055960502,ANACORTES,WA,0.04364633117795896,0.0007558578987150416,0.012578616352201259,0.03918143249313701
98221,53057950100,ANACORTES,WA,0.057843688501546246,0.1126228269085412,0.05450733752620545,0.06226603443973047
98221,53057940500,ANACORTES,WA,0.10739387123980883,0.11564625850340136,0.33752620545073375,0.11492388320439231
98221,53057940302,ANACORTES,WA,0.1111892043857183,0.047619047619047616,0.018867924528301886,0.10319440978287996
98221,53057940802,ANACORTES,WA,0.000281135788585887,0.006802721088435374,0.006289308176100629,0.0009982530571499876
98221,53057940401,ANACORTES,WA,0.10950238965420298,0.008314436885865457,0.020964360587002098,0.0985150985774894
98221,53057940403,ANACORTES,WA,0.10591790834973291,0.015873015873015872,0.018867924528301886,0.09589468430247068
98221,53057940700,ANACORTES,WA,0.06128760191172336,0.019652305366591082,0.0440251572327044,0.057337159970052405
98221,53057940301,ANACORTES,WA,0.08961203261175148,0.017384731670445956,0.031446540880503145,0.08191914150237085
98221,53057940600,ANACORTES,WA,0.15279730109642958,0.6114890400604687,0.29559748427672955,0.19490890940853506
98221,53057940201,ANACORTES,WA,0.10282541467528816,0.027210884353741496,0.13417190775681342,0.0975168455203394
98221,53057940402,ANACORTES,WA,0.05770312060725331,0.016628873771730914,0.025157232704402517,0.053344147741452456
98222,53055960502,BLAKELY ISLAND,WA,1.0,1.0,1.0,1.0
98223,53061053511,ARLINGTON,WA,0.07164824603555983,0.028509951586874662,0.24776500638569604,0.07410881801125703
98223,53061052709,ARLINGTON,WA,0.01830850552618933,0.0005379236148466917,0.002554278416347382,0.016373870032406618
98223,53061053604,ARLINGTON,WA,0.0,0.0,0.001277139208173691,4.264028654272557e-05
98223,53061053506,ARLINGTON,WA,0.10629505045651129,0.00914470145239376,0.035759897828863345,0.0962391267269316
98223,53061053509,ARLINGTON,WA,0.11460836136472849,0.32490586336740185,0.24776500638569604,0.1357240320654955
98223,53061053505,ARLINGTON,WA,0.08361364728495915,0.004841312533620226,0.019157088122605363,0.0752174654613679
98223,53061053302,ARLINGTON,WA,0.012638154733301297,0.0016137708445400753,0.0,0.011342316220365
98223,53061053507,ARLINGTON,WA,0.10302739067755887,0.04088219472834857,0.037037037037037035,0.0958980044345898
98223,53061053508,ARLINGTON,WA,0.06631427198462278,0.07907477138246369,0.06385696040868455,0.06724373187787822
98223,53061053400,ARLINGTON,WA,0.10812109562710236,0.006993006993006993,0.011494252873563218,0.0968787310250725
98223,53061052803,ARLINGTON,WA,0.06650648726573763,0.28509951586874666,0.09323116219667944,0.0847262493603957
98223,53061052711,ARLINGTON,WA,0.0019221528111484864,0.0010758472296933835,0.0,0.0017908920347944738
98223,53061053510,ARLINGTON,WA,0.10980297933685729,0.19849381387842926,0.1979565772669221,0.11977656489851612
98223,53061053101,ARLINGTON,WA,0.031811629024507446,0.0010758472296933835,0.01532567049808429,0.028824833702882482
98223,53061052701,ARLINGTON,WA,0.033061028351753965,0.009682625067240451,0.008939974457215836,0.03040252430496333
98223,53061053700,ARLINGTON,WA,0.030370014416146084,0.002151694459386767,0.007662835249042145,0.027375063960429814
98223,53061053102,ARLINGTON,WA,0.0407015857760692,0.0053792361484669175,0.010217113665389528,0.036883847859457614
98223,53061052808,ARLINGTON,WA,0.0012493993272465161,0.0005379236148466917,0.0,0.0011512877366535903
98224,53033032800,BARING,WA,1.0,1.0,1.0,1.0
98225,53073000501,BELLINGHAM,WA,0.09727928928373127,0.14585547290116896,0.06924493554327808,0.10046575506060787
98225,53073000402,BELLINGHAM,WA,0.059522487506940586,0.08023379383634431,0.03167587476979742,0.0595927628829044
98225,53073001204,BELLINGHAM,WA,0.08280584860262817,0.020722635494155154,0.10423572744014734,0.07756613124738759
98225,53073000301,BELLINGHAM,WA,0.0830279474366093,0.02789585547290117,0.08876611418047882,0.07729742640472921
98225,53073001000,BELLINGHAM,WA,0.16531556542661485,0.05180658873538788,0.13333333333333333,0.1499671582970084
98225,53073000302,BELLINGHAM,WA,0.026725893022394965,0.012752391073326248,0.039042357274401474,0.02615393801874963
98225,53073001101,BELLINGHAM,WA,0.07655006477882657,0.09909670563230606,0.055248618784530384,0.07735713859198662
98225,53073000201,BELLINGHAM,WA,0.05574680732926152,0.02789585547290117,0.09318600368324126,0.055651758523914734
98225,53073001202,BELLINGHAM,WA,0.03198223209328151,0.010361317747077577,0.030939226519337018,0.029467964411536395
98225,53073000600,BELLINGHAM,WA,0.06411253007588377,0.34511158342189163,0.0721915285451197,0.09634561413984594
98225,53073000401,BELLINGHAM,WA,0.06015176753655377,0.06801275239107332,0.03462246777163904,0.0589657849167015
98225,53073000902,BELLINGHAM,WA,0.0007773459189339256,0.0,0.0,0.000626977966202902
98225,53073001102,BELLINGHAM,WA,0.06955395150842125,0.006110520722635494,0.053406998158379376,0.06111542365796859
98225,53073001203,BELLINGHAM,WA,0.06104016287247825,0.02683315621679065,0.11197053406998159,0.06132441631336956
98225,53073000502,BELLINGHAM,WA,0.06540810660744031,0.07731137088204039,0.08213627992633518,0.06810174956708664
98226,53073940002,BELLINGHAM,WA,0.05927813518255493,0.00949367088607595,0.08657047724750278,0.05709788208357184
98226,53073940001,BELLINGHAM,WA,0.0009608154398863732,0.0045207956600361665,0.001664816870144284,0.0012879221522610188
98226,53073000301,BELLINGHAM,WA,0.00016709833737154316,0.010397830018083183,0.003329633740288568,0.0011805953062392672
98226,53073010701,BELLINGHAM,WA,0.03592614253488178,0.0216998191681736,0.007214206437291898,0.032949341728677736
98226,53073000302,BELLINGHAM,WA,0.0540980867240371,0.08815551537070525,0.05160932297447281,0.056632799084144245
98226,53073000804,BELLINGHAM,WA,0.11955886038933912,0.006329113924050633,0.029966703662597113,0.10482255294791071
98226,53073000102,BELLINGHAM,WA,0.17770908179463615,0.47649186256781195,0.31687014428412874,0.2103248425872925
98226,53073000202,BELLINGHAM,WA,0.09353329434372128,0.034358047016274866,0.09600443951165372,0.08900973096737264
98226,53073000807,BELLINGHAM,WA,0.007227003091319241,0.0,0.0,0.006189181453921008
98226,53073000101,BELLINGHAM,WA,0.06800902331021806,0.009041591320072333,0.001664816870144284,0.05906554092730395
98226,53073000803,BELLINGHAM,WA,0.10468710836327179,0.06193490054249548,0.0948945615982242,0.10067258156840297
98226,53073010702,BELLINGHAM,WA,0.03976940429442727,0.006329113924050633,0.002774694783573807,0.03473812249570692
98226,53073000203,BELLINGHAM,WA,0.11245718105104854,0.13652802893309224,0.2413984461709212,0.12267458500286205
98226,53073010600,BELLINGHAM,WA,0.04357089146962988,0.04701627486437613,0.017758046614872364,0.04217945048654837
98226,53073000700,BELLINGHAM,WA,0.07385746511822207,0.0406871609403255,0.04051054384017758,0.06908271322266743
98226,53073000201,BELLINGHAM,WA,0.009190408555434874,0.04701627486437613,0.00776914539400666,0.012092157985117345
98227,53073000600,BELLINGHAM,WA,1.0,1.0,1.0,1.0
98228,53073000803,BELLINGHAM,WA,1.0,1.0,1.0,1.0
98229,53073000809,BELLINGHAM,WA,0.08130179662452362,0.015360983102918587,0.10331125827814569,0.07983497797848024
98229,53057950803,BELLINGHAM,WA,0.006351702861290908,0.018433179723502304,0.003973509933774834,0.006690081953503931
98229,53073000808,BELLINGHAM,WA,0.088318915976045,0.015360983102918587,0.03708609271523179,0.0835145230529074
98229,53073000805,BELLINGHAM,WA,0.1477224608311657,0.03686635944700461,0.04768211920529802,0.13948820873055695
98229,53073001202,BELLINGHAM,WA,0.0829955840542012,0.018433179723502304,0.02119205298013245,0.07805095612421252
98229,53073000902,BELLINGHAM,WA,0.18782892746960256,0.07834101382488479,0.10993377483443709,0.18057646206166025
98229,53073000803,BELLINGHAM,WA,0.06454539955235618,0.02304147465437788,0.017218543046357615,0.06104699782572336
98229,53057950802,BELLINGHAM,WA,0.006775149718710302,0.0,0.0013245033112582781,0.006299827172882868
98229,53073001101,BELLINGHAM,WA,0.014397193152259392,0.0030721966205837174,0.0013245033112582781,0.013435914589953727
98229,53073000807,BELLINGHAM,WA,0.018813138951061643,0.0,0.0,0.017338462396164354
98229,53073000700,BELLINGHAM,WA,0.08027342568507652,0.33640552995391704,0.3072847682119205,0.09912471427774991
98229,53073000904,BELLINGHAM,WA,0.07646240396830198,0.004608294930875576,0.01456953642384106,0.07124937280481686
98229,53073000903,BELLINGHAM,WA,0.144213901155405,0.4500768049155146,0.3350993377483444,0.16334950103138762
98230,53073010504,BLAINE,WA,0.03392983699503898,0.004451038575667656,0.004366812227074236,0.031239935587761676
98230,53073010408,BLAINE,WA,0.05040751240255138,0.005934718100890208,0.002183406113537118,0.046215780998389695
98230,53073010411,BLAINE,WA,0.24282423812898654,0.09050445103857567,0.33624454148471616,0.23800322061191626
98230,53073010301,BLAINE,WA,0.012136782423812898,0.002967359050445104,0.004366812227074236,0.011352657004830917
98230,53073010407,BLAINE,WA,0.0313607370659107,0.002967359050445104,0.002183406113537118,0.028743961352657006
98230,53073010409,BLAINE,WA,0.1677888022678951,0.47774480712166173,0.4192139737991266,0.19388083735909822
98230,53073010406,BLAINE,WA,0.12402551381998582,0.050445103857566766,0.06550218340611354,0.1178743961352657
98230,53073010405,BLAINE,WA,0.23281360737065912,0.016320474777448073,0.05895196506550218,0.2146537842190016
98230,53073010410,BLAINE,WA,0.10471296952515946,0.3486646884272997,0.10698689956331878,0.1180354267310789
98231,53073010409,BLAINE,WA,1.0,1.0,1.0,1.0
98232,53057951900,BOW,WA,0.05852766346593507,0.047619047619047616,0.11764705882352941,0.05827307528711187
98232,53057950801,BOW,WA,0.48148148148148145,0.29931972789115646,0.35294117647058826,0.4691620586984262
98232,53057950803,BOW,WA,0.011431184270690443,0.0,0.0,0.010633772862611655
98232,53057950802,BOW,WA,0.448559670781893,0.6530612244897959,0.5294117647058824,0.46193109315185027
98233,53057951600,BURLINGTON,WA,0.17953621802534067,0.08282416836388323,0.0963302752293578,0.1621411192214112
98233,53057951900,BURLINGTON,WA,0.11666268228544108,0.10386965376782077,0.08256880733944955,0.11338199513381995
98233,53057951800,BURLINGTON,WA,0.35692087018885965,0.5797691785471826,0.7362385321100917,0.404963503649635
98233,53057950801,BURLINGTON,WA,0.005020320344250538,0.002036659877800407,0.0,0.004379562043795621
98233,53057950802,BURLINGTON,WA,0.029285202008128137,0.006788866259334691,0.0,0.024817518248175182
98233,53057950803,BURLINGTON,WA,0.016495338273966053,0.005431093007467753,0.009174311926605505,0.014598540145985401
98233,53057951700,BURLINGTON,WA,0.29607936887401387,0.21928038017651053,0.07568807339449542,0.27571776155717764
98235,53057951300,CLEARLAKE,WA,1.0,1.0,1.0,1.0
98236,53029972000,CLINTON,WA,0.23354092526690393,0.2897959183673469,0.4888888888888889,0.23882156289176765
98236,53029971800,CLINTON,WA,0.05983096085409253,0.0,0.0,0.0562055996656916
98236,53029972100,CLINTON,WA,0.7066281138790036,0.710204081632653,0.5111111111111111,0.7049728374425407
98237,53057951101,CONCRETE,WA,0.23226389516493448,0.39655172413793105,0.35714285714285715,0.2379295345802523
98237,53057951102,CONCRETE,WA,0.6615454134658835,0.4827586206896552,0.6428571428571429,0.6568073075250108
98237,53057951000,CONCRETE,WA,0.10257568910980569,0.10344827586206896,0.0,0.10134841235319704
98237,53073010103,CONCRETE,WA,0.0036150022593764122,0.017241379310344827,0.0,0.0039147455415398
98238,53057952700,CONWAY,WA,1.0,1.0,1.0,1.0
98239,53029971302,COUPEVILLE,WA,0.08471953578336557,0.005714285714285714,0.0,0.07862759113652609
98239,53029971100,COUPEVILLE,WA,0.3941972920696325,0.24,0.42105263157894735,0.38491779842744817
98239,53029971301,COUPEVILLE,WA,0.027079303675048357,0.002857142857142857,0.0,0.025196568977841314
98239,53029971000,COUPEVILLE,WA,0.4940038684719536,0.7514285714285714,0.5789473684210527,0.5112580414581844
98240,53073010408,CUSTER,WA,0.40098199672667756,0.04819277108433735,0.5,0.38617463617463615
98240,53073010407,CUSTER,WA,0.49863611565739224,0.9156626506024096,0.5,0.5166320166320166
98240,53073010410,CUSTER,WA,0.0430987452264048,0.0,0.0,0.04106029106029106
98240,53073010301,CUSTER,WA,0.057283142389525366,0.03614457831325301,0.0,0.056133056133056136
98241,53057951102,DARRINGTON,WA,0.12210915818686402,0.23529411764705882,0.0,0.12175470008952552
98241,53061053700,DARRINGTON,WA,0.877890841813136,0.7647058823529411,1.0,0.8782452999104745
98243,53055960103,DEER HARBOR,WA,1.0,1.0,1.0,1.0
98244,53073010102,DEMING,WA,0.09140893470790377,0.3142857142857143,0.3333333333333333,0.09759358288770054
98244,53073010103,DEMING,WA,0.4872852233676976,0.08571428571428572,0.6666666666666666,0.4786096256684492
98244,53073010101,DEMING,WA,0.4213058419243986,0.6,0.0,0.42379679144385024
98245,53055960101,EASTSOUND,WA,0.46085295989815406,0.47244094488188976,0.5466666666666666,0.4632177033492823
98245,53055960102,EASTSOUND,WA,0.23965626989178868,0.03937007874015748,0.02666666666666667,0.22727272727272727
98245,53055960103,EASTSOUND,WA,0.29949077021005727,0.4881889763779528,0.4266666666666667,0.30950956937799046
98247,53073010701,EVERSON,WA,0.1330049261083744,0.09051724137931035,0.11194029850746269,0.13026571613739468
98247,53073010101,EVERSON,WA,0.02861834388927985,0.017241379310344827,0.0,0.027219701879455604
98247,53073010201,EVERSON,WA,0.22660098522167488,0.1810344827586207,0.029850746268656716,0.21862173255562756
98247,53073010702,EVERSON,WA,0.27820783485808115,0.11637931034482758,0.5970149253731343,0.27932598833441347
98247,53073010202,EVERSON,WA,0.3335679099225897,0.5948275862068966,0.26119402985074625,0.3445668610931087
98248,53073000202,FERNDALE,WA,0.003217908359566282,0.05966767371601209,0.027777777777777776,0.008874472121916886
98248,53073010504,FERNDALE,WA,0.06939489331934243,0.012084592145015106,0.018055555555555554,0.06248852438949752
98248,53073010407,FERNDALE,WA,0.04770898915704792,0.17371601208459214,0.09444444444444444,0.0599791908929555
98248,53073940001,FERNDALE,WA,0.08415529905561385,0.004531722054380665,0.0125,0.07454556582410184
98248,53073010506,FERNDALE,WA,0.2498076250437216,0.2938066465256798,0.41388888888888886,0.26060346410429036
98248,53073010503,FERNDALE,WA,0.18551941238195174,0.08836858006042296,0.1597222222222222,0.1765101903421262
98248,53073010600,FERNDALE,WA,0.0987757957327737,0.15709969788519637,0.04722222222222222,0.10123018544586572
98248,53073010505,FERNDALE,WA,0.1863588667366212,0.14577039274924472,0.15833333333333333,0.18183487361527634
98248,53073010301,FERNDALE,WA,0.04050367261280168,0.0075528700906344415,0.011111111111111112,0.03653834383989228
98248,53073000201,FERNDALE,WA,0.034557537600559636,0.05740181268882175,0.05694444444444444,0.03739518942407736
98249,53029971302,FREELAND,WA,0.11815496478073165,0.0,0.01694915254237288,0.10746699669966997
98249,53029971900,FREELAND,WA,0.39763690070438534,0.729381443298969,0.3389830508474576,0.423473597359736
98249,53029971301,FREELAND,WA,0.17496023630992957,0.07216494845360824,0.1694915254237288,0.16666666666666666
98249,53029971800,FREELAND,WA,0.3092478982049534,0.19845360824742267,0.4745762711864407,0.3023927392739274
98250,53055960400,FRIDAY HARBOR,WA,0.5168788692909707,0.9364896073903002,0.8547486033519553,0.5610035394545076
98250,53055960302,FRIDAY HARBOR,WA,0.20254643149164817,0.018475750577367205,0.03910614525139665,0.1829065167603581
98250,53055960301,FRIDAY HARBOR,WA,0.28057469921738115,0.04503464203233257,0.10614525139664804,0.2560899437851343
98251,53061053801,GOLD BAR,WA,0.20931349015842535,0.09090909090909091,0.0,0.2072072072072072
98251,53061053803,GOLD BAR,WA,0.7479596735477676,0.9090909090909091,1.0,0.750592697961119
98251,53033032800,GOLD BAR,WA,0.04272683629380701,0.0,0.0,0.04220009483167378
98252,53061053603,GRANITE FALLS,WA,0.028547717842323652,0.0,0.0,0.027150749802683505
98252,53061053506,GRANITE FALLS,WA,0.035518672199170126,0.0,0.025,0.03409629044988161
98252,53061053505,GRANITE FALLS,WA,0.05360995850622407,0.0,0.025,0.05130228887134965
98252,53061053604,GRANITE FALLS,WA,0.5985062240663901,0.9391304347826087,0.7,0.6121546961325967
98252,53061053606,GRANITE FALLS,WA,0.18506224066390042,0.05217391304347826,0.1625,0.17995264404104183
98252,53061053700,GRANITE FALLS,WA,0.0004979253112033195,0.0,0.0,0.00047355958958168905
98252,53061053605,GRANITE FALLS,WA,0.09825726141078839,0.008695652173913044,0.0875,0.09486977111286504
98253,53029971301,GREENBANK,WA,0.5110163468372424,0.8518518518518519,1.0,0.5211072664359861
98253,53029971302,GREENBANK,WA,0.48898365316275766,0.14814814814814814,0.0,0.47889273356401385
98255,53057951000,HAMILTON,WA,1.0,1.0,0.0,1.0
98256,53061053801,INDEX,WA,1.0,1.0,1.0,1.0
98257,53057940802,LA CONNER,WA,0.2557414233059257,0.08196721311475409,0.31683168316831684,0.24638429752066116
98257,53057940801,LA CONNER,WA,0.23929685284944713,0.004098360655737705,0.04950495049504951,0.21952479338842976
98257,53057952100,LA CONNER,WA,0.5049617238446271,0.9139344262295082,0.6336633663366337,0.5340909090909091
98258,53061053603,LAKE STEVENS,WA,0.038045767232907486,0.012642225031605562,0.015384615384615385,0.03676274944567628
98258,53061052707,LAKE STEVENS,WA,0.043474191585942255,0.045512010113780026,0.046153846153846156,0.043592017738359204
98258,53061053604,LAKE STEVENS,WA,0.004211708549768356,0.0037926675094816687,0.0,0.004124168514412417
98258,53061053505,LAKE STEVENS,WA,0.028078056998455708,0.0012642225031605564,0.0,0.02665188470066519
98258,53061052706,LAKE STEVENS,WA,0.09495062941644439,0.07711757269279393,0.041025641025641026,0.09339246119733925
98258,53061052505,LAKE STEVENS,WA,0.09359352332818568,0.11378002528445007,0.09487179487179487,0.09432372505543238
98258,53061052605,LAKE STEVENS,WA,0.15541204548645235,0.40707964601769914,0.18205128205128204,0.16470066518847007
98258,53061052604,LAKE STEVENS,WA,0.12213954794328233,0.1959544879898862,0.4128205128205128,0.12975609756097561
98258,53061052606,LAKE STEVENS,WA,0.08694838317188451,0.008849557522123894,0.028205128205128206,0.08319290465631929
98258,53061052104,LAKE STEVENS,WA,0.002667415414853292,0.0012642225031605564,0.0,0.002572062084257206
98258,53061052709,LAKE STEVENS,WA,0.013992231737563761,0.0,0.010256410256410256,0.013436807095343681
98258,53061052504,LAKE STEVENS,WA,0.046048013477467356,0.08849557522123894,0.038461538461538464,0.04740576496674058
98258,53061052607,LAKE STEVENS,WA,0.09167485609995789,0.02781289506953224,0.023076923076923078,0.08824833702882483
98258,53061052506,LAKE STEVENS,WA,0.08676119612522813,0.007585335018963337,0.03333333333333333,0.08305986696230598
98258,53061052603,LAKE STEVENS,WA,0.06434554728812766,0.006321112515802781,0.06666666666666667,0.06235033259423503
98258,53061052711,LAKE STEVENS,WA,0.02765688614347887,0.0025284450063211127,0.007692307692307693,0.026430155210643017
98259,53061053101,NORTH LAKEWOOD,WA,1.0,1.0,1.0,1.0
98260,53029971900,LANGLEY,WA,0.3750542299349241,0.0625,0.17142857142857143,0.35127591706539074
98260,53029971800,LANGLEY,WA,0.08524945770065076,0.023809523809523808,0.17142857142857143,0.0823365231259968
98260,53029972000,LANGLEY,WA,0.5396963123644252,0.9136904761904762,0.6571428571428571,0.5663875598086124
98261,53055960501,LOPEZ ISLAND,WA,0.6552529182879377,0.7066666666666667,0.7941176470588235,0.658454647256439
98261,53055960502,LOPEZ ISLAND,WA,0.34474708171206225,0.29333333333333333,0.20588235294117646,0.341545352743561
98262,53073010900,LUMMI ISLAND,WA,1.0,1.0,1.0,1.0
98263,53057951000,LYMAN,WA,1.0,1.0,0.0,1.0
98264,53073010303,LYNDEN,WA,0.27957091323333966,0.10789473684210527,0.3190921228304406,0.2661997907107784
98264,53073010302,LYNDEN,WA,0.2783368141256882,0.45526315789473687,0.32309746328437916,0.2972711905336875
98264,53073010202,LYNDEN,WA,0.05107271691665084,0.027192982456140352,0.06542056074766354,0.04974643805843999
98264,53073010301,LYNDEN,WA,0.2292576419213974,0.29912280701754385,0.21762349799732977,0.23496739917894227
98264,53073010600,LYNDEN,WA,0.04404784507309664,0.02982456140350877,0.017356475300400534,0.04113338163084601
98264,53073010701,LYNDEN,WA,0.11771406872982723,0.08070175438596491,0.05740987983978638,0.11068179988730581
98266,53073010102,MAPLE FALLS,WA,0.8592417061611375,0.6363636363636364,0.6842105263157895,0.8554160855416085
98266,53073010101,MAPLE FALLS,WA,0.14075829383886257,0.36363636363636365,0.3157894736842105,0.14458391445839144
98267,53057951102,MARBLEMOUNT,WA,0.18613138686131386,0.2,0.0,0.1863799283154122
98267,53057951101,MARBLEMOUNT,WA,0.8138686131386861,0.8,0.0,0.8136200716845878
98270,53061940001,MARYSVILLE,WA,0.0016516382465851264,0.0,0.001176470588235294,0.001545909442252146
98270,53061052104,MARYSVILLE,WA,0.05811981073118472,0.003762227238525207,0.0,0.05317114844798829
98270,53061052711,MARYSVILLE,WA,0.08293902330149094,0.0030097817908201654,0.0058823529411764705,0.0759529718074936
98270,53061052706,MARYSVILLE,WA,0.00013391661458798322,0.0,0.0,0.00012204548228306415
98270,53061052906,MARYSVILLE,WA,0.08664404963842515,0.006019563581640331,0.05764705882352941,0.08128229120052073
98270,53061052708,MARYSVILLE,WA,0.0830283010445496,0.0030097817908201654,0.0035294117647058825,0.0759529718074936
98270,53061052809,MARYSVILLE,WA,0.05347736809213463,0.0015048908954100827,0.0058823529411764705,0.0490216020503641
98270,53061052707,MARYSVILLE,WA,0.07673422015891439,0.009781790820165538,0.010588235294117647,0.0708270615516049
98270,53061052810,MARYSVILLE,WA,0.06744933488081421,0.0030097817908201654,0.004705882352941176,0.06179569586265815
98270,53061052710,MARYSVILLE,WA,0.07052941701633783,0.01655379984951091,0.002352941176470588,0.06525365119401164
98270,53061052904,MARYSVILLE,WA,0.09842871172216766,0.01580135440180587,0.02823529411764706,0.09153411171229811
98270,53061052709,MARYSVILLE,WA,0.026961878403713953,0.0,0.002352941176470588,0.02465318742117896
98270,53061052905,MARYSVILLE,WA,0.10097312739933935,0.17381489841986456,0.3847058823529412,0.1147227533460803
98270,53061052903,MARYSVILLE,WA,0.13204178198375144,0.6117381489841986,0.39647058823529413,0.1671209470729425
98270,53061052805,MARYSVILLE,WA,0.060887420766003036,0.15199398043641835,0.09647058823529411,0.06704365160082991
98271,53061053102,MARYSVILLE,WA,0.15527906649796147,0.13876651982378854,0.16876574307304787,0.15465842508531324
98271,53061052701,MARYSVILLE,WA,0.0051314494587375225,0.0,0.0,0.004700276865623592
98271,53061052807,MARYSVILLE,WA,0.12188949810206663,0.1211453744493392,0.10075566750629723,0.12130577554568282
98271,53061052808,MARYSVILLE,WA,0.0945451989315338,0.004405286343612335,0.037783375314861464,0.08782435129740519
98271,53061940002,MARYSVILLE,WA,0.1172501054407423,0.030837004405286344,0.04785894206549118,0.1104243126649926
98271,53061940001,MARYSVILLE,WA,0.19822859552931252,0.28193832599118945,0.1889168765743073,0.20288455347369777
98271,53061053101,MARYSVILLE,WA,0.11036131027695768,0.04515418502202643,0.05793450881612091,0.10520893696478012
98271,53061052809,MARYSVILLE,WA,0.0003514691410094194,0.0022026431718061676,0.0,0.0004507114802652759
98271,53061052803,MARYSVILLE,WA,0.15274848868269367,0.3436123348017621,0.3224181360201511,0.16824415684759514
98271,53061052805,MARYSVILLE,WA,0.04210600309292844,0.031938325991189426,0.06297229219143577,0.04204494237331788
98271,53061052709,MARYSVILLE,WA,0.002108814846056516,0.0,0.012594458438287154,0.0022535574013263795
98272,53061052210,MONROE,WA,0.08653382612887675,0.13587347232207045,0.19715447154471544,0.09512178100355921
98272,53061053802,MONROE,WA,0.021131287160533505,0.0,0.0,0.018354386209784353
98272,53061052112,MONROE,WA,0.004017354973485457,0.0,0.0,0.0034894270360806756
98272,53061053801,MONROE,WA,0.07673147999357223,0.005751258087706686,0.008130081300813009,0.06748551887780027
98272,53061053803,MONROE,WA,0.004178049172424875,0.0,0.0,0.0036290041175239024
98272,53061052207,MONROE,WA,0.16888960308532863,0.0035945363048166786,0.016260162601626018,0.14760276362621258
98272,53061052113,MONROE,WA,0.03704001285553592,0.0,0.0,0.03217251727266383
98272,53061052206,MONROE,WA,0.04049493813273341,0.0014378145219266715,0.0,0.03531300160513644
98272,53061052211,MONROE,WA,0.02249718785151856,0.01509705248023005,0.014227642276422764,0.02149487054225696
98272,53061053606,MONROE,WA,8.034709946970914e-05,0.0,0.0,6.978854072161351e-05
98272,53061052208,MONROE,WA,0.22593604370882212,0.37598849748382457,0.40040650406504064,0.24649312582873892
98272,53061052203,MONROE,WA,0.17009480957737425,0.20776419841840402,0.06504065040650407,0.17014446227929375
98272,53061052204,MONROE,WA,0.1423750602603246,0.2544931703810209,0.29878048780487804,0.15862935306022752
98273,53057952100,MOUNT VERNON,WA,0.06926625342367017,0.038443935926773455,0.01089108910891089,0.061866541683754175
98273,53057951800,MOUNT VERNON,WA,0.0007928499351304598,0.0004576659038901602,0.0,0.0007030288827699338
98273,53057952301,MOUNT VERNON,WA,0.13399163903704772,0.030663615560640733,0.17623762376237623,0.12326439744566173
98273,53057951900,MOUNT VERNON,WA,0.044111287299985584,0.022425629290617848,0.01287128712871287,0.03948678891557795
98273,53057952303,MOUNT VERNON,WA,0.0941329104800346,0.012814645308924484,0.100990099009901,0.08412912297146874
98273,53057952700,MOUNT VERNON,WA,0.02320887991927346,0.016018306636155607,0.0039603960396039604,0.02114945222332884
98273,53057951200,MOUNT VERNON,WA,0.017803084907020327,0.002745995423340961,0.0,0.014822192278399437
98273,53057952304,MOUNT VERNON,WA,0.1841574167507568,0.007780320366132723,0.09603960396039604,0.15636534067607943
98273,53057952401,MOUNT VERNON,WA,0.015136226034308779,0.017391304347826087,0.030693069306930693,0.016345421524400962
98273,53057952600,MOUNT VERNON,WA,0.06739224448608909,0.11899313501144165,0.046534653465346534,0.07276348936668815
98273,53057951300,MOUNT VERNON,WA,0.02443419345538417,0.002745995423340961,0.0019801980198019802,0.020329251860097253
98273,53057952200,MOUNT VERNON,WA,0.13125270289750612,0.28466819221967965,0.2732673267326733,0.15929462768762084
98273,53057952500,MOUNT VERNON,WA,0.19432031137379271,0.4448512585812357,0.24653465346534653,0.22948034448415255
98274,53057952401,MOUNT VERNON,WA,0.11660149306789903,0.25630252100840334,0.20078740157480315,0.12271862053521441
98274,53057952500,MOUNT VERNON,WA,0.013745704467353952,0.012605042016806723,0.03937007874015748,0.014444071212630165
98274,53057952600,MOUNT VERNON,WA,0.07737883635501837,0.31512605042016806,0.05511811023622047,0.08308140185869443
98274,53057952404,MOUNT VERNON,WA,0.0670695580045029,0.06722689075630252,0.08661417322834646,0.06762960474750868
98274,53057952303,MOUNT VERNON,WA,0.01611565351344946,0.07142857142857142,0.06692913385826772,0.01903482252827231
98274,53057952405,MOUNT VERNON,WA,0.06837302997985543,0.029411764705882353,0.2677165354330709,0.0730041428731385
98274,53057952700,MOUNT VERNON,WA,0.1781016708140775,0.08823529411764706,0.05511811023622047,0.17220915910872242
98274,53057951200,MOUNT VERNON,WA,0.16186751984832326,0.07142857142857142,0.023622047244094488,0.15552569701041316
98274,53057952403,MOUNT VERNON,WA,0.3007465339495201,0.08823529411764706,0.2047244094488189,0.2923524801254059
98275,53061042006,MUKILTEO,WA,0.2386691901583823,0.31291234684260133,0.2148626817447496,0.24413345848621895
98275,53061041301,MUKILTEO,WA,0.35232592887737824,0.3911404335532517,0.4798061389337641,0.36257359842990017
98275,53061042001,MUKILTEO,WA,0.24096025500547863,0.09236569274269557,0.2148626817447496,0.22612850925846914
98275,53061041304,MUKILTEO,WA,0.0017930072716406016,0.003770028275212064,0.0,0.0018772932844099326
98275,53061041901,MUKILTEO,WA,0.029285785436796493,0.04147031102733271,0.027463651050080775,0.030292687089342095
98275,53061042005,MUKILTEO,WA,0.13696583325032374,0.1583411875589067,0.0630048465266559,0.1349944534516597
98276,53073010202,NOOKSACK,WA,0.029779058597502402,0.0,0.07692307692307693,0.029304029304029304
98276,53073010201,NOOKSACK,WA,0.9702209414024976,1.0,0.9230769230769231,0.9706959706959707
98277,53029970800,OAK HARBOR,WA,0.06303018346813967,0.08647798742138364,0.06902502157031924,0.06464966750341304
98277,53029970300,OAK HARBOR,WA,0.12665219964490038,0.013364779874213837,0.03882657463330457,0.11582331439644163
98277,53029970500,OAK HARBOR,WA,0.14805681594002762,0.009433962264150943,0.03278688524590164,0.13440789183952084
98277,53029970700,OAK HARBOR,WA,0.16285263365555336,0.5825471698113207,0.2269197584124245,0.18963315277227286
98277,53029970200,OAK HARBOR,WA,0.005671730124284869,0.0047169811320754715,0.03451251078515962,0.007090324569516008
98277,53029970602,OAK HARBOR,WA,0.07540935095679621,0.05267295597484277,0.0992234685073339,0.07535121328224777
98277,53029970100,OAK HARBOR,WA,0.06608798579601499,0.018867924528301886,0.010353753235547885,0.06059805346368961
98277,53029970601,OAK HARBOR,WA,0.08236338528309331,0.015723270440251572,0.06298533218291631,0.07764125600035232
98277,53029970402,OAK HARBOR,WA,0.07097060564213849,0.18553459119496854,0.13891285591026747,0.08085612366230678
98277,53029970900,OAK HARBOR,WA,0.0785657920694417,0.025157232704402517,0.2631578947368421,0.08499581626811116
98277,53029970401,OAK HARBOR,WA,0.07175971592029987,0.0015723270440251573,0.021570319240724764,0.06526621746597966
98277,53029971000,OAK HARBOR,WA,0.04857960149930953,0.003930817610062893,0.001725625539257981,0.043686968776148326
98278,53029970200,OAK HARBOR,WA,1.0,0.5,0.9803921568627451,0.9996695307336417
98278,53029970900,OAK HARBOR,WA,0.0,0.5,0.0196078431372549,0.00033046926635822867
98279,53055960101,OLGA,WA,1.0,1.0,1.0,1.0
98280,53055960102,ORCAS,WA,0.871313672922252,0.5,0.0,0.8693333333333333
98280,53055960103,ORCAS,WA,0.128686327077748,0.5,0.0,0.13066666666666665
98281,53073011000,POINT ROBERTS,WA,1.0,1.0,1.0,1.0
98282,53061053201,CAMANO ISLAND,WA,0.0003160556257901391,0.0,0.0,0.00030441400304414006
98282,53029971700,CAMANO ISLAND,WA,0.27970922882427307,0.09554140127388536,0.3300970873786408,0.2778285134449518
98282,53029971400,CAMANO ISLAND,WA,0.266645596291614,0.12738853503184713,0.10679611650485436,0.2610857432775241
98282,53029971500,CAMANO ISLAND,WA,0.2267172355667931,0.6687898089171974,0.18446601941747573,0.2328767123287671
98282,53029971600,CAMANO ISLAND,WA,0.2266118836915297,0.10828025477707007,0.3786407766990291,0.22790461694571285
98283,53057951102,ROCKPORT,WA,0.3088803088803089,0.125,0.0,0.28975265017667845
98283,53073010103,ROCKPORT,WA,0.10810810810810811,0.5625,0.5,0.14487632508833923
98283,53057951101,ROCKPORT,WA,0.583011583011583,0.3125,0.5,0.5653710247349824
98284,53057951300,SEDRO WOOLLEY,WA,0.029506040930385467,0.0024752475247524753,0.0,0.027110243316311206
98284,53057951502,SEDRO WOOLLEY,WA,0.13027040355058767,0.125,0.25806451612903225,0.13322319014719136
98284,53057951503,SEDRO WOOLLEY,WA,0.14317415961206542,0.09777227722772278,0.08504398826979472,0.13893060979273056
98284,53057951400,SEDRO WOOLLEY,WA,0.14868085805868334,0.17574257425742573,0.19941348973607037,0.15162210874136378
98284,53057951600,SEDRO WOOLLEY,WA,0.022602120489849595,0.0037128712871287127,0.002932551319648094,0.02095223790928207
98284,53073010103,SEDRO WOOLLEY,WA,0.0007397057614859867,0.0024752475247524753,0.0,0.0008260738960648844
98284,53057951200,SEDRO WOOLLEY,WA,0.015287252404043725,0.0049504950495049506,0.0,0.014268549113848002
98284,53073000807,SEDRO WOOLLEY,WA,0.1001068463877702,0.013613861386138614,0.01466275659824047,0.09267047161309702
98284,53057950803,SEDRO WOOLLEY,WA,0.02942385140133147,0.0049504950495049506,0.002932551319648094,0.027260438570141182
98284,53057951501,SEDRO WOOLLEY,WA,0.15796827484178516,0.4591584158415842,0.36363636363636365,0.18151096425352958
98284,53057951000,SEDRO WOOLLEY,WA,0.07364181803238268,0.018564356435643563,0.02346041055718475,0.06901471913487534
98284,53057950900,SEDRO WOOLLEY,WA,0.13133886742828962,0.09158415841584158,0.04985337243401759,0.12683989185941724
98284,53057950802,SEDRO WOOLLEY,WA,0.01725980110133969,0.0,0.0,0.015770501652147793
98286,53055960502,SHAW ISLAND,WA,1.0,1.0,1.0,1.0
98287,53061053302,SILVANA,WA,1.0,1.0,1.0,1.0
98288,53033032800,SKYKOMISH,WA,1.0,1.0,1.0,1.0
98290,53061052211,SNOHOMISH,WA,0.002806480418420717,0.004197271773347324,0.009584664536741214,0.003129164976531263
98290,53061053605,SNOHOMISH,WA,0.033613981375175406,0.001049317943336831,0.0,0.030596279770527902
98290,53061052204,SNOHOMISH,WA,0.0010843219798443678,0.0,0.001597444089456869,0.0010430549921770875
98290,53061052607,SNOHOMISH,WA,0.02844750605944636,0.01049317943336831,0.006389776357827476,0.026655849800081125
98290,53061052302,SNOHOMISH,WA,0.10435004464855212,0.02728226652675761,0.023961661341853034,0.09717795677116532
98290,53061052104,SNOHOMISH,WA,0.011544839903048859,0.001049317943336831,0.0,0.010546444920901663
98290,53061052105,SNOHOMISH,WA,0.030935068248501084,0.015739769150052464,0.020766773162939296,0.029727067277046996
98290,53061052401,SNOHOMISH,WA,0.11736190840668452,0.2203567681007345,0.2380191693290735,0.12742655154430085
98290,53061052301,SNOHOMISH,WA,0.1282689118510014,0.0062959076600209865,0.02875399361022364,0.11792316161557628
98290,53061052504,SNOHOMISH,WA,0.010460517923204491,0.016789087093389297,0.006389776357827476,0.010662339920032451
98290,53061052203,SNOHOMISH,WA,0.06269932389335374,0.005246589716684155,0.0,0.05725212957060903
98290,53061052206,SNOHOMISH,WA,0.09006250797295573,0.0,0.011182108626198083,0.08222750188329374
98290,53061052402,SNOHOMISH,WA,0.12941701747671897,0.4900314795383001,0.5415335463258786,0.1642811612678913
98290,53061053606,SNOHOMISH,WA,0.03616532721010333,0.004197271773347324,0.003194888178913738,0.03320391725097062
98290,53061052606,SNOHOMISH,WA,0.010269166985584896,0.0031479538300104933,0.001597444089456869,0.009561337428289969
98290,53061052502,SNOHOMISH,WA,0.16098992218395203,0.19202518363064008,0.10543130990415335,0.16068841629483688
98290,53061053603,SNOHOMISH,WA,0.04152315346345197,0.002098635886673662,0.001597444089456869,0.03789766471576751
98291,53061052401,SNOHOMISH,WA,1.0,1.0,1.0,1.0
98292,53061940002,STANWOOD,WA,0.006084699010222294,0.0,0.0,0.0055882572088518
98292,53057952700,STANWOOD,WA,0.0024338796040889177,0.0,0.0,0.00223530288354072
98292,53061053101,STANWOOD,WA,0.015171182865487588,0.0,0.007462686567164179,0.014082408166306534
98292,53061053102,STANWOOD,WA,0.019065390232029855,0.0024183796856106408,0.007462686567164179,0.017807912972207733
98292,53061053302,STANWOOD,WA,0.21117962031478177,0.03143893591293833,0.07462686567164178,0.19737724461664555
98292,53061053400,STANWOOD,WA,0.0059224403699496995,0.0,0.0,0.005439237016615752
98292,53061053202,STANWOOD,WA,0.17629401265617395,0.015719467956469165,0.06716417910447761,0.1642202518441249
98292,53061053201,STANWOOD,WA,0.15828330358591594,0.020556227327690448,0.13059701492537312,0.14924372252440204
98292,53061053301,STANWOOD,WA,0.40556547136135,0.9298669891172914,0.7126865671641791,0.44400566276730496
98293,53061053803,STARTUP,WA,1.0,1.0,0.0,1.0
98294,53061053801,SULTAN,WA,0.047953216374269005,0.0,0.021052631578947368,0.045379688929551694
98294,53061053802,SULTAN,WA,0.7764132553606238,0.9916666666666667,0.8526315789473684,0.7871912168344007
98294,53061053803,SULTAN,WA,0.17563352826510722,0.008333333333333333,0.12631578947368421,0.16742909423604757
98295,53073010101,SUMAS,WA,0.03662625741552747,0.008968609865470852,0.03225806451612903,0.035079288803459875
98295,53073010201,SUMAS,WA,0.014444157854010833,0.0,0.03225806451612903,0.013935607880826525
98295,53073010202,SUMAS,WA,0.9264895537786949,0.9910313901345291,0.9354838709677419,0.9300816914944738
98295,53073010102,SUMAS,WA,0.02244003095176683,0.0,0.0,0.020903411821239788
98296,53061052108,SNOHOMISH,WA,0.20990543956558375,0.5074183976261127,0.37404580152671757,0.2208269799982061
98296,53061052114,SNOHOMISH,WA,0.0795805636176388,0.005934718100890208,0.007633587786259542,0.0765091039555117
98296,53061052008,SNOHOMISH,WA,0.04016477857878476,0.0,0.0,0.03847878733518701
98296,53061041609,SNOHOMISH,WA,0.005336578972006367,0.0,0.015267175572519083,0.00529195443537537
98296,53061041610,SNOHOMISH,WA,0.049527197827918736,0.002967359050445104,0.007633587786259542,0.04762758991837833
98296,53061052107,SNOHOMISH,WA,0.05505102518490778,0.12759643916913946,0.1297709923664122,0.058121804646156607
98296,53061051912,SNOHOMISH,WA,0.008613425709203258,0.01483679525222552,0.007633587786259542,0.008790026011301463
98296,53061052105,SNOHOMISH,WA,0.03127048029210748,0.17210682492581603,0.10687022900763359,0.03641582204682034
98296,53061052112,SNOHOMISH,WA,0.12124332927628499,0.032640949554896145,0.03816793893129771,0.11758902143690017
98296,53061052121,SNOHOMISH,WA,0.10513996816777456,0.032640949554896145,0.12213740458015267,0.10314826441833348
98296,53061052119,SNOHOMISH,WA,0.03211309802452954,0.0,0.015267175572519083,0.030944479325500044
98296,53061052113,SNOHOMISH,WA,0.06488156539649846,0.008902077151335312,0.022900763358778626,0.06269620593775227
98296,53061052122,SNOHOMISH,WA,0.16637019005711076,0.09198813056379822,0.13740458015267176,0.16378150506771907
98296,53061052120,SNOHOMISH,WA,0.03080235932965078,0.002967359050445104,0.015267175572519083,0.029778455466858013
98297,53055960103,WALDRON,WA,1.0,0.0,0.0,1.0
98303,53053072603,ANDERSON ISLAND,WA,1.0,1.0,1.0,1.0
98304,53053073200,ASHFORD,WA,0.6682769726247987,1.0,0.5454545454545454,0.6702290076335878
98304,53041971800,ASHFORD,WA,0.33172302737520126,0.0,0.45454545454545453,0.3297709923664122
98305,53009002400,BEAVER,WA,1.0,1.0,1.0,1.0
98310,53035080200,BREMERTON,WA,0.239877769289534,0.35714285714285715,0.31897341888175984,0.2531423560362467
98310,53035091800,BREMERTON,WA,0.06145488498429675,0.0480295566502463,0.00916590284142988,0.056489330605086235
98310,53035080400,BREMERTON,WA,0.1573720397249809,0.09482758620689655,0.05957836846929423,0.14586378251973106
98310,53035080300,BREMERTON,WA,0.1869111280875987,0.18842364532019704,0.3015582034830431,0.19614147909967847
98310,53035080102,BREMERTON,WA,0.21093285799168152,0.2536945812807882,0.21448212648945922,0.21375328851213096
98310,53035091900,BREMERTON,WA,0.010949834479246244,0.04310344827586207,0.00458295142071494,0.012350190002923122
98310,53035080101,BREMERTON,WA,0.1325014854426619,0.014778325123152709,0.09165902841429881,0.12225957322420344
98311,53035091900,BREMERTON,WA,0.17287912449600923,0.4025157232704403,0.061996779388083734,0.16816159848319112
98311,53035091204,BREMERTON,WA,0.07175183082366494,0.006289308176100629,0.018518518518518517,0.06541238241085101
98311,53035091702,BREMERTON,WA,0.12622397761869497,0.05345911949685535,0.011272141706924315,0.11412528257857507
98311,53035091100,BREMERTON,WA,0.011684357771743602,0.03459119496855346,0.001610305958132045,0.011303143002989863
98311,53035091500,BREMERTON,WA,0.14333909322800956,0.03773584905660377,0.0748792270531401,0.1346897104936921
98311,53035091800,BREMERTON,WA,0.05718752571381552,0.1289308176100629,0.024154589371980676,0.055859403485743454
98311,53035091701,BREMERTON,WA,0.14004772484160288,0.08490566037735849,0.01610305958132045,0.12754320717567272
98311,53035091205,BREMERTON,WA,0.01958364189911956,0.0031446540880503146,0.0,0.017428717275577918
98311,53035091600,BREMERTON,WA,0.25730272360733975,0.24842767295597484,0.7914653784219001,0.3054765550937067
98312,53035080700,BREMERTON,WA,0.1056323391873636,0.06619593998234775,0.10550458715596331,0.10354464576831711
98312,53035081200,BREMERTON,WA,0.020835498285357995,0.01676963812886143,0.09724770642201835,0.02450044249848619
98312,53035092000,BREMERTON,WA,0.06401330146523954,0.00617828773168579,0.03761467889908257,0.05962084866551772
98312,53035081100,BREMERTON,WA,0.07185908760261872,0.18711385701676964,0.07339449541284404,0.07801946993339233
98312,53035080600,BREMERTON,WA,0.08957705497246181,0.019417475728155338,0.05137614678899083,0.08393497601192416
98312,53035092102,BREMERTON,WA,0.03881325989816066,0.11915269196822595,0.01834862385321101,0.04201406679398202
98312,53045960401,BREMERTON,WA,0.0004156707887353216,0.0,0.0,0.0003726303041594858
98312,53035091400,BREMERTON,WA,0.07419723578925491,0.02912621359223301,0.03577981651376147,0.06986818202990358
98312,53035080900,BREMERTON,WA,0.14512106411721917,0.21359223300970873,0.10275229357798166,0.1465834458987377
98312,53035091201,BREMERTON,WA,0.0008833004260625584,0.00176522506619594,0.0,0.0008849969723787787
98312,53035091301,BREMERTON,WA,0.05699885690533098,0.00529567519858782,0.014678899082568808,0.05212166379430807
98312,53045960302,BREMERTON,WA,0.0004156707887353216,0.0,0.0,0.0003726303041594858
98312,53035092101,BREMERTON,WA,0.0034292840070664033,0.03177405119152692,0.006422018348623854,0.0050770878941729936
98312,53035091302,BREMERTON,WA,0.022602099137483112,0.009708737864077669,0.0009174311926605505,0.020820718244911267
98312,53035080800,BREMERTON,WA,0.06011638782084589,0.019417475728155338,0.344954128440367,0.07243001537100005
98312,53035081000,BREMERTON,WA,0.245089888808064,0.2744924977934687,0.11100917431192661,0.23983417951464903
98314,53035081100,BREMERTON,WA,0.0,0.0,0.004424778761061947,0.0001606425702811245
98314,53035081400,BREMERTON,WA,1.0,0.0,0.995575221238938,0.9998393574297189
98315,53035090300,SILVERDALE,WA,1.0,1.0,1.0,1.0
98320,53031950702,BRINNON,WA,1.0,1.0,1.0,1.0
98321,53053070100,BUCKLEY,WA,0.00012198097096852891,0.0,0.0,0.00010620220900594733
98321,53053070205,BUCKLEY,WA,0.16821175896560137,0.1126005361930295,0.020118343195266272,0.15271877655055224
98321,53053070207,BUCKLEY,WA,0.4524274213222737,0.8284182305630027,0.9668639053254438,0.5134876805437553
98321,53053070309,BUCKLEY,WA,0.04122956818736277,0.00804289544235925,0.002366863905325444,0.03642735768903993
98321,53053070206,BUCKLEY,WA,0.12222493291046596,0.021447721179624665,0.004733727810650888,0.10768903993203059
98321,53053070311,BUCKLEY,WA,0.08709441327152964,0.02680965147453083,0.002366863905325444,0.07710280373831775
98321,53053070204,BUCKLEY,WA,0.014637716516223469,0.0,0.002366863905325444,0.012956669498725574
98321,53053070307,BUCKLEY,WA,0.11405220785557453,0.002680965147453083,0.001183431952662722,0.09951146983857265
98322,53035092902,BURLEY,WA,1.0,1.0,1.0,1.0
98323,53053070206,CARBONADO,WA,0.3076923076923077,1.0,0.8888888888888888,0.8769968051118211
98323,53053070100,CARBONADO,WA,0.6923076923076923,0.0,0.1111111111111111,0.12300319488817892
98324,53009001701,CARLSBORG,WA,1.0,1.0,1.0,1.0
98325,53031950302,CHIMACUM,WA,0.04724964739069112,0.031746031746031744,0.25,0.04713804713804714
98325,53031950301,CHIMACUM,WA,0.6650211565585331,0.9206349206349206,0.5,0.6754208754208754
98325,53031950400,CHIMACUM,WA,0.056417489421720736,0.015873015873015872,0.25,0.055218855218855216
98325,53031950501,CHIMACUM,WA,0.231311706629055,0.031746031746031744,0.0,0.2222222222222222
98326,53009002400,CLALLAM BAY,WA,1.0,1.0,1.0,1.0
98327,53053072801,DUPONT,WA,0.3758141554494138,0.06854838709677419,0.43283582089552236,0.3630069238377844
98327,53053072903,DUPONT,WA,0.0,0.10080645161290322,0.03482587064676617,0.006330365974282888
98327,53053072802,DUPONT,WA,0.6241858445505862,0.8306451612903226,0.5323383084577115,0.6306627101879327
98328,53053073119,EATONVILLE,WA,0.03485915492957747,0.005988023952095809,0.014925373134328358,0.03319705641864268
98328,53053073006,EATONVILLE,WA,0.11214788732394367,0.017964071856287425,0.011194029850746268,0.10515126737530663
98328,53053073200,EATONVILLE,WA,0.6302816901408451,0.9221556886227545,0.9440298507462687,0.6520032706459525
98328,53053073005,EATONVILLE,WA,0.07992957746478874,0.017964071856287425,0.0037313432835820895,0.07489779231398201
98328,53053073117,EATONVILLE,WA,0.14278169014084507,0.03592814371257485,0.026119402985074626,0.13475061324611612
98329,53053072503,GIG HARBOR,WA,0.4015996632287939,0.4177215189873418,0.47058823529411764,0.4021043944708067
98329,53053072602,GIG HARBOR,WA,0.11408124605346243,0.22784810126582278,0.29411764705882354,0.11656694862801734
98329,53035092902,GIG HARBOR,WA,0.00862976215533572,0.0,0.0,0.008458840519909222
98329,53053072601,GIG HARBOR,WA,0.4756893285624079,0.35443037974683544,0.23529411764705882,0.47286981638126674
98330,53041971800,ELBE,WA,0.2361111111111111,0.0,0.0,0.2328767123287671
98330,53053073200,ELBE,WA,0.7638888888888888,0.0,1.0,0.7671232876712328
98331,53031950702,FORKS,WA,0.07181628392484342,0.08045977011494253,0.034482758620689655,0.07156452226874763
98331,53009000300,FORKS,WA,0.7444676409185804,0.7873563218390804,0.8275862068965517,0.74914350970689
98331,53009002400,FORKS,WA,0.1837160751565762,0.13218390804597702,0.13793103448275862,0.1792919680243624
98332,53053072506,GIG HARBOR,WA,0.18705357142857143,0.011061946902654867,0.020833333333333332,0.17622436165759733
98332,53053072507,GIG HARBOR,WA,0.05178571428571429,0.2411504424778761,0.2638888888888889,0.06393888656341566
98332,53053072504,GIG HARBOR,WA,0.20368303571428573,0.25442477876106195,0.3125,0.20772289660946003
98332,53053072509,GIG HARBOR,WA,0.34732142857142856,0.38716814159292035,0.3402777777777778,0.34910004185851823
98332,53053072508,GIG HARBOR,WA,0.21015625,0.10619469026548672,0.0625,0.2030138133110088
98333,53053072410,FOX ISLAND,WA,1.0,1.0,1.0,1.0
98335,53053072507,GIG HARBOR,WA,0.1929787973583594,0.45143432310015097,0.21871345029239767,0.22406687177105705
98335,53053072408,GIG HARBOR,WA,0.2094542926659715,0.32008052340211374,0.24678362573099416,0.22406687177105705
98335,53053072506,GIG HARBOR,WA,0.0020855057351407717,0.0,0.00935672514619883,0.002205839670285018
98335,53053072409,GIG HARBOR,WA,0.08001390337156761,0.001509813789632612,0.010526315789473684,0.06751030359319672
98335,53053072405,GIG HARBOR,WA,0.14070212026416407,0.0055359838953195776,0.0035087719298245615,0.11830266442212806
98335,53053072504,GIG HARBOR,WA,0.0016684045881126173,0.0010065425264217413,0.0023391812865497076,0.0016253555465258025
98335,53053072407,GIG HARBOR,WA,0.17003823427181092,0.16607951685958733,0.45964912280701753,0.18395541881929528
98335,53053072406,GIG HARBOR,WA,0.20305874174487312,0.05435329642677403,0.04912280701754386,0.178266674406455
98336,53041971900,GLENOMA,WA,0.9268774703557312,1.0,0.9473684210526315,0.9292196007259528
98336,53041972000,GLENOMA,WA,0.07312252964426877,0.0,0.05263157894736842,0.07078039927404718
98337,53035080500,BREMERTON,WA,0.6213731099305272,0.8985270049099836,0.7248677248677249,0.6568077511473738
98337,53035081200,BREMERTON,WA,0.22456068655496525,0.062193126022913256,0.20105820105820105,0.20618731939486656
98337,53035080600,BREMERTON,WA,0.13771965672251738,0.03273322422258593,0.06349206349206349,0.12204657487676356
98337,53035081400,BREMERTON,WA,0.016346546791990192,0.006546644844517185,0.010582010582010581,0.01495835458099609
98338,53053073119,GRAHAM,WA,0.09492888064316636,0.027896995708154508,0.03007518796992481,0.09198374584410787
98338,53053073117,GRAHAM,WA,0.056818181818181816,0.017167381974248927,0.0,0.05489471739933506
98338,53053073130,GRAHAM,WA,0.12786023500309215,0.13948497854077252,0.13533834586466165,0.12833394902105652
98338,53053073005,GRAHAM,WA,0.026360544217687076,0.004291845493562232,0.007518796992481203,0.02541558921315109
98338,53053073118,GRAHAM,WA,0.14347557204700062,0.019313304721030045,0.022556390977443608,0.138012560029553
98338,53053073124,GRAHAM,WA,0.10397340754483611,0.18454935622317598,0.11278195488721804,0.10683413372737348
98338,53053073133,GRAHAM,WA,0.0003865182436611008,0.0,0.0,0.0003694126339120798
98338,53053073115,GRAHAM,WA,0.0824829931972789,0.006437768240343348,0.015037593984962405,0.0792020687107499
98338,53053073114,GRAHAM,WA,0.03849721706864564,0.006437768240343348,0.0,0.0370151459179904
98338,53053073132,GRAHAM,WA,0.036178107606679034,0.006437768240343348,0.007518796992481203,0.03487255264130033
98338,53053073129,GRAHAM,WA,0.056431663574520716,0.07725321888412018,0.6165413533834586,0.06265238271148874
98338,53053070403,GRAHAM,WA,0.004329004329004329,0.0,0.0,0.004137421499815294
98338,53053073116,GRAHAM,WA,0.22363945578231292,0.5,0.05263157894736842,0.2314739564093092
98338,53053071415,GRAHAM,WA,0.00463821892393321,0.01072961373390558,0.0,0.004802364240857037
98339,53031950501,PORT HADLOCK,WA,0.013129689174705252,0.045627376425855515,0.030303030303030304,0.015513420339817778
98339,53031950400,PORT HADLOCK,WA,0.892550911039657,0.8897338403041825,0.8484848484848485,0.8916523023885743
98339,53031950302,PORT HADLOCK,WA,0.09431939978563773,0.06463878326996197,0.12121212121212122,0.09283427727160798
98340,53035090102,HANSVILLE,WA,0.07366849178695868,0.023809523809523808,0.6666666666666666,0.07610276296655356
98340,53035090101,HANSVILLE,WA,0.9263315082130413,0.9761904761904762,0.3333333333333333,0.9238972370334464
98342,53035940000,INDIANOLA,WA,1.0,1.0,1.0,1.0
98343,53009000600,JOYCE,WA,0.0,1.0,0.0,1.0
98344,53053073119,KAPOWSIN,WA,0.0,0.0,1.0,1.0
98345,53035091100,KEYPORT,WA,1.0,1.0,1.0,1.0
98346,53035090202,KINGSTON,WA,0.008364048766657216,0.002652519893899204,0.0,0.007929166116030131
98346,53035090102,KINGSTON,WA,0.7582931669974483,0.7586206896551724,0.8014705882352942,0.7590855028412845
98346,53035940000,KINGSTON,WA,0.05216898213779416,0.002652519893899204,0.0,0.0487643716135853
98346,53035090101,KINGSTON,WA,0.18117380209810036,0.23607427055702918,0.19852941176470587,0.18422095942910005
98348,53053073200,LA GRANDE,WA,0.0,1.0,0.0,1.0
98349,53053072603,LAKEBAY,WA,0.5755958733546781,0.2033898305084746,0.125,0.5642709053213545
98349,53053072602,LAKEBAY,WA,0.4190679473496976,0.7457627118644068,0.875,0.4295093296475466
98349,53053072601,LAKEBAY,WA,0.005336179295624333,0.05084745762711865,0.0,0.006219765031098825
98350,53009002400,LA PUSH,WA,0.0,1.0,0.0,1.0
98351,53053072603,LONGBRANCH,WA,1.0,1.0,1.0,1.0
98352,53053073301,SUMNER,WA,0.0,1.0,0.0,1.0
98353,53035092600,MANCHESTER,WA,1.0,1.0,1.0,1.0
98354,53053940002,MILTON,WA,0.0041909620991253645,0.011450381679389313,0.0,0.00452841973766396
98354,53053940009,MILTON,WA,0.00783527696793003,0.0019083969465648854,0.0,0.006870705808869456
98354,53053073501,MILTON,WA,0.00018221574344023323,0.07442748091603053,0.02295918367346939,0.007651467832604622
98354,53053070703,MILTON,WA,0.892128279883382,0.9103053435114504,0.9617346938775511,0.8978763272954403
98354,53033030403,MILTON,WA,0.09566326530612244,0.0019083969465648854,0.015306122448979591,0.08307307932542161
98355,53041971800,MINERAL,WA,1.0,1.0,1.0,1.0
98356,53041971700,MORTON,WA,0.1858974358974359,0.0,0.0064516129032258064,0.10847766636280766
98356,53041971800,MORTON,WA,0.14583333333333334,0.125,0.043010752688172046,0.10209662716499544
98356,53041971900,MORTON,WA,0.6682692307692307,0.875,0.9505376344086022,0.7894257064721969
98357,53009940000,NEAH BAY,WA,0.0,1.0,1.0,1.0
98358,53031950400,NORDLAND,WA,1.0,1.0,1.0,1.0
98359,53035092802,OLALLA,WA,0.29458853666346463,0.05454545454545454,0.0,0.2857142857142857
98359,53035092704,OLALLA,WA,0.009606147934678195,0.0,0.0,0.009256402344955261
98359,53035092803,OLALLA,WA,0.6894012167787384,0.9454545454545454,1.0,0.6988583770441222
98359,53035092701,OLALLA,WA,0.006404098623118796,0.0,0.0,0.006170934896636841
98360,53053073130,ORTING,WA,0.010513484686881,0.0036363636363636364,0.0,0.009328358208955223
98360,53053070209,ORTING,WA,0.0044187109553557825,0.0,0.0015015015015015015,0.003997867803837953
98360,53053070204,ORTING,WA,0.004266341612067652,0.0036363636363636364,0.0,0.003864605543710021
98360,53053073110,ORTING,WA,0.01417034892579613,0.03272727272727273,0.0,0.013592750533049041
98360,53053070403,ORTING,WA,0.45985067804357765,0.8363636363636363,0.6921921921921922,0.49426972281449894
98360,53053070401,ORTING,WA,0.007618467164406522,0.01090909090909091,0.0,0.007062899786780384
98360,53053073123,ORTING,WA,0.00015236934328813042,0.0,0.0,0.00013326226012793177
98360,53053070404,ORTING,WA,0.27411244857534667,0.06545454545454546,0.2912912912912913,0.2679904051172708
98360,53053070100,ORTING,WA,0.17050129513941795,0.03272727272727273,0.009009009009009009,0.15111940298507462
98360,53053073119,ORTING,WA,0.014017979582508,0.01090909090909091,0.0,0.012659914712153518
98360,53053070206,ORTING,WA,0.026664635075422823,0.0036363636363636364,0.0045045045045045045,0.023853944562899788
98360,53053073118,ORTING,WA,0.008989791253999695,0.0,0.0,0.007862473347547975
98360,53053070208,ORTING,WA,0.004723449641932043,0.0,0.0015015015015015015,0.0042643923240938165
98361,53041972000,PACKWOOD,WA,1.0,1.0,1.0,1.0
98362,53009001400,PORT ANGELES,WA,0.17807735742518352,0.02437574316290131,0.009501187648456057,0.15782680843217994
98362,53009000900,PORT ANGELES,WA,0.10664878599661208,0.23305588585017836,0.26365795724465557,0.1237785016286645
98362,53009001600,PORT ANGELES,WA,0.07622811970638058,0.0089179548156956,0.007125890736342043,0.0674820232315162
98362,53009001000,PORT ANGELES,WA,0.23242518351214003,0.4762187871581451,0.2660332541567696,0.258496711941491
98362,53009001100,PORT ANGELES,WA,0.1101072840203275,0.019619500594530322,0.10688836104513064,0.10066990350931104
98362,53009001500,PORT ANGELES,WA,0.003176171654432524,0.0,0.0,0.0027656566898162376
98362,53009001800,PORT ANGELES,WA,0.02406832298136646,0.005945303210463734,0.007125890736342043,0.021756499293221068
98362,53009001300,PORT ANGELES,WA,0.12083568605307736,0.10344827586206896,0.10926365795724466,0.1187388605494438
98362,53009001200,PORT ANGELES,WA,0.14843308865047997,0.12841854934601665,0.23040380047505937,0.14848503472435623
98363,53009000600,PORT ANGELES,WA,0.2883044982698962,0.07924528301886792,0.06818181818181818,0.2772238257675151
98363,53009000700,PORT ANGELES,WA,0.25301038062283737,0.35094339622641507,0.1590909090909091,0.25478876935187617
98363,53009000800,PORT ANGELES,WA,0.29134948096885815,0.27547169811320754,0.6287878787878788,0.2966413014956704
98363,53009002400,PORT ANGELES,WA,0.019515570934256054,0.011320754716981131,0.0,0.018892679086853843
98363,53009001500,PORT ANGELES,WA,0.14754325259515572,0.21509433962264152,0.11363636363636363,0.14930464445027553
98363,53009000900,PORT ANGELES,WA,0.0002768166089965398,0.06792452830188679,0.030303030303030304,0.003148779847808974
98364,53035090202,PORT GAMBLE,WA,0.0,1.0,1.0,1.0
98365,53031950301,PORT LUDLOW,WA,0.6019926586261143,0.6934306569343066,0.2553191489361702,0.5970333745364648
98365,53031950302,PORT LUDLOW,WA,0.39800734137388566,0.30656934306569344,0.7446808510638298,0.40296662546353523
98366,53035092400,PORT ORCHARD,WA,0.14841007377257695,0.06463068181818182,0.3665521191294387,0.15171407731582787
98366,53035092704,PORT ORCHARD,WA,0.040956499618417706,0.002130681818181818,0.0057273768613974796,0.03706236323851204
98366,53035092101,PORT ORCHARD,WA,0.0012719409819384382,0.004971590909090909,0.002290950744558992,0.001549963530269876
98366,53035092500,PORT ORCHARD,WA,0.14795217501907912,0.1924715909090909,0.12600229095074456,0.149936177972283
98366,53035092300,PORT ORCHARD,WA,0.2626303739506487,0.44105113636363635,0.2542955326460481,0.2737509117432531
98366,53035092801,PORT ORCHARD,WA,0.021572119053675908,0.024147727272727272,0.050400916380297825,0.02288475565280817
98366,53035092701,PORT ORCHARD,WA,0.03917578224370389,0.0035511363636363635,0.0,0.03533005105762217
98366,53035092200,PORT ORCHARD,WA,0.2016280844568812,0.2571022727272727,0.18098510882016036,0.20436725018234866
98366,53035092600,PORT ORCHARD,WA,0.1364029509030781,0.009943181818181818,0.013745704467353952,0.12340444930707513
98367,53035092901,PORT ORCHARD,WA,0.19274920552565017,0.07860262008733625,0.08439897698209718,0.18847808466862023
98367,53035092701,PORT ORCHARD,WA,0.0850898242428173,0.013100436681222707,0.005115089514066497,0.08211235114408628
98367,53035092801,PORT ORCHARD,WA,0.1403463259614761,0.3056768558951965,0.061381074168797956,0.14078184425462933
98367,53035092802,PORT ORCHARD,WA,0.060315195537972634,0.008733624454148471,0.0025575447570332483,0.05817070889706341
98367,53035092704,PORT ORCHARD,WA,0.03651339256761139,0.004366812227074236,0.005115089514066497,0.035288983103684765
98367,53035092902,PORT ORCHARD,WA,0.15422530644010637,0.07423580786026202,0.017902813299232736,0.14975996009726292
98367,53035092102,PORT ORCHARD,WA,0.09812568908489526,0.09170305676855896,0.010230179028132993,0.09589126504146143
98367,53035092101,PORT ORCHARD,WA,0.2326350606394708,0.42358078602620086,0.8132992327365729,0.2495168027931916
98368,53031950604,PORT TOWNSEND,WA,0.20109261186264307,0.15793357933579336,0.24,0.19778313979791887
98368,53031950501,PORT TOWNSEND,WA,0.1643253555324315,0.1070110701107011,0.10933333333333334,0.1569144925350626
98368,53031950400,PORT TOWNSEND,WA,0.01057925771765522,0.010332103321033211,0.010666666666666666,0.010556477152767306
98368,53031950202,PORT TOWNSEND,WA,0.0012140131807145335,0.0,0.0,0.0010556477152767305
98368,53031950603,PORT TOWNSEND,WA,0.31468955948664584,0.7055350553505535,0.48,0.3592972402352586
98368,53031950502,PORT TOWNSEND,WA,0.13596947624002775,0.008118081180811807,0.021333333333333333,0.11966520886744081
98368,53031950602,PORT TOWNSEND,WA,0.17212972597988208,0.01107011070110701,0.13866666666666666,0.15472779369627507
98370,53035090101,POULSBO,WA,0.014652014652014652,0.03169014084507042,0.037366548042704624,0.016712679944784065
98370,53035091100,POULSBO,WA,0.12398712398712398,0.011737089201877934,0.010676156583629894,0.11141786629856044
98370,53035090400,POULSBO,WA,0.05955155955155955,0.007042253521126761,0.008896797153024912,0.05373693551567738
98370,53035091205,POULSBO,WA,0.006271506271506272,0.0029342723004694834,0.0,0.005817393019128377
98370,53035940100,POULSBO,WA,0.11216561216561216,0.03286384976525822,0.05516014234875445,0.10392427529086964
98370,53035940000,POULSBO,WA,0.03058053058053058,0.0005868544600938967,0.0017793594306049821,0.027262867284559258
98370,53035090202,POULSBO,WA,0.13908313908313907,0.056338028169014086,0.023131672597864767,0.12891934529678564
98370,53035090102,POULSBO,WA,0.003108003108003108,0.0017605633802816902,0.0,0.0029086965095641887
98370,53035090501,POULSBO,WA,0.23493173493173494,0.6431924882629108,0.5462633451957295,0.27785446657464014
98370,53035090502,POULSBO,WA,0.1393051393051393,0.12441314553990611,0.20462633451957296,0.1398639321632814
98370,53035090201,POULSBO,WA,0.13636363636363635,0.08744131455399061,0.11209964412811388,0.13158154210214948
98371,53053071100,PUYALLUP,WA,0.007974746635653764,0.016028495102404273,0.005235602094240838,0.008473967684021543
98371,53053940009,PUYALLUP,WA,0.13673367669048014,0.04363312555654497,0.02617801047120419,0.12315978456014362
98371,53053073405,PUYALLUP,WA,0.04120285761754444,0.04007123775601069,0.19109947643979058,0.04933572710951526
98371,53053073501,PUYALLUP,WA,0.027330121282605084,0.05075690115761353,0.010471204188481676,0.02829443447037702
98371,53053073407,PUYALLUP,WA,0.15475992689815585,0.5164737310774711,0.39528795811518325,0.19712746858168761
98371,53053071206,PUYALLUP,WA,0.012875893005482638,0.0008904719501335708,0.013089005235602094,0.011921005385996409
98371,53053940010,PUYALLUP,WA,0.06853297890014953,0.12644701691896706,0.061518324607329845,0.07281867145421902
98371,53053071205,PUYALLUP,WA,0.1689649443429141,0.018699910952804988,0.010471204188481676,0.1481508078994614
98371,53053073502,PUYALLUP,WA,0.016697125768400066,0.03383793410507569,0.03664921465968586,0.019174147217235187
98371,53053071207,PUYALLUP,WA,0.008639308855291577,0.0026714158504007124,0.003926701570680628,0.007899461400359067
98371,53053070703,PUYALLUP,WA,0.000830702774547267,0.003561887800534283,0.002617801047120419,0.001149012567324955
98371,53053940004,PUYALLUP,WA,0.010051503572021931,0.019590382902938557,0.0,0.010269299820466786
98371,53053073404,PUYALLUP,WA,0.1782688154178435,0.07212822796081923,0.11910994764397906,0.16646319569120288
98371,53053073408,PUYALLUP,WA,0.1671373982389101,0.05520926090828139,0.1243455497382199,0.15576301615798924
98372,53053073501,PUYALLUP,WA,0.18293187650028972,0.034594594594594595,0.047325102880658436,0.16368579195879238
98372,53053073406,PUYALLUP,WA,0.20288055624534393,0.43891891891891893,0.49176954732510286,0.23858921161825727
98372,53053073502,PUYALLUP,WA,0.14154457412465857,0.024864864864864864,0.0823045267489712,0.1297038202890256
98372,53053071209,PUYALLUP,WA,0.00107606986176641,0.0,0.0,0.0009300329088567749
98372,53053071207,PUYALLUP,WA,0.007118616008608559,0.006486486486486486,0.00411522633744856,0.006867935326942338
98372,53053073405,PUYALLUP,WA,0.10007449714427613,0.11567567567567567,0.09670781893004116,0.10087280011446559
98372,53053073407,PUYALLUP,WA,0.04138730237563116,0.15243243243243243,0.07098765432098765,0.05079410502217771
98372,53053070401,PUYALLUP,WA,0.02715007035841404,0.008648648648648649,0.00205761316872428,0.02418085563027615
98372,53053940010,PUYALLUP,WA,0.13806804072510553,0.11459459459459459,0.046296296296296294,0.1301330662469595
98372,53053071210,PUYALLUP,WA,0.09403195099743399,0.03891891891891892,0.018518518518518517,0.0851337816568894
98372,53053073404,PUYALLUP,WA,0.06365367105372072,0.06378378378378378,0.13991769547325103,0.06896551724137931
98372,53053073302,PUYALLUP,WA,8.277460475126231e-05,0.001081081081081081,0.0,0.00014308198597796538
98373,53053071206,PUYALLUP,WA,0.2491808162049449,0.19621109607577808,0.3768041237113402,0.2592306779057343
98373,53053071100,PUYALLUP,WA,0.0017873100983020554,0.012855209742895805,0.0010309278350515464,0.0026712572717559066
98373,53053071304,PUYALLUP,WA,0.3129282097110515,0.4397834912043302,0.13505154639175257,0.30357354861688235
98373,53053071212,PUYALLUP,WA,0.02182007745010426,0.029769959404600813,0.01443298969072165,0.021666864537575686
98373,53053071211,PUYALLUP,WA,0.0005212987786714328,0.03721244925575101,0.006701030927835051,0.004452095452926511
98373,53053071306,PUYALLUP,WA,0.004170390229371462,0.014884979702300407,0.005154639175257732,0.005223791998100439
98373,53053071207,PUYALLUP,WA,0.0612153708668454,0.10351826792963464,0.2597938144329897,0.08779532233171079
98373,53053071305,PUYALLUP,WA,0.0011915400655347036,0.03450608930987822,0.002061855670103093,0.004214650362103763
98373,53053073111,PUYALLUP,WA,7.447125409591897e-05,0.033152909336941816,0.008247422680412371,0.003917843998575329
98373,53053071310,PUYALLUP,WA,0.16003872505212988,0.02774018944519621,0.024742268041237112,0.1328505283153271
98373,53053071309,PUYALLUP,WA,0.0037980339588918675,0.0,0.0,0.0030274249079900273
98373,53053071307,PUYALLUP,WA,0.15534703604408698,0.06224627875507442,0.14278350515463917,0.1457319244924611
98373,53053073120,PUYALLUP,WA,0.027926720285969615,0.008119079837618403,0.023195876288659795,0.025644069808856702
98374,53053073110,PUYALLUP,WA,0.07127766599597586,0.008695652173913044,0.0,0.06706309877766765
98374,53053070401,PUYALLUP,WA,0.016498993963782696,0.02391304347826087,0.0,0.015998867336825713
98374,53053073122,PUYALLUP,WA,0.11659959758551308,0.2326086956521739,0.3828032979976443,0.1297843220538959
98374,53053073111,PUYALLUP,WA,0.08440643863179075,0.14130434782608695,0.18021201413427562,0.08948039076879513
98374,53053073129,PUYALLUP,WA,0.09336016096579478,0.017391304347826087,0.005889281507656066,0.08820614469772052
98374,53053070208,PUYALLUP,WA,0.00015090543259557344,0.0,0.0,0.00014158289678606824
98374,53053073123,PUYALLUP,WA,0.17142857142857143,0.1673913043478261,0.08480565371024736,0.16787012128934825
98374,53053071212,PUYALLUP,WA,0.053873239436619716,0.02391304347826087,0.012956419316843345,0.05158336872905753
98374,53053071210,PUYALLUP,WA,0.06448692152917505,0.015217391304347827,0.02237926972909305,0.06173014299872576
98374,53053071209,PUYALLUP,WA,0.07907444668008048,0.013043478260869565,0.03415783274440518,0.07584123837840388
98374,53053071211,PUYALLUP,WA,0.11453722334004024,0.14565217391304347,0.17196702002355713,0.11751380433243665
98374,53053071207,PUYALLUP,WA,0.13335010060362174,0.2108695652173913,0.10482921083627797,0.13389022606069187
98374,53053073126,PUYALLUP,WA,0.0009557344064386317,0.0,0.0,0.0008966916796450989
98375,53053073131,PUYALLUP,WA,0.1032481593763534,0.020146520146520148,0.049773755656108594,0.09860298895386614
98375,53053071304,PUYALLUP,WA,0.02537895192724123,0.0018315018315018315,0.0,0.02387914230019493
98375,53053071413,PUYALLUP,WA,8.661758336942399e-05,0.07326007326007326,0.05429864253393665,0.004304743339831059
98375,53053073121,PUYALLUP,WA,0.16388046773495019,0.3315018315018315,0.27149321266968324,0.17324561403508773
98375,53053071310,PUYALLUP,WA,0.03386747509744478,0.007326007326007326,0.01809954751131222,0.032407407407407406
98375,53053073111,PUYALLUP,WA,0.015158077089649198,0.0347985347985348,0.04072398190045249,0.016487979207277452
98375,53053071306,PUYALLUP,WA,0.00129926375054136,0.03663003663003663,0.02262443438914027,0.003248862897985705
98375,53053073128,PUYALLUP,WA,0.10861844954525769,0.10622710622710622,0.08144796380090498,0.10802469135802469
98375,53053073132,PUYALLUP,WA,0.06435686444348203,0.0641025641025641,0.027149321266968326,0.06367771280051981
98375,53053073126,PUYALLUP,WA,0.1039411000433088,0.01098901098901099,0.09502262443438914,0.0996588693957115
98375,53053073127,PUYALLUP,WA,0.11883932438284972,0.03663003663003663,0.04524886877828054,0.11387264457439895
98375,53053071309,PUYALLUP,WA,0.12758770030316155,0.06593406593406594,0.12217194570135746,0.12475633528265107
98375,53053073120,PUYALLUP,WA,0.13330446080554353,0.15018315018315018,0.15384615384615385,0.13442170240415854
98375,53053073122,PUYALLUP,WA,0.00043308791684711995,0.06043956043956044,0.01809954751131222,0.00341130604288499
98376,53031950202,QUILCENE,WA,0.9313057157839538,0.9841269841269841,0.9,0.9328282828282828
98376,53031950301,QUILCENE,WA,0.06764551651809124,0.015873015873015872,0.1,0.06616161616161616
98376,53031950702,QUILCENE,WA,0.001048767697954903,0.0,0.0,0.00101010101010101
98377,53041972000,RANDLE,WA,0.9022887323943662,0.9142857142857143,0.9834254143646409,0.9134615384615384
98377,53041971900,RANDLE,WA,0.0977112676056338,0.08571428571428572,0.016574585635359115,0.08653846153846154
98380,53035091301,SEABECK,WA,0.30539273153575613,0.16037735849056603,0.6153846153846154,0.30218068535825543
98380,53045960301,SEABECK,WA,0.0020515826494724504,0.0,0.0,0.0019824412347776836
98380,53035091302,SEABECK,WA,0.008206330597889801,0.0,0.0,0.007929764939110734
98380,53035092000,SEABECK,WA,0.6843493552168816,0.839622641509434,0.38461538461538464,0.6879071084678561
98381,53009940000,SEKIU,WA,0.0136986301369863,0.0,0.0,0.013157894736842105
98381,53009002400,SEKIU,WA,0.9863013698630136,1.0,0.0,0.9868421052631579
98382,53009002100,SEQUIM,WA,0.2435909699636503,0.6562707365627074,0.5436893203883495,0.2750396057032213
98382,53009002002,SEQUIM,WA,0.10861871054141956,0.017916390179163903,0.05501618122977346,0.10187466995247316
98382,53009001800,SEQUIM,WA,0.06906447292902239,0.07631055076310551,0.05177993527508091,0.06930998063721176
98382,53009002001,SEQUIM,WA,0.0975703080160704,0.11015262110152621,0.11003236245954692,0.0985741946840345
98382,53009001901,SEQUIM,WA,0.07709967476563995,0.008626410086264101,0.006472491909385114,0.07159831015666256
98382,53009001600,SEQUIM,WA,0.03242777884063516,0.0033178500331785005,0.009708737864077669,0.030188347121985565
98382,53009001701,SEQUIM,WA,0.05222881193801416,0.07697412076974121,0.09061488673139159,0.05439183242386904
98382,53009002301,SEQUIM,WA,0.06385115745169313,0.008626410086264101,0.016181229773462782,0.05954057384263334
98382,53009001702,SEQUIM,WA,0.07810407499521714,0.009953550099535502,0.016181229773462782,0.07274247491638795
98382,53009001902,SEQUIM,WA,0.09522670748039028,0.015925680159256803,0.0970873786407767,0.089992958986094
98382,53009002302,SEQUIM,WA,0.06863401568777501,0.0112806901128069,0.003236245954692557,0.06394120753388488
98382,53031950501,SEQUIM,WA,0.013583317390472546,0.0046449900464499,0.0,0.012805844041541982
98383,53035091201,SILVERDALE,WA,0.35772053317358093,0.7932512051419389,0.2020497803806735,0.39392295170916986
98383,53035090400,SILVERDALE,WA,0.1463231990414857,0.05195500803427959,0.05197657393850659,0.1279315126303732
98383,53035091400,SILVERDALE,WA,0.01400329489291598,0.006427423674343867,0.0036603221083455345,0.012298788207632484
98383,53035091206,SILVERDALE,WA,0.15411112775198443,0.00856989823245849,0.48535871156661786,0.16500874178573582
98383,53035090300,SILVERDALE,WA,0.004118616144975288,0.0005356186395286556,0.0,0.0033761379393500933
98383,53035091205,SILVERDALE,WA,0.10191702860566122,0.003749330476700589,0.022693997071742314,0.08434316030626395
98383,53035091204,SILVERDALE,WA,0.051969447356597274,0.11033743974290305,0.22767203513909223,0.07300898293844577
98383,53035091302,SILVERDALE,WA,0.16983675303279916,0.025174076057846814,0.006588579795021962,0.14010972448302889
98384,53035092704,SOUTH COLBY,WA,1.0,1.0,1.0,1.0
98385,53053070205,SOUTH PRAIRIE,WA,0.0,0.0,0.0070921985815602835,0.0013477088948787063
98385,53053070204,SOUTH PRAIRIE,WA,1.0,1.0,0.2624113475177305,0.8598382749326146
98385,53053070206,SOUTH PRAIRIE,WA,0.0,0.0,0.7304964539007093,0.13881401617250674
98386,53035092704,SOUTHWORTH,WA,0.0,1.0,1.0,1.0
98387,53053073124,SPANAWAY,WA,0.0,0.0012787723785166241,0.0,4.6583127591186475e-05
98387,53053071413,SPANAWAY,WA,0.046446613369954384,0.061381074168797956,0.04054054054054054,0.046909209484324775
98387,53053071409,SPANAWAY,WA,0.11658247094021286,0.29923273657289,0.19256756756756757,0.12428378441328551
98387,53053073131,SPANAWAY,WA,0.0004904605424493599,0.0,0.0,0.00046583127591186475
98387,53053071408,SPANAWAY,WA,0.036686448575212124,0.04603580562659847,0.11486486486486487,0.03810499836959053
98387,53053071417,SPANAWAY,WA,0.0966207268625239,0.010230179028132993,0.10135135135135136,0.09353892020310244
98387,53053073115,SPANAWAY,WA,0.02658296140075531,0.00639386189258312,0.010135135135135136,0.02562072017515256
98387,53053071415,SPANAWAY,WA,0.0436019422237481,0.005115089514066497,0.0033783783783783786,0.04164531606652071
98387,53053073132,SPANAWAY,WA,0.010495855608416304,0.0,0.0,0.009968789304513906
98387,53053073005,SPANAWAY,WA,0.02035411251164844,0.0025575447570332483,0.006756756756756757,0.019518330460707133
98387,53053071416,SPANAWAY,WA,0.07342194320466919,0.11125319693094629,0.13513513513513514,0.07565099920808684
98387,53053071403,SPANAWAY,WA,0.08901858845455883,0.11764705882352941,0.19932432432432431,0.0915824288442726
98387,53053071411,SPANAWAY,WA,0.16548138702241405,0.23273657289002558,0.07432432432432433,0.1666744305212652
98387,53053072909,SPANAWAY,WA,0.006081710726372064,0.061381074168797956,0.02027027027027027,0.008291796711231193
98387,53053071503,SPANAWAY,WA,0.0029918093089410956,0.0012787723785166241,0.0,0.0028881539106535613
98387,53053071414,SPANAWAY,WA,0.07170533130609642,0.0038363171355498722,0.0033783783783783786,0.06829086504867937
98387,53053073133,SPANAWAY,WA,0.061748982294374415,0.005115089514066497,0.0,0.05883449014766851
98387,53053073128,SPANAWAY,WA,0.04497523174260631,0.0,0.0,0.042716728001118
98387,53053073117,SPANAWAY,WA,0.005002697532983471,0.0025575447570332483,0.0,0.004844645269483393
98387,53053073114,SPANAWAY,WA,0.08171072637206336,0.0319693094629156,0.09797297297297297,0.08012297945684073
98388,53053072109,STEILACOOM,WA,0.6786341953301531,0.9090909090909091,0.6620370370370371,0.685398433901428
98388,53053072112,STEILACOOM,WA,0.04117499372332413,0.006993006993006993,0.21296296296296297,0.04859511745739291
98388,53053072105,STEILACOOM,WA,0.00025106703489831785,0.013986013986013986,0.0,0.0006909258406264394
98388,53053072903,STEILACOOM,WA,0.0005021340697966357,0.0,0.0,0.00046061722708429296
98388,53053072111,STEILACOOM,WA,0.27943760984182775,0.06993006993006994,0.125,0.26485490557346847
98390,53053940010,SUMNER,WA,0.004909038406006353,0.005319148936170213,0.008321775312066574,0.00524377998438023
98390,53053070401,SUMNER,WA,0.041726826451054,0.02127659574468085,0.016643550624133148,0.03670645989066161
98390,53053070314,SUMNER,WA,0.0007219174126479931,0.0,0.0,0.0005578489345085351
98390,53053073302,SUMNER,WA,0.28905573202425644,0.15577507598784193,0.26490984743411927,0.26754434899029345
98390,53053070313,SUMNER,WA,0.0007219174126479931,0.006838905775075988,0.0027739251040221915,0.0017851165904273123
98390,53053073301,SUMNER,WA,0.6386081432284146,0.8031914893617021,0.7045769764216366,0.6680798839674216
98390,53053073501,SUMNER,WA,0.0,0.0007598784194528875,0.0,0.00011156978690170702
98390,53053070312,SUMNER,WA,0.024256425064972567,0.006838905775075988,0.0027739251040221915,0.019970991855405556
98391,53053070204,BONNEY LAKE,WA,0.050722324207837816,0.0010976948408342481,0.0033783783783783786,0.04846754235674852
98391,53053070205,BONNEY LAKE,WA,0.0,0.009879253567508232,0.006756756756756757,0.00041880830001903675
98391,53053070313,BONNEY LAKE,WA,0.11209992816665336,0.03512623490669594,0.15202702702702703,0.10988006853226727
98391,53053070309,BONNEY LAKE,WA,0.10375927847394045,0.16355653128430298,0.08783783783783784,0.105653912050257
98391,53053070315,BONNEY LAKE,WA,0.04058584084922979,0.03512623490669594,0.05405405405405406,0.04054825813820674
98391,53053070312,BONNEY LAKE,WA,0.08324686726793838,0.01756311745334797,0.033783783783783786,0.08041119360365505
98391,53053070314,BONNEY LAKE,WA,0.052079176310958576,0.013172338090010977,0.02027027027027027,0.050371216447744144
98391,53053070316,BONNEY LAKE,WA,0.00031925931838135526,0.0010976948408342481,0.006756756756756757,0.00041880830001903675
98391,53053070208,BONNEY LAKE,WA,0.18265623752893287,0.025246981339187707,0.08445945945945946,0.176089853417095
98391,53053070401,BONNEY LAKE,WA,0.0007582408811557187,0.0,0.0,0.0007233961545783362
98391,53053070311,BONNEY LAKE,WA,0.04613297150610583,0.07903402854006586,0.057432432432432436,0.047401484865790974
98391,53053070308,BONNEY LAKE,WA,0.09940937026099449,0.40504939626783754,0.40540540540540543,0.11345897582333904
98391,53053070307,BONNEY LAKE,WA,0.0519195466517679,0.003293084522502744,0.016891891891891893,0.04983818770226537
98391,53053070209,BONNEY LAKE,WA,0.09928964801660148,0.0043907793633369925,0.02702702702702703,0.09518370454978108
98391,53053070310,BONNEY LAKE,WA,0.07702131055950195,0.20636663007683864,0.04391891891891892,0.08113458975823339
98392,53035940100,SUQUAMISH,WA,1.0,1.0,1.0,1.0
98393,53035091900,TRACYTON,WA,1.0,1.0,1.0,1.0
98394,53053072602,VAUGHN,WA,0.2537985368598762,0.019801980198019802,0.6666666666666666,0.24189261031366294
98394,53053072601,VAUGHN,WA,0.7462014631401238,0.9801980198019802,0.3333333333333333,0.7581073896863371
98395,53053072503,WAUNA,WA,1.0,1.0,1.0,1.0
98396,53053070206,WILKESON,WA,0.0,0.0,0.7106598984771574,0.7106598984771574
98396,53053070100,WILKESON,WA,0.0,0.0,0.2893401015228426,0.2893401015228426
98398,53053070100,PARADISE INN,WA,0.0,1.0,0.0,1.0
98401,53053061601,TACOMA,WA,1.0,1.0,1.0,1.0
98402,53053060500,TACOMA,WA,0.0,0.006756756756756757,0.003115264797507788,0.0016225534935604908
98402,53053060400,TACOMA,WA,0.0,0.008204633204633204,0.003115264797507788,0.0019267822736030828
98402,53053061601,TACOMA,WA,0.31047992164544563,0.5709459459459459,0.470404984423676,0.3756211337592536
98402,53053061501,TACOMA,WA,0.20512102980271443,0.07094594594594594,0.1557632398753894,0.17371463340432006
98402,53053061502,TACOMA,WA,0.04701273261508325,0.014961389961389961,0.04984423676012461,0.04046242774566474
98402,53053061602,TACOMA,WA,0.3012452777389114,0.2224903474903475,0.2601246105919003,0.2820200790994828
98402,53053062600,TACOMA,WA,0.0,0.0,0.001557632398753894,0.00010140959334753067
98402,53053061700,TACOMA,WA,0.003078214635511403,0.008204633204633204,0.00778816199376947,0.00446202210729135
98402,53053061400,TACOMA,WA,0.04925143416818245,0.02944015444015444,0.024922118380062305,0.04350471554609066
98402,53053060600,TACOMA,WA,0.0,0.0009652509652509653,0.0,0.00020281918669506134
98402,53053060200,TACOMA,WA,0.08381138939415139,0.06708494208494209,0.02336448598130841,0.0763614237906906
98403,53053061502,TACOMA,WA,0.36208967173738993,0.40229885057471265,0.3772290809327846,0.36568660207150017
98403,53053060500,TACOMA,WA,0.02241793434747798,0.19157088122605365,0.056241426611796985,0.033912462412295355
98403,53053060600,TACOMA,WA,0.5934747798238591,0.3486590038314176,0.5582990397805213,0.5785165385900435
98403,53053061200,TACOMA,WA,0.012810248198558846,0.01532567049808429,0.0027434842249657062,0.011693952555963916
98403,53053061300,TACOMA,WA,0.008807045636509208,0.02681992337164751,0.0054869684499314125,0.009188105579685933
98403,53053061501,TACOMA,WA,0.0,0.01532567049808429,0.0,0.0006682258603407952
98403,53053060700,TACOMA,WA,0.00040032025620496394,0.0,0.0,0.0003341129301703976
98404,53053940006,TACOMA,WA,0.09819042528823395,0.035955056179775284,0.04150943396226415,0.09311571458464114
98404,53053940007,TACOMA,WA,0.11124685042376117,0.14382022471910114,0.061635220125786164,0.10950687033549557
98404,53053063200,TACOMA,WA,0.05207299381537757,0.020224719101123594,0.0025157232704402514,0.04833647206528562
98404,53053061900,TACOMA,WA,0.008627930060319157,0.006741573033707865,0.03270440251572327,0.009904443049452465
98404,53053062400,TACOMA,WA,0.0432923570283271,0.006741573033707865,0.0025157232704402514,0.03989677059356909
98404,53053063401,TACOMA,WA,0.03932198213331297,0.008988764044943821,0.021383647798742137,0.03738578503173607
98404,53053072908,TACOMA,WA,0.0006871802702909063,0.0,0.0,0.0006277463904582549
98404,53053071601,TACOMA,WA,0.0909368557684966,0.2539325842696629,0.48553459119496856,0.11787682220827231
98404,53053062000,TACOMA,WA,0.15148507291746202,0.15280898876404495,0.15849056603773584,0.15191462649089768
98404,53053063301,TACOMA,WA,0.10445140108421776,0.1146067415730337,0.10440251572327044,0.10476389760758875
98404,53053063302,TACOMA,WA,0.10651294189509047,0.1146067415730337,0.0389937106918239,0.1030201576340936
98404,53053062300,TACOMA,WA,0.16751927922424983,0.1303370786516854,0.033962264150943396,0.1589593359838181
98404,53053940004,TACOMA,WA,0.025654730090860504,0.011235955056179775,0.016352201257861635,0.024691358024691357
98405,53053061501,TACOMA,WA,0.06315867596853199,0.10338164251207729,0.0901705930138099,0.0679161372299873
98405,53053062600,TACOMA,WA,0.000445302063232893,0.0,0.0,0.0003811944091486658
98405,53053061100,TACOMA,WA,0.1940032655484637,0.32463768115942027,0.25264012997562957,0.20717916137229989
98405,53053061300,TACOMA,WA,0.160902478848152,0.1285024154589372,0.16490658001624695,0.1590851334180432
98405,53053061400,TACOMA,WA,0.21849487902627282,0.2811594202898551,0.2688870836718115,0.22655654383735704
98405,53053061700,TACOMA,WA,0.19185097224283806,0.0821256038647343,0.13809910641754672,0.18043202033036848
98405,53053060600,TACOMA,WA,0.0,0.000966183574879227,0.0,6.353240152477763e-05
98405,53053061200,TACOMA,WA,0.17114442630250853,0.07922705314009662,0.08529650690495533,0.15838627700127064
98406,53053061100,TACOMA,WA,0.0051034610745105315,0.14,0.016714697406340056,0.012812690665039659
98406,53053060800,TACOMA,WA,0.17490952955367914,0.06,0.015561959654178675,0.14856619890176936
98406,53053060906,TACOMA,WA,0.08759395007887168,0.13,0.02363112391930836,0.08107077486272117
98406,53053061200,TACOMA,WA,0.016795026445207386,0.10666666666666667,0.013256484149855908,0.02043929225137279
98406,53053061001,TACOMA,WA,0.104760137329498,0.02666666666666667,0.20057636887608069,0.11386516168395364
98406,53053060600,TACOMA,WA,0.0036188178528347406,0.0,0.00345821325648415,0.0034319707138499083
98406,53053060907,TACOMA,WA,0.1431752806903591,0.04,0.2610951008645533,0.15405735204392923
98406,53053061002,TACOMA,WA,0.07339704927159692,0.21166666666666667,0.30720461095100865,0.11066198901769371
98406,53053060500,TACOMA,WA,0.06402523893476848,0.051666666666666666,0.01440922190201729,0.056894447834045146
98406,53053060700,TACOMA,WA,0.22668646190962236,0.17833333333333334,0.13371757925072045,0.21217205613178766
98406,53053060908,TACOMA,WA,0.09993504685905169,0.055,0.01037463976945245,0.0860280658938377
98407,53053060904,TACOMA,WA,0.22067928533522024,0.12332439678284182,0.36507936507936506,0.22511983101795435
98407,53053060908,TACOMA,WA,0.021758358393773217,0.013404825737265416,0.012698412698412698,0.02104151433910147
98407,53053060906,TACOMA,WA,0.00044224305678400847,0.029490616621983913,0.004761904761904762,0.0015435859939881389
98407,53053060300,TACOMA,WA,0.2901998938616664,0.3806970509383378,0.2222222222222222,0.28946299455682833
98407,53053060903,TACOMA,WA,0.13842207677339466,0.07506702412868632,0.24444444444444444,0.14192867007880414
98407,53053060800,TACOMA,WA,0.06474438351317885,0.16621983914209115,0.022222222222222223,0.06564302542854822
98407,53053060500,TACOMA,WA,0.10065451972404034,0.12332439678284182,0.08095238095238096,0.10033308960922901
98407,53053060400,TACOMA,WA,0.16309923934194234,0.08847184986595175,0.047619047619047616,0.15492728897554633
98408,53053062400,TACOMA,WA,0.11384758364312268,0.2164009111617312,0.10059171597633136,0.11816728822589238
98408,53053071803,TACOMA,WA,0.00011617100371747211,0.0,0.0,0.00010655301012253596
98408,53053063100,TACOMA,WA,0.2003949814126394,0.17084282460136674,0.08284023668639054,0.19477890250399574
98408,53053063401,TACOMA,WA,0.16647304832713755,0.20501138952164008,0.3136094674556213,0.17357485348961108
98408,53053062501,TACOMA,WA,0.020562267657992565,0.011389521640091117,0.0029585798816568047,0.01949920085242408
98408,53053063200,TACOMA,WA,0.17216542750929367,0.1571753986332574,0.11538461538461539,0.16941928609483217
98408,53053063501,TACOMA,WA,0.18517657992565056,0.1571753986332574,0.28402366863905326,0.18742674480554075
98408,53053062502,TACOMA,WA,0.1412639405204461,0.08200455580865604,0.10059171597633136,0.13702717101758125
98409,53053061700,TACOMA,WA,0.012644803393702072,0.023513753327417924,0.05648792468276709,0.020406959598938366
98409,53053062802,TACOMA,WA,0.13860336107032142,0.023513753327417924,0.040523945968072045,0.10917133588911826
98409,53053071803,TACOMA,WA,0.00465002447381302,0.0,0.0,0.0033618401651430256
98409,53053062901,TACOMA,WA,0.18371675640398108,0.025288376220053237,0.30904625460499385,0.18071365378944265
98409,53053062801,TACOMA,WA,0.22621961168216675,0.07808340727595386,0.1760130986492018,0.19929224417575936
98409,53053063000,TACOMA,WA,0.10221895904715288,0.08251996450754215,0.10315186246418338,0.09973459156590976
98409,53053072312,TACOMA,WA,0.01158427149616577,0.00044365572315882877,0.01637331150225133,0.010793276319669714
98409,53053062902,TACOMA,WA,0.13680861478218306,0.05146406388642413,0.02005730659025788,0.10864051902093777
98409,53053062600,TACOMA,WA,0.18355359765051396,0.7151730257320319,0.2783462955382726,0.26788557947508107
98411,53053062600,TACOMA,WA,1.0,1.0,1.0,1.0
98413,53053062600,TACOMA,WA,0.0,1.0,0.0,1.0
98416,53053060700,TACOMA,WA,0.0,1.0,1.0,1.0
98417,53053060500,TACOMA,WA,1.0,1.0,1.0,1.0
98418,53053061800,TACOMA,WA,0.2743876235496347,0.18705035971223022,0.3248587570621469,0.27317442300416195
98418,53053062501,TACOMA,WA,0.3407821229050279,0.2805755395683453,0.22598870056497175,0.3299281119939463
98418,53053061900,TACOMA,WA,0.19531585732703052,0.3273381294964029,0.307909604519774,0.20979947029890275
98418,53053062400,TACOMA,WA,0.18951439621830685,0.20503597122302158,0.14124293785310735,0.18709799470298902
98419,53053061900,TACOMA,WA,1.0,1.0,1.0,1.0
98421,53053061602,TACOMA,WA,0.0,0.009395973154362415,0.02564102564102564,0.008688783570300158
98421,53053940002,TACOMA,WA,0.0,0.021476510067114093,0.019230769230769232,0.015007898894154818
98421,53053060200,TACOMA,WA,1.0,0.9691275167785235,0.9551282051282052,0.976303317535545
98422,53053060200,TACOMA,WA,0.018194706994328923,0.24581005586592178,0.22077922077922077,0.026372627031942708
98422,53053940002,TACOMA,WA,0.06498109640831758,0.1005586592178771,0.045454545454545456,0.0653631919972718
98422,53033030304,TACOMA,WA,0.0011814744801512287,0.0223463687150838,0.006493506493506494,0.0017051267477549165
98422,53033030312,TACOMA,WA,0.0034262759924385635,0.0,0.006493506493506494,0.003410253495509833
98422,53053940001,TACOMA,WA,0.15205576559546313,0.29608938547486036,0.18181818181818182,0.15550755939524838
98422,53053940005,TACOMA,WA,0.26902173913043476,0.20670391061452514,0.13636363636363635,0.265431397067182
98422,53053940008,TACOMA,WA,0.29206049149338376,0.0893854748603352,0.19480519480519481,0.28623394338979197
98422,53053940011,TACOMA,WA,0.19907844990548204,0.03910614525139665,0.2077922077922078,0.1959759008752984
98424,53053940010,FIFE,WA,0.0369447903694479,0.028105167724388033,0.017094017094017096,0.03229445776336201
98424,53053940012,FIFE,WA,0.3991282689912827,0.12330009066183137,0.5811965811965812,0.38626427866309404
98424,53053940013,FIFE,WA,0.263387297633873,0.011786038077969175,0.11794871794871795,0.20025384289945
98424,53053940002,FIFE,WA,0.2650477376504774,0.786038077969175,0.21794871794871795,0.3383161754336483
98424,53053060200,FIFE,WA,0.0006226650062266501,0.0027198549410698096,0.0,0.0008461429981666902
98424,53053940009,FIFE,WA,0.034869240348692404,0.04805077062556664,0.06581196581196581,0.04202510224227895
98430,53053072903,CAMP MURRAY,WA,0.0,1.0,1.0,1.0
98431,53053072907,TACOMA,WA,0.0,1.0,0.0,1.0
98433,53053060906,TACOMA,WA,0.007872539831302717,0.0,0.019963702359346643,0.008930075821398483
98433,53053072909,TACOMA,WA,0.01218369259606373,0.04081632653061224,0.034482758620689655,0.014490311710193765
98433,53053072903,TACOMA,WA,0.1838800374882849,0.061224489795918366,0.06533575317604355,0.17186183656276327
98433,53053072908,TACOMA,WA,0.29447047797563264,0.08163265306122448,0.3738656987295826,0.30008424599831507
98433,53053072907,TACOMA,WA,0.5015932521087161,0.8163265306122449,0.5063520871143375,0.5046335299073293
98438,53053072901,MCCHORD AFB,WA,1.0,1.0,1.0,1.0
98439,53053072000,LAKEWOOD,WA,0.5959546127281697,0.9230769230769231,0.6208425720620843,0.6038338658146964
98439,53053072901,LAKEWOOD,WA,0.4040453872718303,0.07692307692307693,0.37915742793791574,0.3961661341853035
98443,53053940004,TACOMA,WA,1.0,1.0,1.0,1.0
98444,53053071703,TACOMA,WA,0.14308063359624534,0.04619826756496631,0.2892775229357798,0.16368028991342862
98444,53053063402,TACOMA,WA,0.06740108206766182,0.08277189605389798,0.012327981651376147,0.05853633984296356
98444,53053071505,TACOMA,WA,0.02607391956195815,0.04716073147256978,0.023509174311926607,0.026726394201731427
98444,53053071408,TACOMA,WA,0.0014992503748125937,0.07603464870067372,0.01404816513761468,0.007600161063015905
98444,53053071705,TACOMA,WA,0.10051495991134868,0.136669874879692,0.019208715596330275,0.08813166901550232
98444,53053071504,TACOMA,WA,0.12319926993025226,0.14148219441770934,0.041857798165137614,0.10987517616267364
98444,53053071403,TACOMA,WA,0.0,0.005774783445620789,0.00028669724770642203,0.00035232534729212806
98444,53053071603,TACOMA,WA,0.0014992503748125937,0.06544754571703561,0.006307339449541285,0.005687537749144353
98444,53053071604,TACOMA,WA,0.0014992503748125937,0.0028873917228103944,0.0,0.0013086370042279041
98444,53053063401,TACOMA,WA,0.0019555439671468614,0.0028873917228103944,0.006307339449541285,0.0027682705858667203
98444,53053071503,TACOMA,WA,0.14699172153053908,0.1693936477382098,0.07454128440366972,0.13544392993758808
98444,53053063501,TACOMA,WA,0.017534710905416858,0.0028873917228103944,0.02551605504587156,0.018169921481779747
98444,53053071704,TACOMA,WA,0.11407339808356691,0.016361886429258902,0.356651376146789,0.15155023152808536
98444,53053072901,TACOMA,WA,0.00013036959780979076,0.012512030798845043,0.0008600917431192661,0.0009059794644654722
98444,53053071706,TACOMA,WA,0.045368620037807186,0.06256015399422522,0.041857798165137614,0.04565129857056573
98444,53053063502,TACOMA,WA,0.12932664102731242,0.03176130895091434,0.03211009174311927,0.10715723776927723
98444,53053071707,TACOMA,WA,0.07985137865849684,0.09720885466794996,0.05533256880733945,0.07645460036239178
98445,53053071413,TACOMA,WA,0.0007026858213616489,0.0,0.0,0.0006203901564761839
98445,53053071305,TACOMA,WA,0.05106183635227982,0.42296918767507,0.02608047690014903,0.0579030812711105
98445,53053063402,TACOMA,WA,0.04380074953154279,0.008403361344537815,0.0037257824143070045,0.039222444337216514
98445,53053071417,TACOMA,WA,0.0005465334166146158,0.0,0.005216095380029807,0.0009650513545185083
98445,53053071306,TACOMA,WA,0.057698313554028734,0.011204481792717087,0.0029806259314456036,0.05149238298752327
98445,53053063401,TACOMA,WA,0.0019519050593379138,0.0,0.0,0.001723305990211622
98445,53053071412,TACOMA,WA,0.11297626483447845,0.011204481792717087,0.010432190760059613,0.10098573102640104
98445,53053071603,TACOMA,WA,0.10649594003747657,0.25210084033613445,0.05886736214605067,0.10567312331977666
98445,53053071506,TACOMA,WA,0.16232042473454092,0.01680672268907563,0.09836065573770492,0.15282277521196663
98445,53053071408,TACOMA,WA,0.062070580886945656,0.008403361344537815,0.00819672131147541,0.05576618184324809
98445,53053071100,TACOMA,WA,0.011867582760774516,0.011204481792717087,0.0014903129657228018,0.010891293858137452
98445,53053071601,TACOMA,WA,0.06495940037476577,0.10644257703081232,0.014903129657228018,0.06134969325153374
98445,53053071604,TACOMA,WA,0.15880699562773268,0.12324929971988796,0.7622950819672131,0.2137588750258496
98445,53053940004,TACOMA,WA,0.0010930668332292317,0.0,0.0,0.0009650513545185083
98445,53053071505,TACOMA,WA,0.16255465334166147,0.025210084033613446,0.007451564828614009,0.14482663541738472
98445,53053071409,TACOMA,WA,0.0010930668332292317,0.0028011204481792717,0.0,0.0010339835941269731
98446,53053071100,TACOMA,WA,0.15048629531388152,0.07368421052631578,0.23684210526315788,0.14968954522570901
98446,53053071309,TACOMA,WA,0.013439434129089302,0.06315789473684211,0.13157894736842105,0.017284779325390166
98446,53053073128,TACOMA,WA,0.00017683465959328028,0.005263157894736842,0.0,0.0003356267830172848
98446,53053071305,TACOMA,WA,0.20565870910698497,0.2578947368421053,0.34210526315789475,0.20993455277731163
98446,53053071413,TACOMA,WA,0.003183023872679045,0.15263157894736842,0.0,0.007887229400906193
98446,53053073127,TACOMA,WA,0.0028293545534924846,0.11578947368421053,0.008771929824561403,0.0065447222688370535
98446,53053071306,TACOMA,WA,0.3317418213969938,0.14736842105263157,0.18421052631578946,0.3230407786541366
98446,53053071412,TACOMA,WA,0.2901856763925729,0.15263157894736842,0.09649122807017543,0.28209431112602784
98446,53053940004,TACOMA,WA,0.0022988505747126436,0.031578947368421054,0.0,0.0031884544386642055
98447,53053071504,TACOMA,WA,0.0,1.0,0.0,1.0
98448,53053071504,TACOMA,WA,1.0,1.0,1.0,1.0
98464,53053072311,TACOMA,WA,1.0,1.0,1.0,1.0
98465,53053061001,TACOMA,WA,0.22224781206817135,0.08547008547008547,0.03807106598984772,0.20399752730269935
98465,53053072305,TACOMA,WA,0.00023030861354214648,0.0,0.0,0.000206058108386565
98465,53053061100,TACOMA,WA,0.22639336711192998,0.042735042735042736,0.09390862944162437,0.21120956109622913
98465,53053061002,TACOMA,WA,0.5511285122063565,0.8717948717948718,0.868020304568528,0.5845868534926849
98466,53053061001,TACOMA,WA,0.002492303181351708,0.007804878048780488,0.0,0.002434782608695652
98466,53053072313,TACOMA,WA,0.07264330743292773,0.025365853658536587,0.0019357336430507162,0.059246376811594205
98466,53053072305,TACOMA,WA,0.20304940624541856,0.1775609756097561,0.12195121951219512,0.18939130434782608
98466,53053061002,TACOMA,WA,0.006010848849142355,0.00975609756097561,0.0027100271002710027,0.005739130434782609
98466,53053072311,TACOMA,WA,0.20238967893270782,0.511219512195122,0.3797909407665505,0.24730434782608696
98466,53053062801,TACOMA,WA,0.021917607388945902,0.02829268292682927,0.06581494386372436,0.028869565217391303
98466,53053072307,TACOMA,WA,0.1345110687582466,0.05170731707317073,0.20828493999225706,0.1406376811594203
98466,53053072310,TACOMA,WA,0.15313003958363877,0.16,0.12233836624080527,0.14892753623188407
98466,53053072315,TACOMA,WA,0.0005864242779651077,0.0,0.0,0.00046376811594202896
98466,53053072309,TACOMA,WA,0.20326931534965548,0.02829268292682927,0.09717382888114595,0.17698550724637682
98467,53053072315,UNIVERSITY PLACE,WA,0.16420818257723352,0.041916167664670656,0.050824175824175824,0.1431490521058009
98467,53053072312,UNIVERSITY PLACE,WA,0.3412190370164208,0.31137724550898205,0.4684065934065934,0.3616755590872971
98467,53053071803,UNIVERSITY PLACE,WA,0.029640968549958253,0.2275449101796407,0.032280219780219783,0.03382903848336928
98467,53053072314,UNIVERSITY PLACE,WA,0.2982187586974673,0.11377245508982035,0.36195054945054944,0.3052559881938926
98467,53053062801,UNIVERSITY PLACE,WA,0.029501809073197886,0.017964071856287425,0.059065934065934064,0.03416959927347032
98467,53053062802,UNIVERSITY PLACE,WA,0.0034789869190091846,0.023952095808383235,0.0,0.003292087637643319
98467,53053072307,UNIVERSITY PLACE,WA,0.02073476203729474,0.017964071856287425,0.018543956043956044,0.02032012714269497
98467,53053072313,UNIVERSITY PLACE,WA,0.11271917617589758,0.23952095808383234,0.008928571428571428,0.0979679872857305
98467,53053072309,UNIVERSITY PLACE,WA,0.00027831895352073476,0.0,0.0,0.00022704052673402204
98467,53053072105,UNIVERSITY PLACE,WA,0.0,0.005988023952095809,0.0,0.00011352026336701102
98490,53053062600,TACOMA,WA,1.0,1.0,1.0,1.0
98493,53053072108,TACOMA,WA,0.0,1.0,0.0,1.0
98496,53053071807,LAKEWOOD,WA,1.0,1.0,1.0,1.0
98498,53053072106,LAKEWOOD,WA,0.17387926346049257,0.34394904458598724,0.22328410078192876,0.18157087053571427
98498,53053072105,LAKEWOOD,WA,0.1508818273638412,0.022292993630573247,0.16072980017376196,0.14885602678571427
98498,53053072107,LAKEWOOD,WA,0.14699712532048792,0.07643312101910828,0.01737619461337967,0.13504464285714285
98498,53053072112,LAKEWOOD,WA,0.147074819361355,0.05732484076433121,0.30755864465682015,0.15799386160714285
98498,53053072000,LAKEWOOD,WA,0.0860073032398415,0.321656050955414,0.1364031277150304,0.09521484375
98498,53053072111,LAKEWOOD,WA,0.00862403853624427,0.0,0.0,0.007742745535714286
98498,53053072108,LAKEWOOD,WA,0.18716494444876078,0.11464968152866242,0.12076455256298871,0.18024553571428573
98498,53053071902,LAKEWOOD,WA,0.09766140936990132,0.06369426751592357,0.03388357949609035,0.091796875
98498,53053072903,LAKEWOOD,WA,0.001709268899075441,0.0,0.0,0.0015345982142857143
98499,53053071901,LAKEWOOD,WA,0.17116068984396388,0.2093762415574096,0.10734771920240371,0.16455026455026456
98499,53053072901,LAKEWOOD,WA,6.84369011771147e-05,0.0015891934843067143,0.0008194482381862879,0.0003848003848003848
98499,53053071706,LAKEWOOD,WA,0.016219545578976185,0.044497417560588004,0.04261130838568697,0.02429052429052429
98499,53053071704,LAKEWOOD,WA,0.006227758007117438,0.02264600715137068,0.012564872985523081,0.009331409331409331
98499,53053071803,LAKEWOOD,WA,0.17841500136873803,0.18077075883988875,0.26932532095055994,0.19470899470899472
98499,53053071806,LAKEWOOD,WA,0.13885847248836572,0.04767580452920143,0.1974870254028954,0.13814333814333815
98499,53053062802,LAKEWOOD,WA,0.0,0.0003972983710766786,0.0,4.81000481000481e-05
98499,53053071805,LAKEWOOD,WA,0.10676156583629894,0.08621374652363925,0.0950559956296094,0.10221260221260221
98499,53053071808,LAKEWOOD,WA,0.10238160416096359,0.07071911005164878,0.026495493034689975,0.08518518518518518
98499,53053071807,LAKEWOOD,WA,0.1359156857377498,0.27532777115613827,0.2114176454520623,0.1660894660894661
98499,53053071902,LAKEWOOD,WA,0.08595674787845606,0.03535955502582439,0.015296367112810707,0.06738816738816739
98499,53053072106,LAKEWOOD,WA,0.05803449219819327,0.02542709574890743,0.02157880360557225,0.04766714766714767
98501,53067010300,OLYMPIA,WA,0.08014984536307009,0.10979929161747344,0.11421725239616613,0.0845607476635514
98501,53067011626,OLYMPIA,WA,0.0216491701877423,0.0023612750885478157,0.001597444089456869,0.018878504672897197
98501,53067012223,OLYMPIA,WA,0.0008711939713377183,0.0059031877213695395,0.005591054313099041,0.0015700934579439252
98501,53067011721,OLYMPIA,WA,0.11059807466132335,0.024006296733569462,0.1597444089456869,0.10467289719626169
98501,53067011821,OLYMPIA,WA,0.05684540662978612,0.02046438410074774,0.019169329073482427,0.051626168224299065
98501,53067011300,OLYMPIA,WA,0.012719431981530688,0.0011806375442739079,0.03354632587859425,0.012598130841121496
98501,53067010700,OLYMPIA,WA,0.11133858953696041,0.029909484454939,0.051916932907348244,0.10082242990654205
98501,53067011200,OLYMPIA,WA,0.029097878642679792,0.0295159386068477,0.027156549520766772,0.029046728971962615
98501,53067011722,OLYMPIA,WA,0.0686936446399791,0.015348288075560802,0.051916932907348244,0.0628411214953271
98501,53067010520,OLYMPIA,WA,0.0,0.006690279417552145,0.001597444089456869,0.0007102803738317757
98501,53067010802,OLYMPIA,WA,0.1122969029054319,0.10074773711137347,0.07827476038338659,0.10960747663551401
98501,53067010910,OLYMPIA,WA,4.355969856688592e-05,0.0003935458480913026,0.0,7.476635514018692e-05
98501,53067010400,OLYMPIA,WA,0.06812736855860957,0.03423848878394333,0.01757188498402556,0.06254205607476636
98501,53067011720,OLYMPIA,WA,0.10902992551291545,0.05548996458087367,0.04712460063897764,0.10104672897196261
98501,53067010801,OLYMPIA,WA,0.05392690682580477,0.10901219992129083,0.08386581469648563,0.0605607476635514
98501,53067010100,OLYMPIA,WA,0.14400836346212484,0.45454545454545453,0.305111821086262,0.1810467289719626
98501,53067012610,OLYMPIA,WA,0.020603737422137038,0.0003935458480913026,0.001597444089456869,0.017794392523364486
98502,53067011100,OLYMPIA,WA,0.11515776212563707,0.03482587064676617,0.0636182902584493,0.10686254779633729
98502,53067012002,OLYMPIA,WA,0.0788524308538052,0.0035536602700781805,0.03479125248508946,0.07129201046488227
98502,53067011901,OLYMPIA,WA,0.038939472026570464,0.029850746268656716,0.010934393638170975,0.03687864761521433
98502,53067010520,OLYMPIA,WA,0.19612895836912328,0.31343283582089554,0.3866799204771372,0.21407727913060978
98502,53067012001,OLYMPIA,WA,0.11853633396323655,0.032693674484719264,0.11232604373757456,0.11214530086536527
98502,53067010600,OLYMPIA,WA,0.17396781767164862,0.1613361762615494,0.12624254473161034,0.1706580800965989
98502,53067011902,OLYMPIA,WA,0.15856382064937297,0.024875621890547265,0.020874751491053677,0.14213121352384786
98502,53067010510,OLYMPIA,WA,0.11870812575158908,0.39872068230277186,0.24453280318091453,0.1448983698933387
98502,53045961300,OLYMPIA,WA,0.0011452785890167783,0.0007107320540156361,0.0,0.0010565506138055947
98503,53067012224,LACEY,WA,0.0,0.008347245409015025,0.007150153217568948,0.000811804593858937
98503,53067012332,LACEY,WA,0.000586228949051375,0.0,0.0,0.0005252853254381358
98503,53067011625,LACEY,WA,0.08383073971434662,0.007512520868113523,0.056179775280898875,0.07817200706747529
98503,53067011623,LACEY,WA,0.0003730547857599659,0.03672787979966611,0.008171603677221655,0.002817439472804546
98503,53067011422,LACEY,WA,0.08916009379663185,0.018363939899833055,0.06843718079673136,0.08414115849290865
98503,53067011626,LACEY,WA,0.10221701129823066,0.10851419031719532,0.09908069458631256,0.10243063846043647
98503,53067011627,LACEY,WA,0.053027073118738006,0.020868113522537562,0.026557711950970377,0.04994985912802636
98503,53067011500,LACEY,WA,0.0834043913877638,0.01669449081803005,0.1205311542390194,0.0813237190201041
98503,53067011410,LACEY,WA,0.11346194841185249,0.07262103505843072,0.13891726251276812,0.11231555322095411
98503,53067011200,LACEY,WA,0.14250692816030697,0.6168614357262103,0.33605720122574056,0.17869251707177308
98503,53067011300,LACEY,WA,0.11889788957578341,0.021702838063439065,0.0602655771195097,0.1105964376104293
98503,53067011421,LACEY,WA,0.06379236836495417,0.005008347245409015,0.0,0.05744711331837066
98503,53067012330,LACEY,WA,0.0,0.015025041736227046,0.0020429009193054137,0.0009550642280693377
98503,53067012331,LACEY,WA,0.0010125772756341932,0.004173622704507512,0.0,0.0011460770736832053
98503,53067011624,LACEY,WA,0.0036772543167768066,0.0,0.0,0.003294971586839215
98503,53067011622,LACEY,WA,0.005755702408868045,0.018363939899833055,0.012257405515832482,0.006780956019292297
98503,53067011628,LACEY,WA,0.13829673843530163,0.02921535893155259,0.06435137895812053,0.12859939830953632
98505,53067012001,OLYMPIA,WA,0.0,1.0,0.0,1.0
98506,53067010300,OLYMPIA,WA,0.1358966534431899,0.45702592087312416,0.3850415512465374,0.165675057208238
98506,53067010100,OLYMPIA,WA,0.00274641440341776,0.013642564802182811,0.013850415512465374,0.0038443935926773453
98506,53067012100,OLYMPIA,WA,0.21188078527108128,0.01637107776261937,0.08587257617728532,0.1945995423340961
98506,53067012211,OLYMPIA,WA,0.09968467093886685,0.04229195088676671,0.0221606648199446,0.09327231121281465
98506,53067012223,OLYMPIA,WA,0.22927474315939375,0.35607094133697137,0.3656509695290859,0.2422883295194508
98506,53067012224,OLYMPIA,WA,0.06031939782321229,0.08049113233287858,0.055401662049861494,0.061510297482837525
98506,53067010200,OLYMPIA,WA,0.2601973349608382,0.034106412005457026,0.07202216066481995,0.23881006864988558
98507,53067010100,OLYMPIA,WA,1.0,1.0,1.0,1.0
98508,53067010510,OLYMPIA,WA,1.0,1.0,1.0,1.0
98509,53067011410,LACEY,WA,1.0,1.0,1.0,1.0
98511,53067010802,TUMWATER,WA,1.0,1.0,1.0,1.0
98512,53067011810,OLYMPIA,WA,0.1005116248947607,0.006493506493506494,0.007267441860465116,0.09243150482277057
98512,53067010801,OLYMPIA,WA,0.0037562334045722428,0.02727272727272727,0.00436046511627907,0.004852358127699864
98512,53067010520,OLYMPIA,WA,0.00025905057962567193,0.0,0.0,0.0002367003964731641
98512,53067011821,OLYMPIA,WA,0.08665241888478725,0.05844155844155844,0.12354651162790697,0.08686904550565122
98512,53067010910,OLYMPIA,WA,0.24085227640696846,0.36103896103896105,0.3851744186046512,0.2522042724421563
98512,53067012730,OLYMPIA,WA,0.01988213198627032,0.006493506493506494,0.0029069767441860465,0.01858098112314338
98512,53067010920,OLYMPIA,WA,0.20989573214170068,0.274025974025974,0.2761627906976744,0.21551571098881592
98512,53067011000,OLYMPIA,WA,0.15115601321157957,0.11818181818181818,0.07412790697674419,0.14651754541688858
98512,53067010100,OLYMPIA,WA,6.476264490641798e-05,0.0,0.0,5.9175099118291023e-05
98512,53067011822,OLYMPIA,WA,0.1621009002007642,0.12727272727272726,0.11773255813953488,0.15870761583525653
98512,53067011901,OLYMPIA,WA,0.01988213198627032,0.005194805194805195,0.00872093023255814,0.018758506420498255
98512,53067012610,OLYMPIA,WA,0.004986723657794184,0.015584415584415584,0.0,0.005266583821527901
98513,53067012420,OLYMPIA,WA,0.1155005845794105,0.07086614173228346,0.030852994555353903,0.11241065627030539
98513,53067012530,OLYMPIA,WA,0.007876438373023199,0.0,0.0,0.007560990017130368
98513,53067012330,OLYMPIA,WA,0.056796504830471974,0.06299212598425197,0.42286751361161523,0.06875775296827928
98513,53067011624,OLYMPIA,WA,0.12448464709864009,0.07086614173228346,0.025408348457350273,0.12085769980506822
98513,53067011623,OLYMPIA,WA,0.1519291120546428,0.28346456692913385,0.2885662431941924,0.1573631047315258
98513,53067012320,OLYMPIA,WA,0.07808750230755031,0.3464566929133858,0.034482758620689655,0.0786815523657629
98513,53067012331,OLYMPIA,WA,0.20263368408097962,0.07086614173228346,0.1306715063520871,0.1993029712327958
98513,53067012332,OLYMPIA,WA,0.13433019506491908,0.05511811023622047,0.007259528130671506,0.12960009451237522
98513,53067012610,OLYMPIA,WA,0.020183373330871945,0.007874015748031496,0.003629764065335753,0.01955224762242306
98513,53067011622,OLYMPIA,WA,0.10817795827949049,0.031496062992125984,0.056261343012704176,0.10591293047433398
98516,53067011200,OLYMPIA,WA,0.00047294101749881766,0.06594399277326106,0.016793893129770993,0.005494173760792127
98516,53067012226,OLYMPIA,WA,0.2122829538544693,0.3089430894308943,0.27633587786259545,0.2212763388275071
98516,53067012320,OLYMPIA,WA,0.010337139382474157,0.014453477868112014,0.004580152671755725,0.010384592163255449
98516,53067011500,OLYMPIA,WA,0.07114384163232214,0.26648599819331525,0.13893129770992366,0.08688039606351507
98516,53067012211,OLYMPIA,WA,0.010877643402472806,0.0009033423667570009,0.0,0.009780836804926644
98516,53067012330,OLYMPIA,WA,0.13242348489966893,0.17524841915085818,0.3083969465648855,0.1422447624222665
98516,53067012225,OLYMPIA,WA,0.18478481183703804,0.0036133694670280035,0.0030534351145038168,0.1654893437179255
98516,53067012221,OLYMPIA,WA,0.2685629349368286,0.0930442637759711,0.13740458015267176,0.251645233351446
98516,53067012224,OLYMPIA,WA,0.10911424903722722,0.07136404697380307,0.11450381679389313,0.10680432288836564
98520,53027001601,ABERDEEN,WA,0.0006258941344778255,0.0006997900629811056,0.0,0.0006093845216331506
98520,53027001200,ABERDEEN,WA,0.16532546494992847,0.16934919524142758,0.14563106796116504,0.1649908592321755
98520,53027001300,ABERDEEN,WA,0.009746065808297568,0.00489853044086774,0.001941747572815534,0.008912248628884826
98520,53027000900,ABERDEEN,WA,0.1781115879828326,0.0979706088173548,0.1553398058252427,0.16849482023156612
98520,53027000300,ABERDEEN,WA,0.03791130185979971,0.002099370188943317,0.003883495145631068,0.032678244972577694
98520,53027000800,ABERDEEN,WA,0.11704220314735336,0.034289713086074175,0.03495145631067961,0.1048141377209019
98520,53027001000,ABERDEEN,WA,0.26734620886981403,0.6326102169349195,0.49902912621359224,0.316194393662401
98520,53027000700,ABERDEEN,WA,0.0036659513590844065,0.0013995801259622112,0.003883495145631068,0.0034277879341864715
98520,53027001602,ABERDEEN,WA,0.04220314735336195,0.010496850944716585,0.007766990291262136,0.037400975015234615
98520,53027001100,ABERDEEN,WA,0.17802217453505007,0.04618614415675298,0.14757281553398058,0.16247714808043875
98522,53041970100,ADNA,WA,0.0,1.0,0.0,1.0
98524,53045960401,ALLYN,WA,0.25819209039548024,0.07079646017699115,0.6,0.25428804791723386
98524,53045960403,ALLYN,WA,0.7418079096045198,0.9292035398230089,0.4,0.7457119520827661
98526,53027000300,AMANDA PARK,WA,0.8888888888888888,0.6666666666666666,0.16666666666666666,0.7777777777777778
98526,53027940000,AMANDA PARK,WA,0.1111111111111111,0.3333333333333333,0.8333333333333334,0.2222222222222222
98527,53049950301,BAY CENTER,WA,0.0,0.0,1.0,1.0
98528,53045960401,BELFAIR,WA,0.4762137106611369,0.9267734553775744,0.7049180327868853,0.500459981600736
98528,53045960301,BELFAIR,WA,0.07184679190046353,0.006864988558352402,0.0,0.06807727690892364
98528,53053072601,BELFAIR,WA,0.0008538667967797023,0.0,0.0,0.0008049678012879485
98528,53045960302,BELFAIR,WA,0.24140034154671872,0.029748283752860413,0.21311475409836064,0.23056577736890524
98528,53045960402,BELFAIR,WA,0.1291778482556721,0.016018306636155607,0.01639344262295082,0.12270009199632015
98528,53045960500,BELFAIR,WA,0.07916565015857527,0.020594965675057208,0.06557377049180328,0.07612695492180313
98528,53035092000,BELFAIR,WA,0.001341790680653818,0.0,0.0,0.001264949402023919
98530,53067012620,BUCODA,WA,1.0,0.0,1.0,1.0
98531,53041970300,CENTRALIA,WA,0.197344181762358,0.17491039426523297,0.23660714285714285,0.19701888042398144
98531,53041970200,CENTRALIA,WA,0.11352471599631563,0.043010752688172046,0.043154761904761904,0.10387545544882411
98531,53041970600,CENTRALIA,WA,0.07729505680073688,0.0967741935483871,0.13095238095238096,0.08148393507784034
98531,53041970800,CENTRALIA,WA,0.013969910961007062,0.002150537634408602,0.005952380952380952,0.012520702219277906
98531,53041970500,CENTRALIA,WA,0.0776788455634019,0.05448028673835126,0.044642857142857144,0.07406425968863863
98531,53067012620,CENTRALIA,WA,0.008059564015965612,0.0,0.001488095238095238,0.007022192779065916
98531,53067012720,CENTRALIA,WA,0.05219527172244397,0.02795698924731183,0.07291666666666667,0.05087777409738324
98531,53041970100,CENTRALIA,WA,0.007445501995701566,0.0007168458781362007,0.002976190476190476,0.006624710168930109
98531,53041971100,CENTRALIA,WA,0.016502916794596253,0.005017921146953405,0.002976190476190476,0.014839350778403445
98531,53067012710,CENTRALIA,WA,0.012050967147681916,0.0007168458781362007,0.001488095238095238,0.010533289168598874
98531,53041970700,CENTRALIA,WA,0.21891311022413265,0.3763440860215054,0.20089285714285715,0.23265982113282543
98531,53041970400,CENTRALIA,WA,0.2050199570156586,0.21792114695340503,0.25595238095238093,0.20847962901623054
98532,53041971400,CHEHALIS,WA,0.12204951065054692,0.08589440504334121,0.17223650385604114,0.12014185423753347
98532,53041971200,CHEHALIS,WA,0.03273295501274776,0.0070921985815602835,0.012853470437017995,0.02981833972642397
98532,53041970200,CHEHALIS,WA,0.02467308166790032,0.002364066193853428,0.02313624678663239,0.022580878627777377
98532,53041970900,CHEHALIS,WA,0.07220988568138827,0.05673758865248227,0.08997429305912596,0.07128899182166896
98532,53041971800,CHEHALIS,WA,0.00016448721111933547,0.0,0.0,0.0001447492219729319
98532,53041971300,CHEHALIS,WA,0.1108643802944321,0.0252167060677699,0.056555269922879174,0.10146920460302526
98532,53041970100,CHEHALIS,WA,0.10823258491652274,0.01103230890464933,0.056555269922879174,0.09785047405370197
98532,53041971502,CHEHALIS,WA,0.08627354223209145,0.0070921985815602835,0.04627249357326478,0.07787508142143736
98532,53041970800,CHEHALIS,WA,0.22345587630561725,0.6666666666666666,0.3059125964010283,0.2664833176521676
98532,53041971100,CHEHALIS,WA,0.09219508183238753,0.0070921985815602835,0.043701799485861184,0.08301367880147645
98532,53041970700,CHEHALIS,WA,8.224360555966774e-05,0.007880220646178092,0.005141388174807198,0.0009408699428240573
98532,53041971000,CHEHALIS,WA,0.12706637058968664,0.12293144208037825,0.18766066838046272,0.1283925598899906
98533,53041971800,CINEBAR,WA,1.0,1.0,0.0,1.0
98535,53027000202,COPALIS BEACH,WA,1.0,1.0,1.0,1.0
98536,53027000202,COPALIS CROSSING,WA,1.0,1.0,1.0,1.0
98537,53049950200,COSMOPOLIS,WA,0.04126984126984127,0.06976744186046512,0.0,0.028871391076115485
98537,53027000700,COSMOPOLIS,WA,0.15,0.09302325581395349,0.0,0.10131233595800525
98537,53027000900,COSMOPOLIS,WA,0.8031746031746032,0.8372093023255814,0.9983388704318937,0.8656167979002625
98537,53027000800,COSMOPOLIS,WA,0.003968253968253968,0.0,0.0016611295681063123,0.0031496062992125984
98537,53049950400,COSMOPOLIS,WA,0.0015873015873015873,0.0,0.0,0.0010498687664041995
98538,53041971600,CURTIS,WA,0.10880829015544041,0.0,0.0,0.105
98538,53041971502,CURTIS,WA,0.8911917098445595,1.0,0.0,0.895
98539,53041971502,DOTY,WA,0.0,1.0,1.0,1.0
98540,53067011720,EAST OLYMPIA,WA,1.0,1.0,1.0,1.0
98541,53045961300,ELMA,WA,0.004210526315789474,0.018072289156626505,0.0,0.004604604604604604
98541,53045960100,ELMA,WA,0.007157894736842105,0.0,0.0,0.006806806806806807
98541,53027000502,ELMA,WA,0.34610526315789475,0.3855421686746988,0.5443037974683544,0.35055055055055057
98541,53027000501,ELMA,WA,0.24905263157894736,0.24096385542168675,0.3291139240506329,0.25005005005005004
98541,53045960202,ELMA,WA,0.19452631578947369,0.060240963855421686,0.06329113924050633,0.187987987987988
98541,53027000700,ELMA,WA,0.15242105263157896,0.2710843373493976,0.05063291139240506,0.15475475475475475
98541,53027000401,ELMA,WA,0.009894736842105263,0.0,0.0,0.00940940940940941
98541,53027000600,ELMA,WA,0.03663157894736842,0.024096385542168676,0.012658227848101266,0.035835835835835834
98542,53041971200,ETHEL,WA,0.987460815047022,1.0,1.0,0.9880239520958084
98542,53041971800,ETHEL,WA,0.012539184952978056,0.0,0.0,0.011976047904191617
98544,53041970200,GALVIN,WA,0.0,1.0,0.0,1.0
98546,53045961200,GRAPEVIEW,WA,0.6039185555128698,0.25,0.5,0.6000759589821496
98546,53045960403,GRAPEVIEW,WA,0.3818670764502497,0.7142857142857143,0.5,0.3854918344094189
98546,53045960500,GRAPEVIEW,WA,0.014214368036880523,0.03571428571428571,0.0,0.014432206608431447
98547,53049950301,GRAYLAND,WA,0.4303571428571429,0.29411764705882354,0.23300970873786409,0.39705882352941174
98547,53027001602,GRAYLAND,WA,0.5696428571428571,0.7058823529411765,0.7669902912621359,0.6029411764705882
98548,53045940000,HOODSPORT,WA,0.0004697040864255519,0.0,0.0,0.00046425255338904364
98548,53045960201,HOODSPORT,WA,0.6524189760450916,0.8181818181818182,1.0,0.6545961002785515
98548,53045960100,HOODSPORT,WA,0.34711131986848287,0.18181818181818182,0.0,0.3449396471680594
98550,53027000300,HOQUIAM,WA,0.13861386138613863,0.010752688172043012,0.058577405857740586,0.12699586043761088
98550,53027000202,HOQUIAM,WA,0.04471947194719472,0.030107526881720432,0.0041841004184100415,0.04228267297457126
98550,53027001300,HOQUIAM,WA,0.2589108910891089,0.3161290322580645,0.3179916317991632,0.26493199290360736
98550,53027001400,HOQUIAM,WA,0.16716171617161715,0.07096774193548387,0.1506276150627615,0.1599645180366647
98550,53027001500,HOQUIAM,WA,0.3905940594059406,0.5720430107526882,0.4686192468619247,0.40582495564754584
98552,53027940000,HUMPTULIPS,WA,0.09333333333333334,0.1111111111111111,0.0,0.07547169811320754
98552,53027000300,HUMPTULIPS,WA,0.9066666666666666,0.8888888888888888,1.0,0.9245283018867925
98554,53049950400,LEBAM,WA,0.0,1.0,0.0,1.0
98555,53045960100,LILLIWAUP,WA,0.0027739251040221915,0.0,0.0,0.002702702702702703
98555,53045960201,LILLIWAUP,WA,0.9972260748959778,1.0,1.0,0.9972972972972973
98556,53067011822,LITTLEROCK,WA,0.0,1.0,0.0,1.0
98557,53045961300,MCCLEARY,WA,0.017899761336515514,0.0,0.0,0.017271157167530225
98557,53027000600,MCCLEARY,WA,0.9791169451073986,1.0,1.0,0.9798503166378814
98557,53027000202,MCCLEARY,WA,0.0029832935560859188,0.0,0.0,0.0028785261945883708
98558,53053073006,MCKENNA,WA,0.0,0.0,0.4375,0.01569506726457399
98558,53053073001,MCKENNA,WA,1.0,1.0,0.5625,0.984304932735426
98559,53027000700,MALONE,WA,1.0,1.0,0.0,1.0
98560,53045960100,MATLOCK,WA,0.8901098901098901,1.0,1.0,0.8924731182795699
98560,53045960202,MATLOCK,WA,0.10989010989010989,0.0,0.0,0.10752688172043011
98561,53049950400,MENLO,WA,0.0,0.0,1.0,1.0
98562,53027000202,MOCLIPS,WA,1.0,1.0,1.0,1.0
98563,53027000700,MONTESANO,WA,0.009429153924566768,0.0,0.0,0.00853714813105676
98563,53027000800,MONTESANO,WA,0.14475025484199797,0.02527075812274368,0.06766917293233082,0.13474850023073373
98563,53027000300,MONTESANO,WA,0.005351681957186544,0.0,0.0,0.004845408398707891
98563,53045960202,MONTESANO,WA,0.0010193679918450561,0.0,0.0,0.0009229349330872173
98563,53027000402,MONTESANO,WA,0.4765545361875637,0.9314079422382672,0.6917293233082706,0.5122288878634056
98563,53027000401,MONTESANO,WA,0.36289500509684,0.04332129963898917,0.24060150375939848,0.3387171204430088
98564,53041971700,MOSSYROCK,WA,1.0,1.0,1.0,1.0
98565,53041971300,NAPAVINE,WA,0.0,0.0,1.0,1.0
98566,53027000300,NEILTON,WA,0.0,0.0,1.0,1.0
98568,53041970100,OAKVILLE,WA,0.0047169811320754715,0.0,0.0,0.004595588235294118
98568,53027000700,OAKVILLE,WA,0.9773584905660377,0.7619047619047619,1.0,0.9733455882352942
98568,53067012720,OAKVILLE,WA,0.017924528301886792,0.23809523809523808,0.0,0.022058823529411766
98569,53027000201,OCEAN SHORES,WA,0.9692031937428711,0.867704280155642,1.0,0.966344702686387
98569,53027000202,OCEAN SHORES,WA,0.03079680625712889,0.13229571984435798,0.0,0.03365529731361304
98570,53041971200,ONALASKA,WA,0.23187633262260127,0.3,0.0,0.2228398180899444
98570,53041971100,ONALASKA,WA,0.22707889125799574,0.2,0.4578313253012048,0.23648307225871654
98570,53041971800,ONALASKA,WA,0.5410447761194029,0.5,0.5421686746987951,0.5406771096513391
98571,53027000202,PACIFIC BEACH,WA,1.0,0.0,1.0,1.0
98572,53041971502,PE ELL,WA,0.9928571428571429,1.0,1.0,0.9969418960244648
98572,53049950400,PE ELL,WA,0.007142857142857143,0.0,0.0,0.0030581039755351682
98575,53027000300,QUINAULT,WA,1.0,1.0,1.0,1.0
98576,53067012412,RAINIER,WA,0.006487488415199258,0.0,0.0,0.006349206349206349
98576,53067012420,RAINIER,WA,0.008804448563484708,0.0,0.0,0.008616780045351474
98576,53067012610,RAINIER,WA,0.0023169601482854493,0.0,0.0,0.0022675736961451248
98576,53067012531,RAINIER,WA,0.2428174235403151,0.14285714285714285,0.15384615384615385,0.24081632653061225
98576,53067012620,RAINIER,WA,0.013438368860055607,0.0,0.0,0.013151927437641724
98576,53067012530,RAINIER,WA,0.696014828544949,0.8095238095238095,0.8461538461538461,0.6988662131519274
98576,53067012421,RAINIER,WA,0.030120481927710843,0.047619047619047616,0.0,0.029931972789115645
98577,53049950301,RAYMOND,WA,0.03797083839611179,0.03162055335968379,0.020833333333333332,0.037077725899478164
98577,53049950400,RAYMOND,WA,0.25455650060753343,0.07905138339920949,0.0625,0.23729744575666026
98577,53049950302,RAYMOND,WA,0.060449574726609966,0.039525691699604744,0.03125,0.058225762153254604
98577,53049950200,RAYMOND,WA,0.6470230862697448,0.849802371541502,0.8854166666666666,0.667399066190607
98579,53067012730,ROCHESTER,WA,0.3629319696265303,0.1423728813559322,0.2777777777777778,0.35210035005834306
98579,53067012710,ROCHESTER,WA,0.12211374554470789,0.09152542372881356,0.2037037037037037,0.12208284714119019
98579,53027000700,ROCHESTER,WA,0.001239733457306679,0.0,0.0,0.0011668611435239206
98579,53067012720,ROCHESTER,WA,0.46350534635053464,0.7593220338983051,0.49074074074074076,0.4766627771295216
98579,53041970100,ROCHESTER,WA,0.03176816984348365,0.006779661016949152,0.018518518518518517,0.03048424737456243
98579,53067012610,ROCHESTER,WA,0.01844103517743685,0.0,0.009259259259259259,0.01750291715285881
98580,53053073001,ROY,WA,0.6003736413043478,0.9340659340659341,0.6666666666666666,0.6058794220229198
98580,53053073005,ROY,WA,0.18342391304347827,0.02197802197802198,0.2619047619047619,0.1815313070918452
98580,53053073006,ROY,WA,0.21467391304347827,0.04395604395604396,0.07142857142857142,0.2110945025743232
98580,53053072909,ROY,WA,0.0015285326086956522,0.0,0.0,0.0014947683109118087
98581,53015002001,RYDERWOOD,WA,1.0,1.0,1.0,1.0
98582,53041971800,SALKUM,WA,0.24468085106382978,0.0,0.8461538461538461,0.34051724137931033
98582,53041971200,SALKUM,WA,0.7553191489361702,1.0,0.15384615384615385,0.6594827586206896
98583,53027000501,SATSOP,WA,0.0,0.0,1.0,1.0
98584,53045960900,SHELTON,WA,0.09095597543250973,0.04219409282700422,0.11219512195121951,0.08833815465653469
98584,53045960700,SHELTON,WA,0.03455389375966993,0.11954992967651196,0.12682926829268293,0.04140581149345883
98584,53045960500,SHELTON,WA,0.0639036054198509,0.006329113924050633,0.0024390243902439024,0.059280687362376405
98584,53045960800,SHELTON,WA,0.17792676637441981,0.5520393811533052,0.45121951219512196,0.20573377660722766
98584,53045960201,SHELTON,WA,0.0036101083032490976,0.002109704641350211,0.0,0.0034540822935106427
98584,53045961300,SHELTON,WA,0.07585915889164986,0.06047819971870605,0.05365853658536585,0.07452182548249212
98584,53045940000,SHELTON,WA,0.016175160579492708,0.011954992967651195,0.014634146341463415,0.015888778550148957
98584,53045961101,SHELTON,WA,0.10052041820994889,0.014064697609001406,0.02926829268292683,0.09395103838348949
98584,53045960100,SHELTON,WA,0.004547798771625486,0.0007032348804500703,0.0,0.0042312508095505375
98584,53045960600,SHELTON,WA,0.07989122790566834,0.11673699015471167,0.09024390243902439,0.08233668667155995
98584,53045961200,SHELTON,WA,0.03778892587556847,0.006329113924050633,0.0,0.03518846336513967
98584,53045960202,SHELTON,WA,0.06066857330395237,0.017580872011251757,0.03902439024390244,0.057639998272958855
98584,53045961102,SHELTON,WA,0.13132355009611327,0.023206751054852322,0.014634146341463415,0.12261992141962783
98584,53045961000,SHELTON,WA,0.12227483707628112,0.026722925457102673,0.06585365853658537,0.11540952463192436
98585,53041971800,SILVER CREEK,WA,0.4486486486486487,0.8333333333333334,0.42857142857142855,0.4534005037783375
98585,53041971700,SILVER CREEK,WA,0.4783783783783784,0.0,0.5714285714285714,0.4760705289672544
98585,53041971200,SILVER CREEK,WA,0.07297297297297298,0.16666666666666666,0.0,0.07052896725440806
98586,53049950400,SOUTH BEND,WA,0.24,0.3333333333333333,0.0,0.17866666666666667
98586,53049950301,SOUTH BEND,WA,0.7054545454545454,0.6666666666666666,0.3402061855670103,0.6106666666666667
98586,53049950302,SOUTH BEND,WA,0.05454545454545454,0.0,0.6597938144329897,0.21066666666666667
98587,53027940000,TAHOLAH,WA,1.0,1.0,1.0,1.0
98588,53045960302,TAHUYA,WA,0.2212142358688067,0.42857142857142855,0.2,0.2231404958677686
98588,53045960301,TAHUYA,WA,0.7787857641311933,0.5714285714285714,0.8,0.7768595041322314
98589,53067012530,TENINO,WA,0.032320441988950274,0.014925373134328358,0.0,0.0316608532331634
98589,53067012620,TENINO,WA,0.475414364640884,0.7910447761194029,0.85,0.4851086664877918
98589,53067012710,TENINO,WA,0.004143646408839779,0.0,0.0,0.004024684733029246
98589,53067012531,TENINO,WA,0.0030386740331491712,0.0,0.0,0.0029514354708881137
98589,53067012610,TENINO,WA,0.4850828729281768,0.19402985074626866,0.15,0.47625436007512745
98590,53049950301,TOKELAND,WA,1.0,1.0,1.0,1.0
98591,53041971700,TOLEDO,WA,0.47310584152689417,0.375,0.1956521739130435,0.46352166758091057
98591,53041971200,TOLEDO,WA,0.22267206477732793,0.0625,0.15217391304347827,0.21667580910586945
98591,53041971600,TOLEDO,WA,0.242914979757085,0.4791666666666667,0.6086956521739131,0.25836533187054306
98591,53041971300,TOLEDO,WA,0.061307113938692884,0.08333333333333333,0.043478260869565216,0.061437191442676904
98592,53045960500,UNION,WA,1.0,1.0,1.0,1.0
98593,53041971600,VADER,WA,1.0,1.0,1.0,1.0
98595,53027001602,WESTPORT,WA,0.04032258064516129,0.0,0.029850746268656716,0.037178265014299335
98595,53027001601,WESTPORT,WA,0.9596774193548387,1.0,0.9701492537313433,0.9628217349857007
98596,53041971300,WINLOCK,WA,0.2690958164642375,0.21518987341772153,0.17105263157894737,0.26606217616580313
98596,53041971600,WINLOCK,WA,0.1862348178137652,0.0379746835443038,0.14473684210526316,0.18238341968911917
98596,53041971501,WINLOCK,WA,0.4224021592442645,0.6708860759493671,0.5526315789473685,0.43005181347150256
98596,53041971502,WINLOCK,WA,0.12118758434547908,0.0759493670886076,0.13157894736842105,0.12046632124352331
98596,53041971200,WINLOCK,WA,0.0010796221322537112,0.0,0.0,0.0010362694300518134
98597,53067012420,YELM,WA,0.00213280250248827,0.008379888268156424,0.020942408376963352,0.0026714753222467106
98597,53067012510,YELM,WA,0.11645101663585952,0.006983240223463687,0.03664921465968586,0.11019835704267682
98597,53067012530,YELM,WA,0.007109341674960899,0.006983240223463687,0.02617801047120419,0.007346557136178455
98597,53067012421,YELM,WA,0.0981089151144604,0.061452513966480445,0.17277486910994763,0.09730848861283643
98597,53067012320,YELM,WA,0.0007109341674960899,0.0,0.0,0.0006678688305616777
98597,53067012422,YELM,WA,0.19337409355893645,0.11312849162011174,0.21465968586387435,0.1898083216456288
98597,53067012531,YELM,WA,0.09405659035973268,0.009776536312849162,0.020942408376963352,0.0890937019969278
98597,53067012532,YELM,WA,0.12092990189108488,0.029329608938547486,0.11518324607329843,0.11647632404995659
98597,53067012412,YELM,WA,0.3671264040949808,0.7639664804469274,0.39267015706806285,0.3864289053629867
98601,53015001501,AMBOY,WA,0.06328545780969479,0.029411764705882353,0.0,0.06187797490263955
98601,53011040101,AMBOY,WA,0.8532315978456014,0.9705882352941176,1.0,0.8576373864128083
98601,53011040202,AMBOY,WA,0.08303411131059246,0.0,0.0,0.08005192557334487
98601,53011040102,AMBOY,WA,0.0004488330341113106,0.0,0.0,0.00043271311120726956
98602,53039950302,APPLETON,WA,0.08108108108108109,0.0,0.0,0.08064516129032258
98602,53039950200,APPLETON,WA,0.918918918918919,0.0,1.0,0.9193548387096774
98603,53015001501,ARIEL,WA,1.0,1.0,1.0,1.0
98604,53011040102,BATTLE GROUND,WA,0.005776602062300924,0.0007993605115907274,0.0,0.005386802334281011
98604,53011040203,BATTLE GROUND,WA,0.0721805323111807,0.007993605115907274,0.014545454545454545,0.06738490697790414
98604,53011040504,BATTLE GROUND,WA,0.07293634940344437,0.002398081534772182,0.007272727272727273,0.06763429597486159
98604,53011040413,BATTLE GROUND,WA,0.0774712519570264,0.07194244604316546,0.10181818181818182,0.07746022245498528
98604,53011040202,BATTLE GROUND,WA,0.00010797387032338174,0.0,0.0,9.975559878298169e-05
98604,53011040403,BATTLE GROUND,WA,0.019975166009825622,0.023980815347721823,0.007272727272727273,0.02005087535537932
98604,53011040408,BATTLE GROUND,WA,0.10360092857528479,0.05995203836930456,0.04727272727272727,0.10010474337872213
98604,53011040415,BATTLE GROUND,WA,0.21022512551962425,0.4324540367705835,0.19636363636363635,0.2239014414684024
98604,53011040715,BATTLE GROUND,WA,0.00010797387032338174,0.0,0.0,9.975559878298169e-05
98604,53011040505,BATTLE GROUND,WA,0.047400529071964584,0.0,0.007272727272727273,0.04389246346451194
98604,53011040416,BATTLE GROUND,WA,0.08859256060033471,0.003996802557953637,0.014545454545454545,0.0822983689959599
98604,53011040407,BATTLE GROUND,WA,0.15866760244020947,0.28457234212629895,0.46545454545454545,0.17073170731707318
98604,53011040414,BATTLE GROUND,WA,0.14295740430815743,0.11191047162270183,0.13818181818181818,0.14095466108035312
98605,53059950400,BINGEN,WA,0.1625194401244168,0.11458333333333333,0.0,0.1585014409221902
98605,53039950302,BINGEN,WA,0.812597200622084,0.8854166666666666,1.0,0.8184438040345822
98605,53039950301,BINGEN,WA,0.02410575427682737,0.0,0.0,0.0223342939481268
98605,53059950100,BINGEN,WA,0.0007776049766718507,0.0,0.0,0.0007204610951008645
98606,53011040715,BRUSH PRAIRIE,WA,0.4620368495646892,0.9052924791086351,0.6842105263157895,0.49275907466616514
98606,53011040713,BRUSH PRAIRIE,WA,0.04029155699534319,0.002785515320334262,0.0,0.037615196539401916
98606,53011040709,BRUSH PRAIRIE,WA,0.017209961530674226,0.022284122562674095,0.10526315789473684,0.01786721835621591
98606,53011040603,BRUSH PRAIRIE,WA,0.11520550718768982,0.005571030640668524,0.10526315789473684,0.1077675380853865
98606,53011040504,BRUSH PRAIRIE,WA,0.06620773435918202,0.011142061281337047,0.10526315789473684,0.0626293022381042
98606,53011040511,BRUSH PRAIRIE,WA,0.02490382668556388,0.0,0.0,0.02313334587173218
98606,53011040408,BRUSH PRAIRIE,WA,0.0038469325774448267,0.0,0.0,0.003573443671243182
98606,53011040505,BRUSH PRAIRIE,WA,0.27029763109941285,0.052924791086350974,0.0,0.254654880571751
98607,53011041500,CAMAS,WA,0.09463907829767224,0.5978682170542635,0.36186770428015563,0.12676902901480794
98607,53011041321,CAMAS,WA,0.0036444862450035267,0.0,0.0,0.0033877930167750397
98607,53011040610,CAMAS,WA,0.1005760639548554,0.0048449612403100775,0.01556420233463035,0.09398393530408175
98607,53011040604,CAMAS,WA,0.05149306371972725,0.0029069767441860465,0.0,0.048030162286213866
98607,53011041325,CAMAS,WA,0.0567246649423936,0.0436046511627907,0.06614785992217899,0.056117152068192996
98607,53011040511,CAMAS,WA,0.031213261227368914,0.0,0.0038910505836575876,0.029069449756843887
98607,53011040608,CAMAS,WA,0.15877027980249236,0.16763565891472867,0.14785992217898833,0.15911698814272443
98607,53011040510,CAMAS,WA,5.878203620973431e-05,0.0009689922480620155,0.007782101167315175,0.00021856729140484125
98607,53011041400,CAMAS,WA,0.15342111450740653,0.05426356589147287,0.12840466926070038,0.14747827987541665
98607,53011040609,CAMAS,WA,0.10398542205501998,0.0029069767441860465,0.0038910505836575876,0.0968799519151959
98607,53011040605,CAMAS,WA,0.13214201739948273,0.02422480620155039,0.05058365758754864,0.12491120703786679
98607,53011041328,CAMAS,WA,0.07606395485539619,0.08817829457364341,0.2140077821011673,0.07868422490574285
98607,53011040603,CAMAS,WA,0.03726781095697155,0.012596899224806201,0.0,0.03535325938473308
98609,53015001700,CARROLLS,WA,1.0,0.0,1.0,1.0
98610,53059950100,CARSON,WA,0.03132161955691368,0.0,0.0,0.030280649926144758
98610,53059950400,CARSON,WA,0.12452253628724216,0.0,0.10526315789473684,0.12186115214180207
98610,53059950500,CARSON,WA,0.8441558441558441,1.0,0.8947368421052632,0.8478581979320532
98611,53015002001,CASTLE ROCK,WA,0.32634439914579694,0.09210526315789473,0.09859154929577464,0.3199320498301246
98611,53015001900,CASTLE ROCK,WA,0.041351193942923706,0.0,0.014084507042253521,0.040392600981502456
98611,53015002003,CASTLE ROCK,WA,0.4317608231411376,0.7894736842105263,0.8591549295774648,0.44261985654964137
98611,53015001700,CASTLE ROCK,WA,0.0219374878664337,0.0,0.0,0.021328803322008306
98611,53015002004,CASTLE ROCK,WA,0.168899242865463,0.11842105263157894,0.028169014084507043,0.1662891657229143
98611,53015001800,CASTLE ROCK,WA,0.009706853038245,0.0,0.0,0.009437523593808984
98612,53069950100,CATHLAMET,WA,1.0,1.0,1.0,1.0
98613,53039950200,CENTERVILLE,WA,0.7474048442906575,0.8333333333333334,1.0,0.75
98613,53039950102,CENTERVILLE,WA,0.25259515570934254,0.16666666666666666,0.0,0.25
98614,53049950400,CHINOOK,WA,1.0,0.0,1.0,1.0
98616,53015001501,COUGAR,WA,0.930635838150289,1.0,1.0,0.9329608938547486
98616,53059950100,COUGAR,WA,0.06936416184971098,0.0,0.0,0.0670391061452514
98617,53039950200,DALLESPORT,WA,1.0,1.0,1.0,1.0
98619,53039950200,GLENWOOD,WA,0.003205128205128205,0.0,0.0,0.003125
98619,53039950101,GLENWOOD,WA,0.9967948717948718,1.0,1.0,0.996875
98620,53039950200,GOLDENDALE,WA,0.0016579819990525818,0.015503875968992248,0.0,0.0024064756070881644
98620,53039950102,GOLDENDALE,WA,0.3860729512079583,0.12015503875968993,0.21978021978021978,0.3677532268650186
98620,53039950103,GOLDENDALE,WA,0.5627664613927049,0.8527131782945736,0.7802197802197802,0.5834609494640123
98620,53039950101,GOLDENDALE,WA,0.04950260540028423,0.011627906976744186,0.0,0.04637934806388099
98621,53069950100,GRAYS RIVER,WA,1.0,1.0,1.0,1.0
98622,53011040415,HEISSON,WA,1.0,1.0,1.0,1.0
98623,53039950302,HUSUM,WA,0.0,1.0,0.0,1.0
98624,53049950502,ILWACO,WA,0.39473684210526316,0.3333333333333333,0.0,0.3912448700410397
98624,53049950400,ILWACO,WA,0.25069252077562326,0.3333333333333333,0.0,0.24897400820793433
98624,53049950501,ILWACO,WA,0.3545706371191136,0.3333333333333333,1.0,0.359781121751026
98625,53015001700,KALAMA,WA,0.012048192771084338,0.0,0.0,0.011630847029077117
98625,53015001503,KALAMA,WA,0.08800419067574647,0.047619047619047616,0.0,0.08571428571428572
98625,53015001501,KALAMA,WA,0.003143006809848088,0.0,0.013513513513513514,0.0032869785082174463
98625,53015001601,KALAMA,WA,0.5335254059717129,0.9206349206349206,0.9594594594594594,0.547661188369153
98625,53015001602,KALAMA,WA,0.36327920377160816,0.031746031746031744,0.02702702702702703,0.35170670037926677
98626,53015001000,KELSO,WA,0.12200137080191913,0.4786729857819905,0.23684210526315788,0.14696353484524713
98626,53015980000,KELSO,WA,0.0,0.001184834123222749,0.0,6.893223960846487e-05
98626,53015002003,KELSO,WA,0.00205620287868403,0.0,0.0,0.0018611704694285517
98626,53015001200,KELSO,WA,0.16525778691645723,0.06398104265402843,0.06578947368421052,0.15571792927552217
98626,53015000901,KELSO,WA,0.11324346965196862,0.026066350710900472,0.10526315789473684,0.10787895498724753
98626,53015001601,KELSO,WA,0.013098773893839007,0.0,0.0,0.01185634521265596
98626,53015001700,KELSO,WA,0.2043256416114538,0.022511848341232227,0.03007518796992481,0.18735782725580755
98626,53015002001,KELSO,WA,0.0001523113243469652,0.0,0.0,0.00013786447921692975
98626,53015000902,KELSO,WA,0.028025283679841598,0.013033175355450236,0.007518796992481203,0.026401047770042048
98626,53015001100,KELSO,WA,0.21072271723402636,0.33767772511848343,0.3007518796992481,0.2214103536223892
98626,53015001900,KELSO,WA,0.0003046226486939304,0.0,0.0,0.0002757289584338595
98626,53015002100,KELSO,WA,0.0017515802299900999,0.031990521327014215,0.016917293233082706,0.004067002136899428
98626,53015001300,KELSO,WA,0.13312009747924758,0.024881516587677725,0.2349624060150376,0.13055766181843248
98626,53015001602,KELSO,WA,0.005330896352143782,0.0,0.0018796992481203006,0.004894189012201006
98626,53015000801,KELSO,WA,0.0006092452973878608,0.0,0.0,0.000551457916867719
98628,53039950200,KLICKITAT,WA,0.7096774193548387,1.0,1.0,0.7428571428571429
98628,53039950102,KLICKITAT,WA,0.2903225806451613,0.0,0.0,0.2571428571428571
98629,53011040203,LA CENTER,WA,0.35356574057688905,0.7727272727272727,0.14814814814814814,0.3621342512908778
98629,53011040202,LA CENTER,WA,0.21872235002654397,0.007575757575757576,0.037037037037037035,0.21308089500860586
98629,53011040201,LA CENTER,WA,0.427711909396567,0.2196969696969697,0.8148148148148148,0.42478485370051633
98631,53049950702,LONG BEACH,WA,0.2742955721679126,0.05511811023622047,0.08403361344537816,0.2607411385606874
98631,53049950501,LONG BEACH,WA,0.2487061529614721,0.25984251968503935,0.2605042016806723,0.24946294307196562
98631,53049950400,LONG BEACH,WA,0.0060379528464634845,0.0,0.0,0.005639097744360902
98631,53049950701,LONG BEACH,WA,0.0011500862564692352,0.0,0.0,0.0010741138560687433
98631,53049950600,LONG BEACH,WA,0.4629097182288672,0.6850393700787402,0.6554621848739496,0.47663802363050484
98631,53049950502,LONG BEACH,WA,0.006900517538815411,0.0,0.0,0.00644468313641246
98632,53069950100,LONGVIEW,WA,0.0006327111673521037,0.0,0.0,0.0005588153115395362
98632,53015000601,LONGVIEW,WA,0.07201043973426131,0.011390602752728999,0.12126111560226355,0.06967728415758592
98632,53015000705,LONGVIEW,WA,0.07564852894653591,0.026578073089700997,0.0856911883589329,0.0724713607152836
98632,53015000502,LONGVIEW,WA,0.07295950648528947,0.005220692928334125,0.10751818916734034,0.06946772841575859
98632,53015000501,LONGVIEW,WA,0.049430559949383106,0.011390602752728999,0.0032336297493936943,0.04463537300922045
98632,53015000706,LONGVIEW,WA,0.05627174944637773,0.005695301376364499,0.01778496362166532,0.05088711930706901
98632,53015000902,LONGVIEW,WA,0.05595539386270168,0.0018984337921214998,0.0444624090541633,0.05148086057557977
98632,53015001900,LONGVIEW,WA,0.0987820310028472,0.006644518272425249,0.021018593371059015,0.08864207879295893
98632,53015002100,LONGVIEW,WA,0.08767004112622588,0.4679639297579497,0.3322554567502021,0.12622240849399274
98632,53015000400,LONGVIEW,WA,0.15347200253084467,0.25011865211200757,0.1746160064672595,0.16149762503492596
98632,53015000602,LONGVIEW,WA,0.05271274913002214,0.009017560512577124,0.0,0.04721989382509081
98632,53015000703,LONGVIEW,WA,0.03725086997785511,0.005695301376364499,0.016168148746968473,0.03401788208996927
98632,53015000801,LONGVIEW,WA,0.05840714963619108,0.030374940673943997,0.012934518997574777,0.054379715004191115
98632,53015000702,LONGVIEW,WA,0.049351471053464095,0.015187470336971999,0.002425222312045271,0.044810002794076556
98632,53015001300,LONGVIEW,WA,0.0015817779183802593,0.0009492168960607499,0.0016168148746968471,0.0015367421067337245
98632,53015000802,LONGVIEW,WA,0.06093799430559949,0.0023730422401518746,0.012126111560226353,0.054519418832076
98632,53015980000,LONGVIEW,WA,0.016925023726668775,0.14950166112956811,0.04688763136620857,0.02797569153394803
98635,53039950200,LYLE,WA,0.9955015744489428,1.0,1.0,0.995640802092415
98635,53039950302,LYLE,WA,0.00449842555105713,0.0,0.0,0.004359197907585004
98637,53049950802,NAHCOTTA,WA,0.0,1.0,0.0,1.0
98638,53049950400,NASELLE,WA,0.8092566619915849,1.0,1.0,0.8186666666666667
98638,53069950100,NASELLE,WA,0.19074333800841514,0.0,0.0,0.18133333333333335
98639,53059950200,NORTH BONNEVILLE,WA,1.0,1.0,1.0,1.0
98640,53049950802,OCEAN PARK,WA,0.2411878319652342,0.25925925925925924,0.16,0.24093816631130063
98640,53049950701,OCEAN PARK,WA,0.19193626267503622,0.37037037037037035,0.32,0.19497749348495616
98640,53049950702,OCEAN PARK,WA,0.18783196523418638,0.18518518518518517,0.44,0.18929163705283109
98640,53049950801,OCEAN PARK,WA,0.3790439401255432,0.18518518518518517,0.08,0.3747927031509121
98641,53049950801,OYSTERVILLE,WA,1.0,0.0,1.0,1.0
98642,53011040304,RIDGEFIELD,WA,0.10776660492193701,0.007168458781362007,0.014492753623188406,0.10340247912977485
98642,53011040910,RIDGEFIELD,WA,0.03135750198465202,0.03763440860215054,0.028985507246376812,0.03155831014419428
98642,53011040403,RIDGEFIELD,WA,0.13442709711563905,0.06272401433691756,0.13043478260869565,0.13186187705540095
98642,53011040409,RIDGEFIELD,WA,0.03433448002116962,0.0,0.014492753623188406,0.03294965848722489
98642,53011040905,RIDGEFIELD,WA,0.08024609685101879,0.06093189964157706,0.036231884057971016,0.07918036933974197
98642,53011040412,RIDGEFIELD,WA,0.10075416776925113,0.010752688172043012,0.036231884057971016,0.09701492537313433
98642,53011040305,RIDGEFIELD,WA,0.18179412543000795,0.3996415770609319,0.16666666666666666,0.1893498608651657
98642,53011040303,RIDGEFIELD,WA,0.24186292670018522,0.3118279569892473,0.47101449275362317,0.2463318998229193
98642,53011040301,RIDGEFIELD,WA,0.0874569992061392,0.10931899641577061,0.10144927536231885,0.08835061978244371
98643,53069950100,ROSBURG,WA,1.0,1.0,1.0,1.0
98644,53049950600,SEAVIEW,WA,0.01507537688442211,0.0,0.0,0.015050167224080268
98644,53049950501,SEAVIEW,WA,0.5661641541038526,1.0,0.0,0.5668896321070234
98644,53049950502,SEAVIEW,WA,0.4187604690117253,0.0,0.0,0.4180602006688963
98645,53015001800,SILVERLAKE,WA,0.5448504983388704,0.7142857142857143,0.75,0.5470459518599562
98645,53015002003,SILVERLAKE,WA,0.26688815060908083,0.2857142857142857,0.25,0.26695842450765866
98645,53015002004,SILVERLAKE,WA,0.18826135105204872,0.0,0.0,0.18599562363238512
98647,53069950100,SKAMOKAWA,WA,1.0,1.0,1.0,1.0
98648,53059950300,STEVENSON,WA,0.6631578947368421,0.7037037037037037,0.7878787878787878,0.6666666666666666
98648,53059950500,STEVENSON,WA,0.0152046783625731,0.0,0.06060606060606061,0.015581524763494713
98648,53059950200,STEVENSON,WA,0.20292397660818715,0.16666666666666666,0.12121212121212122,0.2003338898163606
98648,53059950400,STEVENSON,WA,0.11871345029239766,0.12962962962962962,0.030303030303030304,0.11741791875347801
98649,53015001800,TOUTLE,WA,1.0,1.0,1.0,1.0
98650,53039950302,TROUT LAKE,WA,1.0,1.0,1.0,1.0
98651,53059950400,UNDERWOOD,WA,0.9928057553956835,1.0,1.0,0.9929742388758782
98651,53039950302,UNDERWOOD,WA,0.007194244604316547,0.0,0.0,0.00702576112412178
98660,53011042000,VANCOUVER,WA,0.059007780135394566,0.003981797497155859,0.006896551724137931,0.04863097670617082
98660,53011042500,VANCOUVER,WA,0.07840759826209963,0.338452787258248,0.16551724137931034,0.11990192071924806
98660,53011042300,VANCOUVER,WA,0.22572496716176618,0.13139931740614336,0.2517241379310345,0.21340416836943196
98660,53011042602,VANCOUVER,WA,0.0,0.0,0.0017241379310344827,8.173273395995096e-05
98660,53011041900,VANCOUVER,WA,0.012731130645650197,0.009101251422070534,0.01206896551724138,0.012178177360032693
98660,53011042100,VANCOUVER,WA,0.14711528746084673,0.015927189988623434,0.15,0.12840212505108295
98660,53011042400,VANCOUVER,WA,0.35485500656764674,0.3833902161547213,0.2413793103448276,0.3535758071107479
98660,53011041003,VANCOUVER,WA,0.005860361725775487,0.0,0.0,0.004740498569677155
98660,53011041005,VANCOUVER,WA,0.11629786804082046,0.11774744027303755,0.1706896551724138,0.11908459337964855
98661,53011041800,VANCOUVER,WA,0.0013442985924402974,0.005569620253164557,0.0035650623885918,0.001761658031088083
98661,53011040808,VANCOUVER,WA,0.00011861458168590859,0.0,0.0,0.00010362694300518135
98661,53011041105,VANCOUVER,WA,0.11533291159259845,0.1220253164556962,0.0629827688651218,0.11274611398963731
98661,53011042602,VANCOUVER,WA,0.07709947809584058,0.13873417721518988,0.14557338086749852,0.08528497409326424
98661,53011041600,VANCOUVER,WA,0.09038431124466234,0.14734177215189873,0.10398098633392751,0.09506044905008636
98661,53011041203,VANCOUVER,WA,0.0024513680215087776,0.08607594936708861,0.015448603683897801,0.008911917098445596
98661,53011041111,VANCOUVER,WA,0.07686224893246876,0.04607594936708861,0.12774806892453952,0.07772020725388601
98661,53011041011,VANCOUVER,WA,0.003163055511624229,0.017721518987341773,0.008318478906714201,0.004455958549222798
98661,53011041700,VANCOUVER,WA,0.07014075597026728,0.03949367088607595,0.06535947712418301,0.0677720207253886
98661,53011042800,VANCOUVER,WA,0.05839791238336233,0.04556962025316456,0.030897207367795602,0.055924006908462866
98661,53011041112,VANCOUVER,WA,0.15906215404080343,0.02430379746835443,0.07724301841948901,0.14511226252158896
98661,53011041205,VANCOUVER,WA,0.013601138699984184,0.007088607594936709,0.0035650623885918,0.012573402417962003
98661,53011042601,VANCOUVER,WA,0.06274711371184565,0.22683544303797468,0.09566250742721331,0.07585492227979275
98661,53011042700,VANCOUVER,WA,0.09153091886762613,0.02531645569620253,0.1657754010695187,0.09132987910189982
98661,53011041113,VANCOUVER,WA,0.03147240234066108,0.0060759493670886075,0.0023767082590612004,0.028048359240069085
98661,53011041114,VANCOUVER,WA,0.006800569349992092,0.0,0.0011883541295306002,0.006010362694300518
98661,53011041110,VANCOUVER,WA,0.11110232484580104,0.028354430379746835,0.0843731431966726,0.10390328151986183
98661,53011041107,VANCOUVER,WA,0.0008303020718013601,0.0010126582278481013,0.0,0.0007944732297063904
98661,53011043100,VANCOUVER,WA,0.0009884548473825716,0.0,0.0,0.0008635578583765112
98661,53011042900,VANCOUVER,WA,0.026569666297643523,0.03240506329113924,0.0059417706476530005,0.025768566493955095
98662,53011040714,VANCOUVER,WA,0.017956764295676428,0.02236198462613557,0.011577424023154847,0.018054837040869114
98662,53011041105,VANCOUVER,WA,0.0003486750348675035,0.0,0.0,0.00031039834454216247
98662,53011040707,VANCOUVER,WA,0.0005811250581125058,0.001397624039133473,0.011577424023154847,0.0010346611484738748
98662,53011040711,VANCOUVER,WA,0.0002905625290562529,0.027952480782669462,0.017366136034732273,0.0029487842731505433
98662,53011041205,VANCOUVER,WA,0.013249651324965132,0.001397624039133473,0.002894356005788712,0.012002069322296948
98662,53011040806,VANCOUVER,WA,0.10989074848907485,0.02445842068483578,0.013024602026049204,0.10010346611484738
98662,53011040703,VANCOUVER,WA,0.15887959088795908,0.12508735150244585,0.07670043415340087,0.15344024831867564
98662,53011040706,VANCOUVER,WA,0.00017433751743375174,0.033542976939203356,0.024602026049204053,0.0035178479048111745
98662,53011041114,VANCOUVER,WA,0.16225011622501162,0.2375960866526904,0.191027496382055,0.16885669943093637
98662,53011041206,VANCOUVER,WA,0.001510925151092515,0.0,0.0,0.0013450594930160373
98662,53011041313,VANCOUVER,WA,0.0005811250581125058,0.13626834381551362,0.04775687409551375,0.01231246766683911
98662,53011041104,VANCOUVER,WA,0.08664574616457461,0.030747728860936407,0.09261939218523878,0.08272115882048629
98662,53011040709,VANCOUVER,WA,0.15917015341701535,0.04891684136967156,0.03183791606367583,0.14645628556647697
98662,53011041203,VANCOUVER,WA,0.1299395629939563,0.04122990915443746,0.23444283646888567,0.1271081220900155
98662,53011040715,VANCOUVER,WA,0.0008135750813575082,0.005590496156533892,0.005788712011577424,0.0013450594930160373
98662,53011040808,VANCOUVER,WA,5.811250581125058e-05,0.0020964360587002098,0.001447178002894356,0.0002586652871184687
98662,53011040408,VANCOUVER,WA,0.00598558809855881,0.0,0.0,0.005328504914640455
98662,53011041312,VANCOUVER,WA,0.0,0.03284416491963662,0.011577424023154847,0.0028453181583031556
98662,53011041113,VANCOUVER,WA,0.06520223152022316,0.2103424178895877,0.1476121562952243,0.07889291257113296
98662,53011041107,VANCOUVER,WA,0.07543003254300325,0.0006988120195667365,0.06801736613603473,0.06963269529229177
98662,53011040812,VANCOUVER,WA,0.01104137610413761,0.017470300489168415,0.010130246020260492,0.011484738748060011
98663,53011041003,VANCOUVER,WA,0.26537433155080214,0.024734982332155476,0.10294117647058823,0.24031917390283972
98663,53011042000,VANCOUVER,WA,0.008288770053475936,0.00530035335689046,0.008403361344537815,0.008096690917624971
98663,53011042602,VANCOUVER,WA,0.01697860962566845,0.028268551236749116,0.01050420168067227,0.0173668153015724
98663,53011041900,VANCOUVER,WA,0.14077540106951872,0.3250883392226148,0.22478991596638656,0.15770945787373855
98663,53011041011,VANCOUVER,WA,0.20989304812834225,0.2314487632508834,0.16806722689075632,0.20898850035203004
98663,53011041105,VANCOUVER,WA,0.0,0.0017667844522968198,0.0,0.00011734334663224596
98663,53011042500,VANCOUVER,WA,0.11858288770053475,0.36042402826855124,0.226890756302521,0.1406946726120629
98663,53011041007,VANCOUVER,WA,0.00040106951871657755,0.0,0.0,0.00035203003989673785
98663,53011041800,VANCOUVER,WA,0.23970588235294119,0.022968197879858657,0.25840336134453784,0.22635531565360245
98664,53011042800,VANCOUVER,WA,0.00017130620985010707,0.0,0.0,0.00016331863465621427
98664,53011041205,VANCOUVER,WA,0.18595289079229121,0.5114754098360655,0.46616541353383456,0.20014698677119058
98664,53011041208,VANCOUVER,WA,0.28248394004282656,0.029508196721311476,0.14285714285714285,0.27315041646251836
98664,53011043100,VANCOUVER,WA,0.16274089935760172,0.08196721311475409,0.09398496240601503,0.1592356687898089
98664,53011043000,VANCOUVER,WA,0.06364025695931477,0.08524590163934426,0.007518796992481203,0.0629593336599706
98664,53011041207,VANCOUVER,WA,0.09516059957173448,0.10491803278688525,0.05639097744360902,0.09456148946594807
98664,53011041322,VANCOUVER,WA,0.0,0.003278688524590164,0.0,8.165931732810714e-05
98664,53011041206,VANCOUVER,WA,0.20985010706638116,0.18360655737704917,0.23308270676691728,0.20970112689857912
98665,53011041105,VANCOUVER,WA,0.0011560693641618498,0.028346456692913385,0.00644122383252818,0.003559849977750938
98665,53011040806,VANCOUVER,WA,0.00028901734104046245,0.011023622047244094,0.00322061191626409,0.0012713749920539063
98665,53011041009,VANCOUVER,WA,0.14645953757225433,0.22677165354330708,0.2608695652173913,0.1574597927658763
98665,53011041010,VANCOUVER,WA,0.19017341040462427,0.262992125984252,0.33172302737520126,0.20164007373974954
98665,53011040908,VANCOUVER,WA,0.0017341040462427746,0.002362204724409449,0.0,0.0017163562392727735
98665,53011040904,VANCOUVER,WA,0.0008670520231213873,0.010236220472440945,0.004830917874396135,0.001779924988875469
98665,53011041003,VANCOUVER,WA,0.0019508670520231213,0.0,0.00322061191626409,0.0018434937384781641
98665,53011040812,VANCOUVER,WA,0.000361271676300578,0.003937007874015748,0.0,0.0006356874960269531
98665,53011041005,VANCOUVER,WA,0.014523121387283237,0.008661417322834646,0.00966183574879227,0.013857987413387578
98665,53011041008,VANCOUVER,WA,0.11329479768786127,0.007086614173228346,0.01610305958132045,0.10088360561947747
98665,53011040808,VANCOUVER,WA,0.05708092485549133,0.15039370078740158,0.06924315619967794,0.06509439959316
98665,53011040810,VANCOUVER,WA,0.12463872832369942,0.0984251968503937,0.0821256038647343,0.12084419299472379
98665,53011040809,VANCOUVER,WA,0.23395953757225432,0.08425196850393701,0.12399355877616747,0.21753226114042337
98665,53011040803,VANCOUVER,WA,0.0030346820809248553,0.004724409448818898,0.00322061191626409,0.003178437480134766
98665,53011041007,VANCOUVER,WA,0.11047687861271677,0.10078740157480315,0.0853462157809984,0.10870256182060899
98666,53011042400,VANCOUVER,WA,1.0,1.0,1.0,1.0
98668,53011041600,VANCOUVER,WA,1.0,1.0,1.0,1.0
98670,53039950200,WAHKIACUS,WA,0.896551724137931,1.0,0.0,0.9021739130434783
98670,53039950102,WAHKIACUS,WA,0.10344827586206896,0.0,0.0,0.09782608695652174
98671,53011040511,WASHOUGAL,WA,0.022797237706963975,0.0014492753623188406,0.0,0.021085723048612177
98671,53059950100,WASHOUGAL,WA,0.00033280638988268576,0.0,0.0,0.00030670142616163164
98671,53011040510,WASHOUGAL,WA,0.21357850070721357,0.005797101449275362,0.018018018018018018,0.1975923938046312
98671,53011040605,WASHOUGAL,WA,0.09301938597221067,0.002898550724637681,0.12612612612612611,0.089096764299954
98671,53059950200,WASHOUGAL,WA,0.11806306681088277,0.020289855072463767,0.021021021021021023,0.11041251341818739
98671,53011041500,WASHOUGAL,WA,0.019801980198019802,0.0782608695652174,0.036036036036036036,0.023309308388284006
98671,53011040509,WASHOUGAL,WA,0.21124885597803478,0.5956521739130435,0.36936936936936937,0.23562337064867353
98671,53011040507,WASHOUGAL,WA,0.08927531408603046,0.18840579710144928,0.16516516516516516,0.09645759852783316
98671,53011040512,WASHOUGAL,WA,0.07612946168566437,0.03768115942028986,0.08108108108108109,0.07422174513111486
98671,53011040513,WASHOUGAL,WA,0.15575339046509692,0.06956521739130435,0.1831831831831832,0.15189388130654807
98672,53039950101,WHITE SALMON,WA,0.0004109307581672488,0.0,0.0,0.0003606202668589975
98672,53039950200,WHITE SALMON,WA,0.0004109307581672488,0.0,0.0,0.0003606202668589975
98672,53039950301,WHITE SALMON,WA,0.6566673515512637,0.9118773946360154,0.84688995215311,0.6830147854309412
98672,53039950302,WHITE SALMON,WA,0.3260735566057119,0.08812260536398467,0.15311004784688995,0.3018391633609809
98672,53059950400,WHITE SALMON,WA,0.016437230326689953,0.0,0.0,0.0144248106743599
98673,53039950200,WISHRAM,WA,1.0,1.0,1.0,1.0
98674,53011040101,WOODLAND,WA,0.0059417706476530005,0.001610305958132045,0.0,0.0055075593952483804
98674,53015001503,WOODLAND,WA,0.2980392156862745,0.2528180354267311,0.35267857142857145,0.2963282937365011
98674,53011040202,WOODLAND,WA,0.037076648841354726,0.001610305958132045,0.013392857142857142,0.03412526997840173
98674,53015001501,WOODLAND,WA,0.1304812834224599,0.014492753623188406,0.03125,0.1203023758099352
98674,53015001504,WOODLAND,WA,0.4017825311942959,0.7214170692431562,0.5535714285714286,0.426889848812095
98674,53011040201,WOODLAND,WA,0.12667855020796198,0.008051529790660225,0.049107142857142856,0.11684665226781857
98675,53011040101,YACOLT,WA,0.513117754728493,0.8282828282828283,0.2727272727272727,0.5207413945278023
98675,53011040102,YACOLT,WA,0.412751677852349,0.12121212121212122,0.6363636363636364,0.4057075610473669
98675,53011040504,YACOLT,WA,0.05552165954850519,0.010101010101010102,0.0,0.05383936451897617
98675,53011040203,YACOLT,WA,0.01647345942647956,0.0,0.09090909090909091,0.016475433951162105
98675,53011040202,YACOLT,WA,0.0021354484441732766,0.04040404040404041,0.0,0.003236245954692557
98682,53011040707,VANCOUVER,WA,0.03993090160122251,0.007621121393576484,0.028846153846153848,0.03795394838510276
98682,53011040703,VANCOUVER,WA,0.0,0.0005443658138268917,0.0,3.090712409210323e-05
98682,53011040712,VANCOUVER,WA,0.07823400438509069,0.002177463255307567,0.0,0.07290990573327152
98682,53011041330,VANCOUVER,WA,0.06165703275529865,0.021230266739248774,0.04326923076923077,0.059125328388193475
98682,53011040714,VANCOUVER,WA,0.055311939406019535,0.003810560696788242,0.02403846153846154,0.05198578272291763
98682,53011040713,VANCOUVER,WA,0.07391535446149758,0.0005443658138268917,0.009615384615384616,0.06892288672539021
98682,53011041332,VANCOUVER,WA,0.044747857285230216,0.011976047904191617,0.02403846153846154,0.042620924123010356
98682,53011041334,VANCOUVER,WA,0.03016410869709654,0.0027218290691344584,0.01201923076923077,0.028372739916550763
98682,53011041313,VANCOUVER,WA,0.05677363630323567,0.07784431137724551,0.14423076923076922,0.059094421264101374
98682,53011041326,VANCOUVER,WA,0.03258919673111421,0.08873162765378334,0.06009615384615385,0.036130428063668674
98682,53011040603,VANCOUVER,WA,0.023985117267955616,0.0010887316276537834,0.0,0.022376757842682737
98682,53011041312,VANCOUVER,WA,0.09148893761211879,0.23081110506260208,0.18269230769230768,0.1005717817957039
98682,53011041319,VANCOUVER,WA,0.00026576307222111485,0.0010887316276537834,0.0,0.0003090712409210323
98682,53011041333,VANCOUVER,WA,0.03790445817553651,0.001633097441480675,0.009615384615384616,0.03548137845773451
98682,53011041331,VANCOUVER,WA,0.03614377782207162,0.0326619488296135,0.05048076923076923,0.036130428063668674
98682,53011041317,VANCOUVER,WA,0.006345093349279117,0.007076755579749592,0.009615384615384616,0.006428681811157471
98682,53011040706,VANCOUVER,WA,0.1251744070161451,0.3277082199237888,0.16346153846153846,0.13716581672075415
98682,53011040711,VANCOUVER,WA,0.04577768919008704,0.1622210125204137,0.19951923076923078,0.05436563127800958
98682,53011040709,VANCOUVER,WA,0.0018935618895754435,0.0,0.0,0.001761706073249884
98682,53011041336,VANCOUVER,WA,0.015912563949239254,0.001633097441480675,0.014423076923076924,0.015082676556946376
98682,53011040715,VANCOUVER,WA,0.011328150953425022,0.0005443658138268917,0.004807692307692308,0.010632050687683511
98682,53011040604,VANCOUVER,WA,0.10185369742874227,0.015242242787152967,0.019230769230769232,0.09587389893370422
98682,53011041335,VANCOUVER,WA,0.02860275064779749,0.0010887316276537834,0.0,0.026672848091485086
98683,53011040608,VANCOUVER,WA,0.00028149983110010133,0.0008936550491510277,0.0,0.0003072825975622247
98683,53011041325,VANCOUVER,WA,0.08855984686409188,0.040214477211796246,0.024806201550387597,0.08368329406944587
98683,53011041329,VANCOUVER,WA,0.1880418871748677,0.3932082216264522,0.12713178294573643,0.19778756529755198
98683,53011041322,VANCOUVER,WA,0.16625380024771985,0.1572832886505809,0.21705426356589147,0.1674178019051521
98683,53011041323,VANCOUVER,WA,0.13202342078594753,0.15102770330652368,0.16589147286821707,0.13423128136843182
98683,53011041328,VANCOUVER,WA,0.14131291521225087,0.1554959785522788,0.07286821705426356,0.13986479565707263
98683,53011041309,VANCOUVER,WA,0.12622452426528544,0.009830205540661306,0.14418604651162792,0.12014749564682987
98683,53011041320,VANCOUVER,WA,0.0,0.0035746201966041107,0.0015503875968992248,0.00025606883130185393
98683,53011041310,VANCOUVER,WA,0.15730210561873662,0.08847184986595175,0.24651162790697675,0.15630441462665165
98684,53011041322,VANCOUVER,WA,0.008712431294585429,0.09289176090468497,0.03333333333333333,0.014965626652564781
98684,53011041323,VANCOUVER,WA,0.02982107355864811,0.030694668820678513,0.02456140350877193,0.029719725013220517
98684,53011041317,VANCOUVER,WA,0.2631855923283826,0.22697899838449112,0.1649122807017544,0.25785298783712324
98684,53011041336,VANCOUVER,WA,0.058297275172494445,0.004038772213247173,0.04035087719298246,0.054204124801692226
98684,53011041332,VANCOUVER,WA,0.0003508361595135072,0.0,0.0,0.00031729243786356425
98684,53011041205,VANCOUVER,WA,0.0005847269325225119,0.0,0.0,0.0005288207297726071
98684,53011041320,VANCOUVER,WA,0.18237633025377148,0.12035541195476575,0.22982456140350876,0.17974616604970914
98684,53011041337,VANCOUVER,WA,0.1560051455970062,0.33360258481421645,0.17017543859649123,0.16805922792173453
98684,53011041329,VANCOUVER,WA,0.0,0.01615508885298869,0.0035087719298245615,0.0011634056054997356
98684,53011041335,VANCOUVER,WA,0.07238919424628698,0.02988691437802908,0.02280701754385965,0.06811210999471179
98684,53011041319,VANCOUVER,WA,0.1557712548239972,0.062197092084006464,0.08771929824561403,0.14759386567953464
98684,53011041321,VANCOUVER,WA,0.06069465559583674,0.06704361873990307,0.21929824561403508,0.06589106292966684
98684,53011041334,VANCOUVER,WA,0.011285229797684482,0.0,0.0,0.010206240084611316
98684,53011040608,VANCOUVER,WA,0.0005262542392702608,0.01615508885298869,0.0035087719298245615,0.001639344262295082
98685,53011040908,VANCOUVER,WA,0.21857154680129107,0.019230769230769232,0.01293103448275862,0.20333664957526593
98685,53011040910,VANCOUVER,WA,0.12604485640983198,0.5711538461538461,0.1724137931034483,0.14540445396801102
98685,53011040909,VANCOUVER,WA,0.20557808491268725,0.10384615384615385,0.5883620689655172,0.21512206321267316
98685,53011040904,VANCOUVER,WA,0.2011917570139866,0.23461538461538461,0.1875,0.20203566235555215
98685,53011040907,VANCOUVER,WA,0.2153438715550774,0.0673076923076923,0.03879310344827586,0.2031835922552996
98685,53011040905,VANCOUVER,WA,0.033269883307125714,0.0038461538461538464,0.0,0.030917578633198134
98686,53011040412,VANCOUVER,WA,0.09214931369266822,0.1036036036036036,0.07865168539325842,0.09226637175132317
98686,53011040409,VANCOUVER,WA,0.037914295279544694,0.05405405405405406,0.026217228464419477,0.03823366774626748
98686,53011040904,VANCOUVER,WA,0.02192835621024439,0.12387387387387387,0.1947565543071161,0.029149221897464255
98686,53011040909,VANCOUVER,WA,0.0019250083696016069,0.06981981981981981,0.0299625468164794,0.0048977012402243465
98686,53011040408,VANCOUVER,WA,0.0013391362571141614,0.0022522522522522522,0.0,0.0013429180819969982
98686,53011040811,VANCOUVER,WA,0.13918647472380316,0.01126126126126126,0.0149812734082397,0.13207994312346946
98686,53011040812,VANCOUVER,WA,0.27402075661198527,0.1036036036036036,0.11235955056179775,0.26463385733470257
98686,53011040808,VANCOUVER,WA,0.027201205222631402,0.0045045045045045045,0.00749063670411985,0.025989414645706612
98686,53011040709,VANCOUVER,WA,8.369601606963509e-05,0.0,0.0,7.899518129394107e-05
98686,53011040411,VANCOUVER,WA,0.17065617676598593,0.3783783783783784,0.27340823970037453,0.18010901335018564
98686,53011040403,VANCOUVER,WA,0.044861064613324404,0.009009009009009009,0.003745318352059925,0.04273639308002212
98686,53011040803,VANCOUVER,WA,0.1887345162370271,0.13963963963963963,0.25842696629213485,0.1884825025673434
98687,53011041337,VANCOUVER,WA,1.0,1.0,1.0,1.0
98801,53007961002,WENATCHEE,WA,0.09154409956220178,0.44430485762144056,0.25091174325309995,0.13558618399202924
98801,53007960501,WENATCHEE,WA,0.010871169265581189,0.00628140703517588,0.0,0.00979740949850548
98801,53007961101,WENATCHEE,WA,0.08357518815485267,0.036013400335008376,0.12107950401167031,0.08099468615078047
98801,53007960803,WENATCHEE,WA,0.09385606768655615,0.11306532663316583,0.12472647702407003,0.09751743606775158
98801,53007961001,WENATCHEE,WA,0.05686457769688622,0.022613065326633167,0.08533916849015317,0.05508967120557954
98801,53007961301,WENATCHEE,WA,0.0352206207880368,0.002931323283082077,0.014587892049598834,0.030845234141481236
98801,53007960804,WENATCHEE,WA,0.1109744699690098,0.18299832495812396,0.162654996353027,0.12105612753238126
98801,53007961200,WENATCHEE,WA,0.05529047173987899,0.006700167504187605,0.013858497447118891,0.048115244104948524
98801,53007961303,WENATCHEE,WA,0.08888779575975207,0.00711892797319933,0.032093362509117436,0.07754898704749252
98801,53007960502,WENATCHEE,WA,9.838162231295194e-05,0.0004187604690117253,0.0,0.00012454334108269677
98801,53007961102,WENATCHEE,WA,0.09970977421417679,0.04355108877721943,0.060539752005835154,0.09191298571903023
98801,53007960100,WENATCHEE,WA,9.838162231295194e-05,0.0,0.0,8.302889405513119e-05
98801,53007960801,WENATCHEE,WA,0.07536032269172119,0.006700167504187605,0.019693654266958426,0.0653852540684158
98801,53007961304,WENATCHEE,WA,0.09105219145063702,0.006700167504187605,0.0700218818380744,0.08149285951511126
98801,53007960700,WENATCHEE,WA,0.10659648777608342,0.12060301507537688,0.04449307075127644,0.10445034872135503
98802,53017950600,EAST WENATCHEE,WA,0.12614296202362676,0.03329864724245578,0.014925373134328358,0.11752878815573022
98802,53017950400,EAST WENATCHEE,WA,0.22298605085763865,0.06971904266389178,0.16844349680170576,0.21245354292329252
98802,53017950500,EAST WENATCHEE,WA,0.11793365814589868,0.34443288241415193,0.3411513859275053,0.13757387436787913
98802,53017950700,EAST WENATCHEE,WA,0.11759994660615364,0.07700312174817898,0.2622601279317697,0.11935660756717237
98802,53017950101,EAST WENATCHEE,WA,0.006674230794900888,0.007284079084287201,0.0,0.006519222567477
98802,53017950800,EAST WENATCHEE,WA,0.16338516985917373,0.1186264308012487,0.06183368869936034,0.15786266983488698
98802,53017950300,EAST WENATCHEE,WA,0.2284589201094574,0.34963579604578565,0.1513859275053305,0.23335161152744777
98802,53017950200,EAST WENATCHEE,WA,0.016819061603150238,0.0,0.0,0.015353683056114056
98807,53007960804,WENATCHEE,WA,0.981995277449823,0.9895678092399404,0.5,0.9830091110563901
98807,53007961002,WENATCHEE,WA,0.018004722550177096,0.010432190760059613,0.5,0.01699088894360995
98811,53007960100,ARDENVOIR,WA,0.0,1.0,0.0,1.0
98812,53047940200,BREWSTER,WA,0.021691973969631236,0.0,0.0,0.019417475728155338
98812,53047970800,BREWSTER,WA,0.5986984815618221,0.6785714285714286,0.65,0.6048543689320388
98812,53047970700,BREWSTER,WA,0.005422993492407809,0.07142857142857142,0.0125,0.007766990291262136
98812,53037975300,BREWSTER,WA,0.007592190889370932,0.0,0.0,0.006796116504854369
98812,53017950101,BREWSTER,WA,0.3665943600867679,0.25,0.3375,0.3611650485436893
98813,53047940200,BRIDGEPORT,WA,0.11263736263736264,0.3333333333333333,0.06666666666666667,0.11764705882352941
98813,53017950102,BRIDGEPORT,WA,0.8763736263736264,0.6666666666666666,0.9333333333333333,0.8721227621483376
98813,53017950101,BRIDGEPORT,WA,0.01098901098901099,0.0,0.0,0.010230179028132993
98814,53047971000,CARLTON,WA,1.0,1.0,0.0,1.0
98815,53007960600,CASHMERE,WA,0.5340566606389391,0.7667844522968198,0.813953488372093,0.5613941018766756
98815,53007960501,CASHMERE,WA,0.17420132610006028,0.12014134275618374,0.06976744186046512,0.16648793565683645
98815,53007960502,CASHMERE,WA,0.2917420132610006,0.11307420494699646,0.11627906976744186,0.27211796246648795
98816,53007960400,CHELAN,WA,0.007121661721068249,0.015909090909090907,0.006993006993006993,0.00764713915062133
98816,53007960100,CHELAN,WA,0.005341246290801187,0.004545454545454545,0.02097902097902098,0.005598798306704902
98816,53007960303,CHELAN,WA,0.5136498516320475,0.6863636363636364,0.20279720279720279,0.517957121398334
98816,53007960302,CHELAN,WA,0.19851632047477744,0.2159090909090909,0.3076923076923077,0.2016932950976376
98816,53007960301,CHELAN,WA,0.2712166172106825,0.07727272727272727,0.46153846153846156,0.2632800764713915
98816,53047971000,CHELAN,WA,0.004154302670623145,0.0,0.0,0.003823569575310665
98817,53007960301,CHELAN FALLS,WA,1.0,1.0,1.0,1.0
98819,53047970500,CONCONULLY,WA,0.0,1.0,1.0,1.0
98821,53007960501,DRYDEN,WA,0.75,0.0,0.0,0.6
98821,53007960502,DRYDEN,WA,0.25,1.0,0.0,0.4
98822,53007960100,ENTIAT,WA,1.0,1.0,1.0,1.0
98823,53025010401,EPHRATA,WA,0.360450563204005,0.746268656716418,0.42073170731707316,0.39432881687386506
98823,53025011200,EPHRATA,WA,0.19008135168961202,0.029850746268656716,0.06707317073170732,0.17376728593378962
98823,53025010402,EPHRATA,WA,0.40190863579474345,0.22056384742951907,0.4817073170731707,0.3884620757088979
98823,53025010300,EPHRATA,WA,0.01877346683354193,0.003316749585406302,0.03048780487804878,0.017739907808353123
98823,53025010500,EPHRATA,WA,0.02753441802252816,0.0,0.0,0.024584439167481494
98823,53017950200,EPHRATA,WA,0.0012515644555694619,0.0,0.0,0.0011174745076127951
98824,53025010700,GEORGE,WA,0.0,1.0,0.0,1.0
98826,53007960502,LEAVENWORTH,WA,0.010794896957801767,0.0030303030303030303,0.0,0.009856519026824703
98826,53007960202,LEAVENWORTH,WA,0.23426328333099677,0.04393939393939394,0.013513513513513514,0.21247660636306925
98826,53007960201,LEAVENWORTH,WA,0.5794195990466844,0.8803030303030303,0.9099099099099099,0.6133499688084841
98826,53007960203,LEAVENWORTH,WA,0.16542829104163745,0.06666666666666667,0.06756756756756757,0.15458515283842794
98826,53007960501,LEAVENWORTH,WA,0.010093929622879574,0.006060606060606061,0.009009009009009009,0.00973175296319401
98827,53047970301,LOOMIS,WA,0.69375,0.3333333333333333,0.0,0.6807228915662651
98827,53047970400,LOOMIS,WA,0.30625,0.6666666666666666,0.0,0.3192771084337349
98828,53007961200,MALAGA,WA,0.9991638795986622,1.0,1.0,0.999227202472952
98828,53037975300,MALAGA,WA,0.0008361204013377926,0.0,0.0,0.0007727975270479134
98829,53047970700,MALOTT,WA,0.0,1.0,1.0,1.0
98830,53017950200,MANSFIELD,WA,0.0,0.0,0.018292682926829267,0.0125
98830,53017950102,MANSFIELD,WA,1.0,1.0,0.975609756097561,0.9833333333333333
98830,53017950101,MANSFIELD,WA,0.0,0.0,0.006097560975609756,0.004166666666666667
98831,53007960400,MANSON,WA,1.0,1.0,1.0,1.0
98832,53043960400,MARLIN,WA,0.15841584158415842,0.0,0.0,0.13793103448275862
98832,53043960300,MARLIN,WA,0.019801980198019802,0.0,0.0,0.017241379310344827
98832,53001950200,MARLIN,WA,0.009900990099009901,0.0,0.0,0.008620689655172414
98832,53025010200,MARLIN,WA,0.8118811881188119,1.0,1.0,0.8362068965517241
98833,53047970900,MAZAMA,WA,1.0,1.0,1.0,1.0
98834,53047970800,METHOW,WA,0.225,0.0,0.25,0.22
98834,53047971000,METHOW,WA,0.775,1.0,0.75,0.78
98836,53007960502,MONITOR,WA,0.0,1.0,0.865,0.8656716417910447
98836,53007960600,MONITOR,WA,0.0,0.0,0.13,0.12935323383084577
98836,53007960501,MONITOR,WA,0.0,0.0,0.005,0.004975124378109453
98837,53025011101,MOSES LAKE,WA,0.08737517831669044,0.03512396694214876,0.03861517976031957,0.08189020263545524
98837,53025010200,MOSES LAKE,WA,0.05625891583452211,0.0253099173553719,0.005326231691078562,0.05235081014371591
98837,53025011102,MOSES LAKE,WA,0.16538873038516405,0.4581611570247934,0.34620505992010653,0.19335960826466023
98837,53025010903,MOSES LAKE,WA,0.10756954350927246,0.059400826446280995,0.10386151797603196,0.1037461682391815
98837,53025010901,MOSES LAKE,WA,0.027237874465049928,0.00878099173553719,0.02929427430093209,0.02587682630677973
98837,53025011300,MOSES LAKE,WA,0.0005795292439372326,0.0005165289256198347,0.0,0.0005573470281460249
98837,53025010800,MOSES LAKE,WA,0.07912803138373752,0.05785123966942149,0.085219707057257,0.07767028942234962
98837,53025011200,MOSES LAKE,WA,0.07645328102710414,0.00878099173553719,0.018641810918774968,0.0695091365102114
98837,53025010300,MOSES LAKE,WA,4.457917261055635e-05,0.0,0.0,3.981050201043035e-05
98837,53025011002,MOSES LAKE,WA,0.1211216119828816,0.23140495867768596,0.10252996005326231,0.1290656475178152
98837,53025010700,MOSES LAKE,WA,0.02416191155492154,0.007747933884297521,0.007989347536617843,0.02241331263187229
98837,53025010904,MOSES LAKE,WA,0.12410841654778887,0.01962809917355372,0.07723035952063914,0.11465424579003941
98837,53025011001,MOSES LAKE,WA,0.13057239657631955,0.08729338842975207,0.18508655126498003,0.12886659500776304
98840,53047940200,OKANOGAN,WA,0.062311557788944726,0.053811659192825115,0.01818181818181818,0.06098682194299724
98840,53047970700,OKANOGAN,WA,0.8177554438860971,0.9372197309417041,0.8909090909090909,0.8271529267545203
98840,53047970500,OKANOGAN,WA,0.11323283082077051,0.008968609865470852,0.05454545454545454,0.10511798958014097
98840,53047970602,OKANOGAN,WA,0.006365159128978224,0.0,0.03636363636363636,0.006435795280416794
98840,53047970800,OKANOGAN,WA,0.00033500837520938025,0.0,0.0,0.00030646644192460924
98841,53047970602,OMAK,WA,0.6663289429246876,0.7023498694516971,0.5393258426966292,0.6667187988739444
98841,53047940200,OMAK,WA,0.07919621749408984,0.10443864229765012,0.1348314606741573,0.08148263997497654
98841,53047970500,OMAK,WA,0.016379601485984465,0.005221932114882507,0.0,0.015483265561463873
98841,53047970601,OMAK,WA,0.23809523809523808,0.18798955613577023,0.3258426966292135,0.23631529558961525
98843,53017950101,ORONDO,WA,0.9881273610361576,0.9824561403508771,1.0,0.9880829015544041
98843,53017950102,ORONDO,WA,0.0005396654074473826,0.0,0.0,0.0005181347150259067
98843,53017950200,ORONDO,WA,0.011332973556395036,0.017543859649122806,0.0,0.011398963730569948
98844,53047970301,OROVILLE,WA,0.7182835820895522,0.875,0.8,0.7278701198299188
98844,53047970302,OROVILLE,WA,0.19796849087893864,0.1,0.2,0.1926942404329339
98844,53047970303,OROVILLE,WA,0.08374792703150911,0.025,0.0,0.07943563973714728
98845,53017950200,PALISADES,WA,1.0,1.0,1.0,1.0
98846,53047971000,PATEROS,WA,0.6845238095238095,0.4,0.35555555555555557,0.5335463258785943
98846,53047970800,PATEROS,WA,0.31547619047619047,0.5,0.5925925925925926,0.44089456869009586
98846,53007960302,PATEROS,WA,0.0,0.1,0.05185185185185185,0.025559105431309903
98847,53007960501,PESHASTIN,WA,0.6051364365971108,0.5616438356164384,0.7857142857142857,0.6046511627906976
98847,53007960502,PESHASTIN,WA,0.39486356340288925,0.4383561643835616,0.21428571428571427,0.3953488372093023
98848,53025010600,QUINCY,WA,0.4686811457349701,0.6966580976863753,0.5525114155251142,0.4840563056592933
98848,53025011200,QUINCY,WA,0.01825621655649984,0.007712082262210797,0.0091324200913242,0.01738006320022982
98848,53025010700,QUINCY,WA,0.210576015108593,0.07712082262210797,0.2237442922374429,0.20353346739442688
98848,53025011404,QUINCY,WA,0.004878816493547372,0.0,0.0,0.004452743464521689
98848,53017950300,QUINCY,WA,0.008341202392193894,0.0,0.0,0.007612754955472565
98848,53025010500,QUINCY,WA,0.28926660371419577,0.2185089974293059,0.2146118721461187,0.28296466532605574
98849,53047970303,RIVERSIDE,WA,0.2149390243902439,0.19047619047619047,0.0,0.2104499274310595
98849,53047970500,RIVERSIDE,WA,0.7439024390243902,0.6666666666666666,1.0,0.7460087082728593
98849,53047970400,RIVERSIDE,WA,0.041158536585365856,0.14285714285714285,0.0,0.04354136429608128
98850,53017950300,ROCK ISLAND,WA,0.986737400530504,1.0,1.0,0.9884393063583815
98850,53017950200,ROCK ISLAND,WA,0.013262599469496022,0.0,0.0,0.011560693641618497
98851,53025010200,SOAP LAKE,WA,0.03477523324851569,0.0,0.0013157894736842105,0.021494370522006142
98851,53025010401,SOAP LAKE,WA,0.002544529262086514,0.0,0.0,0.0015353121801432957
98851,53025010100,SOAP LAKE,WA,0.03816793893129771,0.0,0.0,0.02302968270214944
98851,53025010300,SOAP LAKE,WA,0.9245122985581001,1.0,0.9986842105263158,0.9539406345957011
98852,53007960100,STEHEKIN,WA,0.0,1.0,1.0,1.0
98853,53025010200,STRATFORD,WA,1.0,0.0,0.9142857142857143,0.9166666666666666
98853,53025010100,STRATFORD,WA,0.0,0.0,0.08571428571428572,0.08333333333333333
98855,53047970400,TONASKET,WA,0.5157629255989912,0.8378378378378378,0.9047619047619048,0.5337716676628811
98855,53047970500,TONASKET,WA,0.05170239596469105,0.0,0.0,0.049013747758517634
98855,53047970303,TONASKET,WA,0.3114754098360656,0.036036036036036036,0.031746031746031744,0.29707112970711297
98855,53047970302,TONASKET,WA,0.09174022698612863,0.06306306306306306,0.031746031746031744,0.08965929468021518
98855,53047970301,TONASKET,WA,0.029319041614123582,0.06306306306306306,0.031746031746031744,0.030484160191273164
98856,53047970900,TWISP,WA,0.02054794520547945,0.0,0.0,0.01576182136602452
98856,53047971000,TWISP,WA,0.9794520547945206,1.0,1.0,0.9842381786339754
98857,53001950301,WARDEN,WA,0.0017857142857142857,0.0,0.0,0.0016652789342214821
98857,53025011300,WARDEN,WA,0.9625,0.9833333333333333,1.0,0.9641965029142381
98857,53001950200,WARDEN,WA,0.01875,0.016666666666666666,0.0,0.018318068276436304
98857,53025010200,WARDEN,WA,0.014285714285714285,0.0,0.0,0.013322231473771857
98857,53025011406,WARDEN,WA,0.0026785714285714286,0.0,0.0,0.002497918401332223
98858,53017950200,WATERVILLE,WA,0.9214876033057852,1.0,0.9782082324455206,0.9573170731707317
98858,53025010300,WATERVILLE,WA,0.04132231404958678,0.0,0.0,0.01524390243902439
98858,53017950102,WATERVILLE,WA,0.028925619834710745,0.0,0.0,0.010670731707317074
98858,53017950101,WATERVILLE,WA,0.008264462809917356,0.0,0.021791767554479417,0.01676829268292683
98859,53047970303,WAUCONDA,WA,1.0,0.0,1.0,1.0
98860,53025010200,WILSON CREEK,WA,1.0,0.0,0.9782608695652174,0.9785714285714285
98860,53025010100,WILSON CREEK,WA,0.0,0.0,0.021739130434782608,0.02142857142857143
98862,53047971000,WINTHROP,WA,0.11211072664359861,0.043478260869565216,0.047619047619047616,0.10912698412698413
98862,53047970900,WINTHROP,WA,0.8878892733564013,0.9565217391304348,0.9523809523809523,0.8908730158730159
98901,53077001602,YAKIMA,WA,0.32336785938480855,0.12781954887218044,0.12720156555772993,0.29141768993367917
98901,53037975700,YAKIMA,WA,0.0029817953546767105,0.0,0.0,0.0024952393459846344
98901,53077003200,YAKIMA,WA,0.0023540489642184556,0.001367053998632946,0.0019569471624266144,0.002232582572723094
98901,53077000100,YAKIMA,WA,0.07658505963590709,0.48872180451127817,0.2896281800391389,0.13047475211767023
98901,53077000200,YAKIMA,WA,0.1730225988700565,0.14559125085440874,0.273972602739726,0.17716199356490905
98901,53077001504,YAKIMA,WA,0.0769774011299435,0.00888585099111415,0.12818003913894324,0.07387221747980827
98901,53077001502,YAKIMA,WA,0.06426553672316385,0.09432672590567327,0.040117416829745595,0.06553286492875435
98901,53077001701,YAKIMA,WA,0.0575172630257376,0.00888585099111415,0.003913894324853229,0.04924814498653884
98901,53077001702,YAKIMA,WA,0.03750784682988073,0.01367053998632946,0.007827788649706457,0.03322608181758487
98901,53077001601,YAKIMA,WA,0.07015065913370998,0.003417634996582365,0.0029354207436399216,0.05922910237047738
98901,53077001503,YAKIMA,WA,0.11526993094789705,0.10731373889268626,0.12426614481409001,0.11510933088187011
98902,53077000800,YAKIMA,WA,0.07677750743444174,0.02710997442455243,0.010588235294117647,0.06731376975169301
98902,53077000500,YAKIMA,WA,0.11305758313057583,0.10434782608695652,0.07647058823529412,0.10948081264108352
98902,53077000302,YAKIMA,WA,0.056393619897269535,0.03989769820971867,0.18764705882352942,0.06501128668171557
98902,53077000100,YAKIMA,WA,0.007191132738577994,0.15294117647058825,0.02411764705882353,0.021354401805869075
98902,53077000700,YAKIMA,WA,0.1515544741822114,0.23887468030690537,0.14882352941176472,0.15905191873589164
98902,53077000301,YAKIMA,WA,0.08629359286293593,0.16777493606138108,0.11470588235294117,0.09566591422121896
98902,53077001202,YAKIMA,WA,0.10894836442281698,0.056265984654731455,0.07647058823529412,0.1018058690744921
98902,53077000600,YAKIMA,WA,0.1230602865639362,0.05115089514066496,0.19705882352941176,0.12239277652370203
98902,53077001100,YAKIMA,WA,0.11121924844552582,0.11560102301790282,0.07647058823529412,0.10893905191873589
98902,53077001000,YAKIMA,WA,0.09521492295214923,0.03682864450127877,0.03588235294117647,0.0855079006772009
98902,53077001201,YAKIMA,WA,0.07028926736955934,0.009207161125319692,0.05176470588235294,0.0634762979683973
98903,53077001400,YAKIMA,WA,0.2066033016508254,0.5740922473012757,0.3254901960784314,0.25026968716289105
98903,53077002801,YAKIMA,WA,0.07641320660330166,0.005888125613346418,0.0196078431372549,0.06709816612729234
98903,53077000902,YAKIMA,WA,0.0012506253126563281,0.0,0.0,0.0010787486515641855
98903,53077001202,YAKIMA,WA,0.03601800900450225,0.0323846908734053,0.027450980392156862,0.035382955771305284
98903,53077001201,YAKIMA,WA,0.013881940970485243,0.0009813542688910696,0.00784313725490196,0.012297734627831715
98903,53077001502,YAKIMA,WA,0.0025012506253126563,0.0068694798822374874,0.00784313725490196,0.003128371089536138
98903,53077003003,YAKIMA,WA,0.04702351175587794,0.002944062806673209,0.03137254901960784,0.04174757281553398
98903,53077001300,YAKIMA,WA,0.15532766383191596,0.1746810598626104,0.21176470588235294,0.15900755124056096
98903,53077001100,YAKIMA,WA,0.05590295147573787,0.1619234543670265,0.10588235294117647,0.06893203883495146
98903,53077940003,YAKIMA,WA,0.04552276138069034,0.002944062806673209,0.01568627450980392,0.040021574973031285
98903,53077002803,YAKIMA,WA,0.35955477738869435,0.03729146221786065,0.24705882352941178,0.32103559870550163
98907,53077000100,YAKIMA,WA,1.0,1.0,1.0,1.0
98908,53077000402,YAKIMA,WA,0.07075231022166789,0.002932551319648094,0.040877367896311065,0.06680811426205754
98908,53077001000,YAKIMA,WA,0.04280287998185838,0.10703812316715543,0.12861415752741776,0.049523908093562406
98908,53077002900,YAKIMA,WA,0.03685016157378536,0.013196480938416423,0.0009970089730807576,0.034154419374870626
98908,53077000800,YAKIMA,WA,0.03027382504677136,0.07038123167155426,0.020937188434695914,0.031204719519768165
98908,53077000903,YAKIMA,WA,0.09773796700493226,0.20527859237536658,0.19042871385842472,0.10634444214448355
98908,53077002804,YAKIMA,WA,0.09008447190883836,0.011730205278592375,0.03988035892323031,0.08471330987373214
98908,53077003400,YAKIMA,WA,0.03934463404954929,0.02785923753665689,0.007976071784646061,0.03731111571103291
98908,53077003100,YAKIMA,WA,0.0006236181189409831,0.0,0.0,0.0005692403229145105
98908,53077000904,YAKIMA,WA,0.1271614037076932,0.1348973607038123,0.1535393818544367,0.12880356033947424
98908,53077003003,YAKIMA,WA,0.005725948183003571,0.0,0.0,0.005226661146760505
98908,53077000302,YAKIMA,WA,0.0,0.002932551319648094,0.0,0.00010349824052991099
98908,53077000401,YAKIMA,WA,0.17041782413969045,0.20821114369501467,0.1016949152542373,0.16818464086110535
98908,53077002801,YAKIMA,WA,0.09955212880548783,0.02346041055718475,0.005982053838484547,0.09200993583109088
98908,53077000902,YAKIMA,WA,0.10765916435172061,0.10703812316715543,0.1864406779661017,0.11172635065203891
98908,53077002803,YAKIMA,WA,0.013039287941493283,0.01466275659824047,0.0,0.01241978886358932
98908,53077000500,YAKIMA,WA,0.008617268552639038,0.008797653958944282,0.011964107676969093,0.008797350445042434
98908,53077000301,YAKIMA,WA,5.6692556267362094e-05,0.001466275659824047,0.0,0.00010349824052991099
98908,53077003002,YAKIMA,WA,0.03520607744203186,0.02932551319648094,0.010967098703888335,0.03374042641275098
98908,53077001100,YAKIMA,WA,0.02409433641362889,0.030791788856304986,0.09970089730807577,0.0282550196646657
98909,53077001202,YAKIMA,WA,1.0,1.0,1.0,1.0
98920,53077940001,BROWNSTOWN,WA,0.0,1.0,0.0,1.0
98921,53077002202,BUENA,WA,1.0,0.0,1.0,1.0
98922,53037975101,CLE ELUM,WA,0.19224194608809994,0.04967602591792657,0.02654867256637168,0.1818848551521819
98922,53037975201,CLE ELUM,WA,0.28205128205128205,0.0,0.02654867256637168,0.2625595892922626
98922,53037975104,CLE ELUM,WA,0.22169625246548325,0.12311015118790497,0.26548672566371684,0.21672167216721672
98922,53037975300,CLE ELUM,WA,0.007232084155161078,0.0064794816414686825,0.0,0.007089597848673756
98922,53037975103,CLE ELUM,WA,0.2654832347140039,0.8142548596112311,0.6814159292035398,0.30228578413396895
98922,53037975102,CLE ELUM,WA,0.031295200525969756,0.0064794816414686825,0.0,0.029458501405696124
98923,53077002900,COWICHE,WA,0.9988789237668162,1.0,1.0,0.9989165763813651
98923,53077003003,COWICHE,WA,0.0011210762331838565,0.0,0.0,0.0010834236186348862
98925,53037975201,EASTON,WA,0.0,1.0,0.33962264150943394,0.34210526315789475
98925,53037975101,EASTON,WA,0.0,0.0,0.660377358490566,0.6578947368421053
98926,53037975202,ELLENSBURG,WA,0.04402054292002935,0.011189634864546525,0.00535475234270415,0.039823447728625276
98926,53037975500,ELLENSBURG,WA,0.18708730741012472,0.1336866902237927,0.18741633199464525,0.18260265820273755
98926,53037975403,ELLENSBURG,WA,0.04644731643997968,0.02944640753828033,0.0428380187416332,0.04488196786351914
98926,53037975203,ELLENSBURG,WA,0.026299452565043173,0.0017667844522968198,0.0,0.02325927395358064
98926,53037975600,ELLENSBURG,WA,0.14289745470963372,0.6578327444051826,0.3708165997322624,0.19470343185875819
98926,53037975402,ELLENSBURG,WA,0.15892544726000338,0.09717314487632508,0.1713520749665328,0.1541856774449514
98926,53037975201,ELLENSBURG,WA,0.0011851684632315593,0.0005889281507656066,0.0,0.0010910533624280897
98926,53037975404,ELLENSBURG,WA,0.129973474801061,0.01060070671378092,0.20615796519410978,0.12274350327316008
98926,53037975700,ELLENSBURG,WA,0.09616795530221796,0.023557126030624265,0.00535475234270415,0.0866891489783773
98926,53037975300,ELLENSBURG,WA,0.16699588012867544,0.03415783274440518,0.0107095046854083,0.15001983733386232
98930,53077001901,GRANDVIEW,WA,0.2025270097051822,0.5412087912087912,0.3006993006993007,0.22553619302949063
98930,53077001802,GRANDVIEW,WA,0.10053103827137887,0.01098901098901099,0.03496503496503497,0.09349865951742628
98930,53005011802,GRANDVIEW,WA,0.04559604468046145,0.024725274725274724,0.013986013986013986,0.0435656836461126
98930,53077002701,GRANDVIEW,WA,0.00018311664530305805,0.0,0.0,0.0001675603217158177
98930,53077001902,GRANDVIEW,WA,0.4956967588353781,0.2802197802197802,0.6013986013986014,0.4850871313672922
98930,53077001801,GRANDVIEW,WA,0.1554660318622963,0.14285714285714285,0.04895104895104895,0.15214477211796246
98932,53077002101,GRANGER,WA,0.028500619578686492,0.028169014084507043,0.0,0.027701911822083494
98932,53077002104,GRANGER,WA,0.8455183808343659,0.8309859154929577,0.8873239436619719,0.8462738977760437
98932,53077940002,GRANGER,WA,0.0004130524576621231,0.0,0.0,0.0003901677721420211
98932,53077002701,GRANGER,WA,0.0,0.014084507042253521,0.0,0.0003901677721420211
98932,53077940003,GRANGER,WA,0.02932672449401074,0.014084507042253521,0.0,0.02809207959422552
98932,53077002103,GRANGER,WA,0.09334985543163982,0.09859154929577464,0.11267605633802817,0.09403043308622708
98932,53077002201,GRANGER,WA,0.0028913672036348617,0.014084507042253521,0.0,0.0031213421771361686
98933,53077940001,HARRAH,WA,0.8927444794952681,1.0,1.0,0.8953846153846153
98933,53077940003,HARRAH,WA,0.10725552050473186,0.0,0.0,0.10461538461538461
98934,53037975700,KITTITAS,WA,0.0,1.0,1.0,1.0
98935,53077002701,MABTON,WA,0.5470588235294118,0.4166666666666667,0.9975786924939467,0.7108325872873769
98935,53077001802,MABTON,WA,0.2985294117647059,0.16666666666666666,0.0,0.18531781557743957
98935,53039950101,MABTON,WA,0.041176470588235294,0.125,0.0,0.02775290957923008
98935,53077940003,MABTON,WA,0.060294117647058824,0.25,0.002421307506053269,0.04297224709042077
98935,53077002103,MABTON,WA,0.052941176470588235,0.041666666666666664,0.0,0.03312444046553268
98936,53077001702,MOXEE,WA,0.8152944804193648,0.9552238805970149,0.8387096774193549,0.8210093896713615
98936,53077001701,MOXEE,WA,0.18470551958063522,0.04477611940298507,0.16129032258064516,0.1789906103286385
98937,53077003400,NACHES,WA,0.024778761061946902,0.012121212121212121,0.11428571428571428,0.02512396694214876
98937,53077003002,NACHES,WA,0.6219469026548673,0.7878787878787878,0.5428571428571428,0.6300826446280992
98937,53077003100,NACHES,WA,0.0007079646017699115,0.0,0.0,0.0006611570247933885
98937,53077003003,NACHES,WA,0.18336283185840707,0.1393939393939394,0.2857142857142857,0.1821487603305785
98937,53077003004,NACHES,WA,0.07256637168141593,0.04242424242424243,0.0,0.07008264462809917
98937,53077002900,NACHES,WA,0.09628318584070797,0.01818181818181818,0.05714285714285714,0.0915702479338843
98937,53053070100,NACHES,WA,0.00035398230088495576,0.0,0.0,0.00033057851239669424
98938,53077002201,OUTLOOK,WA,0.06031746031746032,0.2,0.0,0.06141732283464567
98938,53077002101,OUTLOOK,WA,0.15714285714285714,0.2,0.0,0.15748031496062992
98938,53077002104,OUTLOOK,WA,0.25396825396825395,0.0,0.0,0.25196850393700787
98938,53077002103,OUTLOOK,WA,0.5285714285714286,0.6,0.0,0.5291338582677165
98939,53077940001,PARKER,WA,0.0,1.0,1.0,1.0
98940,53037975104,RONALD,WA,0.0,1.0,0.05054151624548736,0.05225225225225225
98940,53037975101,RONALD,WA,0.0,0.0,0.9494584837545126,0.9477477477477477
98941,53037975104,ROSLYN,WA,0.0,0.0,1.0,1.0
98942,53077003400,SELAH,WA,0.14601717849158724,0.006493506493506494,0.02032520325203252,0.13565765178668404
98942,53077003200,SELAH,WA,0.4587598541004824,0.9047619047619048,0.8821138211382114,0.49245139567720214
98942,53077003004,SELAH,WA,0.12519119896458406,0.004329004329004329,0.0040650406504065045,0.11589008363201912
98942,53077001701,SELAH,WA,0.012119072832097894,0.0,0.0040650406504065045,0.011295753231237103
98942,53077003100,SELAH,WA,0.25791269561124835,0.08441558441558442,0.08943089430894309,0.2447051156728576
98943,53037975102,SOUTH CLE ELUM,WA,0.0,1.0,1.0,1.0
98944,53077002005,SUNNYSIDE,WA,0.11829857429009073,0.07733050847457627,0.20284697508896798,0.11676276771004943
98944,53077002003,SUNNYSIDE,WA,0.3263815246848121,0.760593220338983,0.4483985765124555,0.3721169686985173
98944,53077002004,SUNNYSIDE,WA,0.09779663014021445,0.020127118644067795,0.15658362989323843,0.09194810543657331
98944,53077002006,SUNNYSIDE,WA,0.2540355838340992,0.0413135593220339,0.1387900355871886,0.23002471169686986
98944,53077001701,SUNNYSIDE,WA,0.0017674089784376105,0.00211864406779661,0.0,0.0017504118616144975
98944,53005011802,SUNNYSIDE,WA,0.0017674089784376105,0.0031779661016949155,0.0,0.0018533772652388797
98944,53077002103,SUNNYSIDE,WA,0.04630611523506539,0.005296610169491525,0.0035587188612099642,0.0410831960461285
98944,53077001801,SUNNYSIDE,WA,0.07187463178979615,0.048728813559322036,0.014234875444839857,0.06795716639209226
98944,53077002101,SUNNYSIDE,WA,0.04713090609166961,0.009533898305084746,0.014234875444839857,0.04252471169686985
98944,53077001802,SUNNYSIDE,WA,0.027571580063626724,0.03072033898305085,0.021352313167259787,0.027697693574958812
98944,53077002104,SUNNYSIDE,WA,0.007069635913750442,0.001059322033898305,0.0,0.006280889621087315
98946,53037975203,THORP,WA,0.9196428571428571,1.0,1.0,0.9256198347107438
98946,53037975300,THORP,WA,0.044642857142857144,0.0,0.0,0.04132231404958678
98946,53037975201,THORP,WA,0.03571428571428571,0.0,0.0,0.03305785123966942
98947,53077002900,TIETON,WA,1.0,1.0,1.0,1.0
98948,53077940002,TOPPENISH,WA,0.2685539403213466,0.10432569974554708,0.057803468208092484,0.2460441274793849
98948,53077940005,TOPPENISH,WA,0.36164243815353225,0.638676844783715,0.6358381502890174,0.3964787162915088
98948,53077940001,TOPPENISH,WA,0.009436368273399644,0.0,0.0,0.008246044127479386
98948,53077940006,TOPPENISH,WA,0.3190512624330528,0.24936386768447838,0.3063583815028902,0.31245821261421886
98948,53077940003,TOPPENISH,WA,0.041315990818668706,0.007633587786259542,0.0,0.03677289948740807
98950,53037975700,VANTAGE,WA,0.0,1.0,0.0,1.0
98951,53077001702,WAPATO,WA,0.04261206419479801,0.05898876404494382,0.027972027972027972,0.043243243243243246
98951,53077940002,WAPATO,WA,0.06622394392178566,0.03651685393258427,0.0,0.06283783783783783
98951,53077940001,WAPATO,WA,0.28776978417266186,0.14606741573033707,0.04895104895104895,0.2734797297297297
98951,53077940003,WAPATO,WA,0.01180593986349382,0.0,0.006993006993006993,0.01097972972972973
98951,53077002202,WAPATO,WA,0.029699317469101642,0.033707865168539325,0.0,0.029222972972972973
98951,53077940007,WAPATO,WA,0.4541597491237779,0.5758426966292135,0.7902097902097902,0.46959459459459457
98951,53077940008,WAPATO,WA,0.10772920125438111,0.14887640449438203,0.1258741258741259,0.11064189189189189
98952,53077940001,WHITE SWAN,WA,0.34017595307917886,0.16666666666666666,0.0,0.3342776203966006
98952,53077940003,WHITE SWAN,WA,0.6598240469208211,0.8333333333333334,0.0,0.6657223796033994
98953,53077002101,ZILLAH,WA,0.008057675996607293,0.00909090909090909,0.0,0.007698229407236336
98953,53077002201,ZILLAH,WA,0.720949957591179,0.7636363636363637,0.9846153846153847,0.7359507313317937
98953,53077002202,ZILLAH,WA,0.26208651399491095,0.22727272727272727,0.015384615384615385,0.24826789838337182
98953,53077002104,ZILLAH,WA,0.008905852417302799,0.0,0.0,0.008083140877598153
99001,53063013700,AIRWAY HEIGHTS,WA,0.0,0.0055248618784530384,0.0,0.00032776138970829236
99001,53063010401,AIRWAY HEIGHTS,WA,1.0,0.994475138121547,1.0,0.9996722386102918
99003,53063010201,CHATTAROY,WA,0.47104851330203446,0.047619047619047616,0.28125,0.4619771863117871
99003,53063010203,CHATTAROY,WA,0.026604068857589983,0.0,0.0,0.02585551330798479
99003,53063010305,CHATTAROY,WA,0.29694835680751175,0.42857142857142855,0.40625,0.30038022813688214
99003,53063010204,CHATTAROY,WA,0.028560250391236306,0.0,0.0,0.027756653992395436
99003,53063010304,CHATTAROY,WA,0.17683881064162754,0.5238095238095238,0.3125,0.18403041825095057
99004,53063014100,CHENEY,WA,0.2296164139161463,0.03278688524590164,0.03468208092485549,0.21420351800098636
99004,53063014300,CHENEY,WA,0.0001784121320249777,0.0,0.0,0.0001643925694558606
99004,53043960400,CHENEY,WA,0.0001784121320249777,0.0,0.0,0.0001643925694558606
99004,53063013600,CHENEY,WA,0.0191793041926851,0.006557377049180328,0.0,0.018000986355416734
99004,53063013501,CHENEY,WA,0.06663693131132917,0.011475409836065573,0.014450867052023121,0.06238698010849909
99004,53063014001,CHENEY,WA,0.24995539696699376,0.4786885245901639,0.6878612716763006,0.27387802071346373
99004,53075000900,CHENEY,WA,0.0005352363960749331,0.0,0.0,0.0004931777083675817
99004,53063014002,CHENEY,WA,0.2826048171275647,0.45081967213114754,0.19653179190751446,0.2885911556797633
99004,53063014200,CHENEY,WA,0.1375557537912578,0.01639344262295082,0.06358381502890173,0.1293769521617623
99004,53063013900,CHENEY,WA,0.009009812667261374,0.001639344262295082,0.002890173410404624,0.00846621732697682
99004,53063013503,CHENEY,WA,0.004549509366636931,0.001639344262295082,0.0,0.004274206805852375
99005,53063010504,COLBERT,WA,0.10835629017447199,0.023255813953488372,0.0975609756097561,0.10662502788311398
99005,53063010203,COLBERT,WA,0.29545454545454547,0.8604651162790697,0.4878048780487805,0.3080526433192059
99005,53063010305,COLBERT,WA,0.4508723599632691,0.08139534883720931,0.24390243902439024,0.4418915904528218
99005,53063010303,COLBERT,WA,0.06887052341597796,0.0,0.0975609756097561,0.06781173321436539
99005,53063010508,COLBERT,WA,0.04361799816345271,0.011627906976744186,0.07317073170731707,0.043274592906535805
99005,53063010204,COLBERT,WA,0.020431588613406795,0.0,0.0,0.019852777158153024
99005,53063010201,COLBERT,WA,0.012167125803489439,0.011627906976744186,0.0,0.012045505242025429
99005,53063010507,COLBERT,WA,0.0002295684113865932,0.011627906976744186,0.0,0.00044612982377871963
99006,53065951302,DEER PARK,WA,0.00625,0.0,0.006172839506172839,0.0060227526210127145
99006,53065951402,DEER PARK,WA,0.036556603773584904,0.006172839506172839,0.04938271604938271,0.03569038590229757
99006,53063010301,DEER PARK,WA,0.5654481132075472,0.8950617283950617,0.6728395061728395,0.5792995761766674
99006,53065951401,DEER PARK,WA,0.04834905660377359,0.006172839506172839,0.037037037037037035,0.0466205665848762
99006,53063010305,DEER PARK,WA,0.0042452830188679245,0.0,0.0,0.004015168414008476
99006,53063010304,DEER PARK,WA,0.20400943396226415,0.07716049382716049,0.08641975308641975,0.19730091456613874
99006,53065951301,DEER PARK,WA,0.022523584905660376,0.0,0.018518518518518517,0.021637296453267903
99006,53051970400,DEER PARK,WA,0.007075471698113208,0.0,0.0,0.0066919473566807944
99006,53063010303,DEER PARK,WA,0.10554245283018868,0.015432098765432098,0.12962962962962962,0.10272139192505018
99008,53063014100,EDWALL,WA,0.4208754208754209,0.0,0.25,0.4117647058823529
99008,53043960200,EDWALL,WA,0.09090909090909091,0.0,0.0,0.08823529411764706
99008,53043960400,EDWALL,WA,0.4882154882154882,1.0,0.75,0.5
99009,53051970500,ELK,WA,0.0387434554973822,0.018518518518518517,0.14814814814814814,0.03967855349070819
99009,53063010304,ELK,WA,0.25759162303664923,0.5,0.37037037037037035,0.26569563033651433
99009,53063010102,ELK,WA,0.10261780104712041,0.0,0.037037037037037035,0.09894525364138623
99009,53051970400,ELK,WA,0.1774869109947644,0.2037037037037037,0.07407407407407407,0.17679558011049723
99009,53063010201,ELK,WA,0.4235602094240838,0.2777777777777778,0.37037037037037035,0.418884982420894
99011,53063013800,FAIRCHILD AIR FORCE BASE,WA,1.0,1.0,1.0,1.0
99012,53063014300,FAIRFIELD,WA,1.0,1.0,1.0,1.0
99013,53043960200,FORD,WA,0.15901060070671377,0.4,0.3076923076923077,0.1643835616438356
99013,53063010404,FORD,WA,0.18021201413427562,0.0,0.07692307692307693,0.17636986301369864
99013,53065941000,FORD,WA,0.1413427561837456,0.0,0.3076923076923077,0.14383561643835616
99013,53065951401,FORD,WA,0.519434628975265,0.6,0.3076923076923077,0.5154109589041096
99014,53063014100,FOUR LAKES,WA,1.0,0.0,1.0,1.0
99016,53063013102,GREENACRES,WA,0.3961782137747803,0.9117647058823529,0.9324675324675324,0.4472663465090506
99016,53063013002,GREENACRES,WA,0.0009196811771919068,0.0,0.0,0.0008311784263021796
99016,53063013003,GREENACRES,WA,0.17862252197016146,0.007352941176470588,0.025974025974025976,0.1634650905060953
99016,53063013101,GREENACRES,WA,0.36490905375025545,0.07352941176470588,0.03896103896103896,0.33441078684891024
99016,53063012402,GREENACRES,WA,0.007459636215001022,0.0,0.0,0.006741780568895456
99016,53063013001,GREENACRES,WA,0.004394032291027999,0.0,0.0,0.003971185814554858
99016,53063013205,GREENACRES,WA,0.008992438176987532,0.0,0.0,0.008127077946065755
99016,53063013300,GREENACRES,WA,0.03852442264459432,0.007352941176470588,0.0025974025974025974,0.0351865533801256
99017,53075000900,LAMONT,WA,0.9795918367346939,1.0,0.0,0.9813084112149533
99017,53001950100,LAMONT,WA,0.02040816326530612,0.0,0.0,0.018691588785046728
99018,53063014300,LATAH,WA,1.0,1.0,1.0,1.0
99019,53063013300,LIBERTY LAKE,WA,0.000943777807738978,0.0,0.0,0.0008393285371702638
99019,53063013102,LIBERTY LAKE,WA,0.00026965080221113657,0.07837837837837838,0.060109289617486336,0.008513189448441247
99019,53063013101,LIBERTY LAKE,WA,0.08183901847107995,0.051351351351351354,0.07650273224043716,0.0790167865707434
99019,53063013203,LIBERTY LAKE,WA,0.36456788458945666,0.7986486486486486,0.4098360655737705,0.4040767386091127
99019,53063013204,LIBERTY LAKE,WA,0.32088445463125254,0.02027027027027027,0.21311475409836064,0.2918465227817746
99019,53063013205,LIBERTY LAKE,WA,0.23149521369826076,0.051351351351351354,0.24043715846994534,0.2157074340527578
99020,53063013501,MARSHALL,WA,0.0,0.0,1.0,1.0
99021,53063010504,MEAD,WA,0.1797752808988764,0.08178438661710037,0.07272727272727272,0.17380025940337224
99021,53063010203,MEAD,WA,0.15750049280504633,0.03717472118959108,0.03636363636363636,0.1502686677783954
99021,53063010102,MEAD,WA,0.04021289178001183,0.040892193308550186,0.01818181818181818,0.040022234574763754
99021,53063010204,MEAD,WA,0.13266311847033313,0.01858736059479554,0.05454545454545454,0.12618121178432462
99021,53063011203,MEAD,WA,0.0,0.01858736059479554,0.0,0.0009264406151565684
99021,53063010507,MEAD,WA,0.02188054405677114,0.0,0.0,0.02056698165647582
99021,53063011202,MEAD,WA,0.46796767198896116,0.8029739776951673,0.8181818181818182,0.48823420418751157
99022,53063010403,MEDICAL LAKE,WA,0.23348650201033888,0.14,0.028169014084507043,0.22814321398834306
99022,53063010404,MEDICAL LAKE,WA,0.0011487650775416428,0.0,0.0,0.0011101859561476548
99022,53063014100,MEDICAL LAKE,WA,0.13268236645605974,0.12,0.04225352112676056,0.13072439633638636
99022,53063013900,MEDICAL LAKE,WA,0.5941987363584147,0.62,0.8309859154929577,0.5992228698306966
99022,53063010401,MEDICAL LAKE,WA,0.0376220562894888,0.12,0.09859154929577464,0.03996669442131557
99022,53063013800,MEDICAL LAKE,WA,0.0002871912693854107,0.0,0.0,0.0002775464890369137
99022,53043960400,MEDICAL LAKE,WA,0.0005743825387708214,0.0,0.0,0.0005550929780738274
99023,53063012402,MICA,WA,0.2248995983935743,0.3333333333333333,0.0,0.22440944881889763
99023,53063013300,MICA,WA,0.7751004016064257,0.6666666666666666,1.0,0.7755905511811023
99025,53063013201,NEWMAN LAKE,WA,0.36106927710843373,0.1276595744680851,0.11428571428571428,0.3500897666068223
99025,53063010101,NEWMAN LAKE,WA,0.10504518072289157,0.010638297872340425,0.3142857142857143,0.1044883303411131
99025,53063010102,NEWMAN LAKE,WA,0.5338855421686747,0.8617021276595744,0.5714285714285714,0.5454219030520646
99026,53063010404,NINE MILE FALLS,WA,0.24332472006890613,0.05421686746987952,0.13333333333333333,0.23615702479338843
99026,53063010603,NINE MILE FALLS,WA,0.006244616709732989,0.0,0.0,0.005991735537190083
99026,53063010508,NINE MILE FALLS,WA,0.1339362618432386,0.4819277108433735,0.16666666666666666,0.14607438016528926
99026,53063013700,NINE MILE FALLS,WA,0.003875968992248062,0.0,0.0,0.00371900826446281
99026,53063010601,NINE MILE FALLS,WA,0.09646856158484066,0.012048192771084338,0.03333333333333333,0.09318181818181819
99026,53065951401,NINE MILE FALLS,WA,0.16688199827734712,0.03614457831325301,0.13333333333333333,0.1621900826446281
99026,53065951402,NINE MILE FALLS,WA,0.34926787252368646,0.41566265060240964,0.5333333333333333,0.35268595041322315
99027,53063011400,OTIS ORCHARDS,WA,0.044190810652619254,0.020942408376963352,0.06896551724137931,0.043167445697003023
99027,53063013201,OTIS ORCHARDS,WA,0.8141644717588528,0.9738219895287958,0.896551724137931,0.8232059389606818
99027,53063010101,OTIS ORCHARDS,WA,0.14164471758852795,0.005235602094240838,0.034482758620689655,0.1336266153423151
99029,53063010404,REARDAN,WA,0.27123287671232876,0.0,0.008130081300813009,0.2032520325203252
99029,53043960200,REARDAN,WA,0.5205479452054794,1.0,0.975609756097561,0.6382113821138211
99029,53063010403,REARDAN,WA,0.20821917808219179,0.0,0.016260162601626018,0.15853658536585366
99030,53063013300,ROCKFORD,WA,0.2531969309462916,0.35294117647058826,0.0,0.25059665871121717
99030,53063014300,ROCKFORD,WA,0.7468030690537084,0.6470588235294118,1.0,0.7494033412887828
99031,53063014300,SPANGLE,WA,0.4026258205689278,1.0,0.9230769230769231,0.4231578947368421
99031,53063013502,SPANGLE,WA,0.0175054704595186,0.0,0.0,0.016842105263157894
99031,53063013503,SPANGLE,WA,0.006564551422319475,0.0,0.0,0.00631578947368421
99031,53063014200,SPANGLE,WA,0.5733041575492341,0.0,0.07692307692307693,0.5536842105263158
99032,53043960400,SPRAGUE,WA,0.9337539432176656,0.7,1.0,0.9226361031518625
99032,53063014200,SPRAGUE,WA,0.006309148264984227,0.1,0.0,0.011461318051575931
99032,53001950100,SPRAGUE,WA,0.05993690851735016,0.2,0.0,0.0659025787965616
99033,53063014300,TEKOA,WA,0.05019305019305019,0.0,0.01020408163265306,0.038461538461538464
99033,53075000700,TEKOA,WA,0.007722007722007722,0.0,0.0,0.005494505494505495
99033,53075000900,TEKOA,WA,0.9420849420849421,1.0,0.9897959183673469,0.9560439560439561
99034,53065951401,TUMTUM,WA,1.0,0.0,1.0,1.0
99036,53063014300,VALLEYFORD,WA,0.0779816513761468,0.0,0.0,0.07611940298507462
99036,53063013502,VALLEYFORD,WA,0.1437308868501529,0.0,0.07692307692307693,0.1417910447761194
99036,53063012402,VALLEYFORD,WA,0.0015290519877675841,0.0,0.0,0.0014925373134328358
99036,53063013300,VALLEYFORD,WA,0.7767584097859327,1.0,0.9230769230769231,0.7805970149253731
99037,53063013102,VERADALE,WA,0.0020630372492836677,0.01733102253032929,0.011904761904761904,0.0031678986272439284
99037,53063013001,VERADALE,WA,0.06418338108882521,0.006932409012131715,0.005952380952380952,0.05966209081309398
99037,53063012402,VERADALE,WA,0.07163323782234957,0.0017331022530329288,0.011904761904761904,0.06631467793030622
99037,53063013002,VERADALE,WA,0.20825214899713468,0.2634315424610052,0.5535714285714286,0.217740232312566
99037,53063012901,VERADALE,WA,0.023037249283667623,0.13518197573656845,0.1488095238095238,0.032101372756071805
99037,53063012701,VERADALE,WA,0.004126074498567335,0.005199306759098787,0.0,0.0041182682154171065
99037,53063013003,VERADALE,WA,0.18143266475644698,0.03292894280762565,0.11904761904761904,0.1712777191129884
99037,53063012902,VERADALE,WA,0.4417191977077364,0.537261698440208,0.1488095238095238,0.44234424498416053
99037,53063012702,VERADALE,WA,0.0035530085959885388,0.0,0.0,0.003273495248152059
99039,53063014300,WAVERLY,WA,0.0,0.0,1.0,1.0
99040,53065941000,WELLPINIT,WA,1.0,1.0,1.0,1.0
99101,53065950800,ADDY,WA,0.5389527458492975,0.5384615384615384,0.9230769230769231,0.5451174289245982
99101,53065950600,ADDY,WA,0.0038314176245210726,0.0,0.0,0.003708281829419036
99101,53065950900,ADDY,WA,0.3052362707535121,0.15384615384615385,0.07692307692307693,0.29913473423980225
99101,53065950200,ADDY,WA,0.15197956577266922,0.3076923076923077,0.0,0.15203955500618047
99102,53075000201,ALBION,WA,0.0,0.0,1.0,1.0
99103,53025010100,ALMIRA,WA,0.09289617486338798,0.0,0.019230769230769232,0.07627118644067797
99103,53043960300,ALMIRA,WA,0.907103825136612,1.0,0.9807692307692307,0.923728813559322
99104,53075000700,BELMONT,WA,1.0,1.0,0.0,1.0
99105,53001950200,BENGE,WA,1.0,1.0,1.0,1.0
99109,53065951302,CHEWELAH,WA,0.013642564802182811,0.0,0.0,0.012732365673542145
99109,53065950800,CHEWELAH,WA,0.36971350613915416,0.09424083769633508,0.2535211267605634,0.35421441303794243
99109,53065950700,CHEWELAH,WA,0.6125511596180082,0.9057591623036649,0.7464788732394366,0.6292335115864528
99109,53065951100,CHEWELAH,WA,0.004092769440654843,0.0,0.0,0.0038197097020626434
99110,53063010303,CLAYTON,WA,0.007112375533428165,0.0,0.0,0.0066050198150594455
99110,53065951100,CLAYTON,WA,0.002844950213371266,0.02702702702702703,0.0,0.003963011889035667
99110,53065951302,CLAYTON,WA,0.044096728307254626,0.0,0.0,0.04095112285336856
99110,53063010304,CLAYTON,WA,0.1507823613086771,0.02702702702702703,0.11764705882352941,0.14398943196829592
99110,53065951301,CLAYTON,WA,0.7951635846372689,0.9459459459459459,0.8823529411764706,0.8044914134742405
99111,53075000300,COLFAX,WA,0.00626808100289296,0.0,0.0,0.005162827640984908
99111,53075000900,COLFAX,WA,0.0028929604628736743,0.0035714285714285713,0.0,0.0027799841143764893
99111,53075000201,COLFAX,WA,0.0009643201542912247,0.0,0.0,0.0007942811755361397
99111,53075001000,COLFAX,WA,0.04243008678881389,0.05357142857142857,0.0,0.0409054805401112
99111,53075000800,COLFAX,WA,0.860655737704918,0.9285714285714286,0.9817073170731707,0.8760921366163622
99111,53075000700,COLFAX,WA,0.08678881388621022,0.014285714285714285,0.018292682926829267,0.07426528991262907
99113,53075001000,COLTON,WA,0.9247311827956989,1.0,0.975609756097561,0.9368131868131868
99113,53075000400,COLTON,WA,0.06810035842293907,0.0,0.012195121951219513,0.054945054945054944
99113,53075000300,COLTON,WA,0.007168458781362007,0.0,0.012195121951219513,0.008241758241758242
99114,53065950101,COLVILLE,WA,0.08642323417453827,0.009478672985781991,0.012903225806451613,0.07752613240418119
99114,53065950500,COLVILLE,WA,0.1680530100098689,0.21642969984202212,0.25161290322580643,0.1750871080139373
99114,53065950300,COLVILLE,WA,0.2646270971380234,0.6571879936808847,0.4935483870967742,0.3043802887008462
99114,53065950600,COLVILLE,WA,0.19385309460031017,0.06477093206951026,0.1,0.1800647088103534
99114,53065950200,COLVILLE,WA,0.26660087410122657,0.05055292259083728,0.13548387096774195,0.24452463912394226
99114,53065950102,COLVILLE,WA,0.011701677710418723,0.001579778830963665,0.0064516129032258064,0.010701841712294675
99114,53065950900,COLVILLE,WA,0.0021147610320033836,0.0,0.0,0.0018666002986560478
99114,53065950800,COLVILLE,WA,0.006626251233610602,0.0,0.0,0.00584868093578895
99115,53017950102,COULEE CITY,WA,0.008368200836820083,0.0,0.0,0.005148005148005148
99115,53025010100,COULEE CITY,WA,0.7656903765690377,0.39285714285714285,0.992619926199262,0.8314028314028314
99115,53025011200,COULEE CITY,WA,0.0020920502092050207,0.0,0.0,0.001287001287001287
99115,53025011002,COULEE CITY,WA,0.0041841004184100415,0.0,0.0,0.002574002574002574
99115,53017950200,COULEE CITY,WA,0.2196652719665272,0.6071428571428571,0.007380073800738007,0.15958815958815958
99116,53017950102,COULEE DAM,WA,0.13793103448275862,0.19148936170212766,0.16666666666666666,0.14191852825229961
99116,53047940100,COULEE DAM,WA,0.8620689655172413,0.7021276595744681,0.8333333333333334,0.8515111695137977
99116,53025010100,COULEE DAM,WA,0.0,0.10638297872340426,0.0,0.006570302233902759
99117,53043960300,CRESTON,WA,0.963855421686747,1.0,1.0,0.96875
99117,53043960200,CRESTON,WA,0.03614457831325301,0.0,0.0,0.03125
99118,53019970100,CURLEW,WA,1.0,1.0,1.0,1.0
99119,53051970200,CUSICK,WA,0.7667731629392971,0.9411764705882353,0.9761904761904762,0.7812807881773399
99119,53051970100,CUSICK,WA,0.23322683706070288,0.058823529411764705,0.023809523809523808,0.2187192118226601
99121,53019970100,DANVILLE,WA,1.0,1.0,1.0,1.0
99122,53043960400,DAVENPORT,WA,0.022304832713754646,0.01818181818181818,0.0,0.021825396825396824
99122,53043960200,DAVENPORT,WA,0.6666666666666666,0.32727272727272727,0.3409090909090909,0.6535714285714286
99122,53043960100,DAVENPORT,WA,0.3002891367203635,0.6545454545454545,0.6363636363636364,0.3138888888888889
99122,53065941000,DAVENPORT,WA,0.00784799669558034,0.0,0.022727272727272728,0.007936507936507936
99122,53043960300,DAVENPORT,WA,0.0028913672036348617,0.0,0.0,0.002777777777777778
99123,53025010100,ELECTRIC CITY,WA,1.0,1.0,1.0,1.0
99124,53047940100,ELMER CITY,WA,0.0,0.0,1.0,1.0
99125,53075001000,ENDICOTT,WA,0.009259259259259259,0.0,0.0,0.007326007326007326
99125,53075000900,ENDICOTT,WA,0.9537037037037037,1.0,1.0,0.9633699633699634
99125,53001950200,ENDICOTT,WA,0.037037037037037035,0.0,0.0,0.029304029304029304
99126,53065950200,EVANS,WA,0.1875,0.0,0.0,0.18564356435643564
99126,53065950101,EVANS,WA,0.8125,1.0,1.0,0.8143564356435643
99128,53075000900,FARMINGTON,WA,0.1111111111111111,0.0,0.0,0.1044776119402985
99128,53075000700,FARMINGTON,WA,0.8888888888888888,1.0,1.0,0.8955223880597015
99129,53065941000,FRUITLAND,WA,0.4344086021505376,0.7272727272727273,0.0,0.44025157232704404
99129,53065950900,FRUITLAND,WA,0.5655913978494623,0.2727272727272727,1.0,0.559748427672956
99130,53075000700,GARFIELD,WA,1.0,1.0,1.0,1.0
99131,53065950900,GIFFORD,WA,1.0,1.0,1.0,1.0
99133,53017950102,GRAND COULEE,WA,0.06590621039290241,0.0,0.0,0.06153846153846154
99133,53025010100,GRAND COULEE,WA,0.6717363751584284,0.8846153846153846,0.7333333333333333,0.6804733727810651
99133,53025010800,GRAND COULEE,WA,0.0025348542458808617,0.0,0.0,0.002366863905325444
99133,53043960300,GRAND COULEE,WA,0.2598225602027883,0.11538461538461539,0.26666666666666666,0.2556213017751479
99134,53043960400,HARRINGTON,WA,1.0,1.0,1.0,1.0
99135,53025010100,HARTLINE,WA,1.0,0.0,1.0,1.0
99136,53075001000,HAY,WA,1.0,1.0,0.0,1.0
99137,53065950900,HUNTERS,WA,1.0,1.0,1.0,1.0
99138,53019940000,INCHELIUM,WA,1.0,1.0,1.0,1.0
99139,53051970100,IONE,WA,1.0,1.0,1.0,1.0
99140,53019940000,KELLER,WA,1.0,0.0,1.0,1.0
99141,53065950101,KETTLE FALLS,WA,0.3527397260273973,0.6304347826086957,0.6494845360824743,0.3687150837988827
99141,53019970100,KETTLE FALLS,WA,0.22415940224159403,0.18478260869565216,0.17525773195876287,0.2216995001470156
99141,53065950102,KETTLE FALLS,WA,0.42310087173100874,0.18478260869565216,0.17525773195876287,0.40958541605410176
99143,53013960200,LACROSSE,WA,0.03626943005181347,0.0,0.0,0.01569506726457399
99143,53075000900,LACROSSE,WA,0.015544041450777202,0.0,0.0,0.006726457399103139
99143,53075001000,LACROSSE,WA,0.9481865284974094,1.0,1.0,0.9775784753363229
99144,53043960400,LAMONA,WA,1.0,1.0,1.0,1.0
99146,53019970100,LAURIER,WA,0.0,0.0,1.0,1.0
99147,53043960300,LINCOLN,WA,1.0,1.0,1.0,1.0
99148,53065951301,LOON LAKE,WA,0.30849114233353697,0.05128205128205128,0.17307692307692307,0.2986111111111111
99148,53065951100,LOON LAKE,WA,0.16615760537568725,0.5897435897435898,0.1346153846153846,0.17476851851851852
99148,53065951302,LOON LAKE,WA,0.5253512522907758,0.358974358974359,0.6923076923076923,0.5266203703703703
99149,53075000900,MALDEN,WA,1.0,0.0,1.0,1.0
99150,53019970200,MALO,WA,0.13829787234042554,0.0,0.21666666666666667,0.16666666666666666
99150,53019970100,MALO,WA,0.8617021276595744,1.0,0.7833333333333333,0.8333333333333334
99151,53065950101,MARCUS,WA,0.0,0.0,1.0,1.0
99152,53051970100,METALINE,WA,0.0,0.0,1.0,1.0
99153,53051970100,METALINE FALLS,WA,1.0,1.0,1.0,1.0
99154,53043960400,MOHLER,WA,1.0,1.0,1.0,1.0
99155,53047940100,NESPELEM,WA,0.0,0.0,1.0,1.0
99156,53051970200,NEWPORT,WA,0.10666387259010897,0.01,0.07547169811320754,0.10220559275305238
99156,53051970300,NEWPORT,WA,0.33005029337803854,0.835,0.5094339622641509,0.35368255218589995
99156,53051970500,NEWPORT,WA,0.31244761106454316,0.105,0.3018867924528302,0.30405671524222133
99156,53063010102,NEWPORT,WA,0.01550712489522213,0.0,0.009433962264150943,0.014769594328475778
99156,53051970400,NEWPORT,WA,0.23533109807208719,0.05,0.10377358490566038,0.22528554549035054
99157,53065950102,NORTHPORT,WA,0.10296296296296296,0.02127659574468085,0.05504587155963303,0.09694555112881806
99157,53065950101,NORTHPORT,WA,0.8970370370370371,0.9787234042553191,0.944954128440367,0.9030544488711819
99158,53075000900,OAKESDALE,WA,0.09743589743589744,0.0,0.125,0.09174311926605505
99158,53075000700,OAKESDALE,WA,0.9025641025641026,1.0,0.875,0.908256880733945
99159,53043960300,ODESSA,WA,0.016891891891891893,0.0,0.002898550724637681,0.009104704097116844
99159,53001950200,ODESSA,WA,0.016891891891891893,0.0,0.002898550724637681,0.009104704097116844
99159,53001950100,ODESSA,WA,0.08783783783783784,0.0,0.002898550724637681,0.0409711684370258
99159,53043960400,ODESSA,WA,0.8783783783783784,1.0,0.991304347826087,0.9408194233687405
99160,53019970100,ORIENT,WA,0.9375,1.0,1.0,0.9493670886075949
99160,53065950102,ORIENT,WA,0.0625,0.0,0.0,0.05063291139240506
99161,53075000700,PALOUSE,WA,0.9984447900466563,1.0,1.0,0.9985795454545454
99161,53075000201,PALOUSE,WA,0.0015552099533437014,0.0,0.0,0.0014204545454545455
99163,53075000201,PULLMAN,WA,0.1348469418319056,0.022170361726954493,0.20218579234972678,0.13495319238455875
99163,53075000300,PULLMAN,WA,0.17186844785239322,0.10968494749124855,0.11748633879781421,0.1648785105711581
99163,53075000602,PULLMAN,WA,0.20236027077217997,0.15519253208868145,0.06898907103825136,0.1899652887346166
99163,53075000100,PULLMAN,WA,0.09255376505121908,0.12252042007001167,0.22950819672131148,0.10444935310823604
99163,53075000500,PULLMAN,WA,0.018510753010243814,0.0011668611435239206,0.006147540983606557,0.01677711160197749
99163,53075000700,PULLMAN,WA,0.0025160246810040135,0.0,0.03210382513661202,0.004680761544125381
99163,53075000400,PULLMAN,WA,0.15527466602767628,0.43757292882147025,0.1646174863387978,0.16871778689386768
99163,53075000202,PULLMAN,WA,0.07116755526268496,0.09568261376896149,0.08538251366120218,0.07336699274218997
99163,53075000601,PULLMAN,WA,0.1495836578206434,0.05367561260210035,0.0935792349726776,0.1409487745871463
99163,53075001000,PULLMAN,WA,0.0013179176900497214,0.002333722287047841,0.0,0.0012622278321236984
99164,53075000500,PULLMAN,WA,0.0,1.0,0.0,1.0
99166,53019970100,REPUBLIC,WA,0.02530044275774826,0.011764705882352941,0.020512820512820513,0.02418054809242343
99166,53047970303,REPUBLIC,WA,0.010120177103099304,0.0,0.0,0.008597528210639442
99166,53019970200,REPUBLIC,WA,0.948134092346616,0.9882352941176471,0.9794871794871794,0.9532509403546481
99166,53019940000,REPUBLIC,WA,0.01644528779253637,0.0,0.0,0.013970983342289092
99167,53065950900,RICE,WA,0.5212121212121212,0.4444444444444444,0.75,0.5234375
99167,53065950102,RICE,WA,0.47878787878787876,0.5555555555555556,0.25,0.4765625
99169,53043960400,RITZVILLE,WA,0.015612161051766639,0.0,0.0,0.012794612794612794
99169,53001950100,RITZVILLE,WA,0.9211175020542317,1.0,0.9782608695652174,0.934006734006734
99169,53001950200,RITZVILLE,WA,0.06327033689400165,0.0,0.021739130434782608,0.0531986531986532
99170,53075000900,ROSALIA,WA,0.75,0.9333333333333333,1.0,0.7783505154639175
99170,53063014200,ROSALIA,WA,0.016,0.0,0.0,0.013745704467353952
99170,53063014300,ROSALIA,WA,0.228,0.06666666666666667,0.0,0.2027491408934708
99170,53075000700,ROSALIA,WA,0.006,0.0,0.0,0.005154639175257732
99171,53075000700,SAINT JOHN,WA,0.003745318352059925,0.0,0.0,0.0034129692832764505
99171,53075000900,SAINT JOHN,WA,0.9962546816479401,1.0,1.0,0.9965870307167235
99173,53065951401,SPRINGDALE,WA,0.026637069922308545,0.0,0.0,0.024896265560165973
99173,53065951301,SPRINGDALE,WA,0.1309655937846837,0.0,0.15254237288135594,0.13174273858921162
99173,53065951100,SPRINGDALE,WA,0.8312985571587126,1.0,0.847457627118644,0.83298755186722
99173,53065941000,SPRINGDALE,WA,0.011098779134295227,0.0,0.0,0.01037344398340249
99174,53075000700,STEPTOE,WA,0.0,0.0,1.0,1.0
99176,53075000900,THORNTON,WA,0.23469387755102042,0.16666666666666666,0.3333333333333333,0.23636363636363636
99176,53075000700,THORNTON,WA,0.7653061224489796,0.8333333333333334,0.6666666666666666,0.7636363636363637
99179,53075001000,UNIONTOWN,WA,1.0,0.0,1.0,1.0
99180,53051970200,USK,WA,0.9059474412171508,1.0,1.0,0.9138149556400507
99180,53051970400,USK,WA,0.09405255878284924,0.0,0.0,0.08618504435994931
99181,53065951302,VALLEY,WA,0.059964726631393295,0.07142857142857142,0.08695652173913043,0.06063193851409052
99181,53065951100,VALLEY,WA,0.9400352733686067,0.9285714285714286,0.9130434782608695,0.9393680614859095
99185,53043960300,WILBUR,WA,1.0,1.0,1.0,1.0
99201,53063004002,SPOKANE,WA,0.0,0.00034423407917383823,0.0,7.132667617689016e-05
99201,53063003500,SPOKANE,WA,0.2926095079925265,0.6437177280550774,0.30452397029034434,0.3666191155492154
99201,53063003602,SPOKANE,WA,0.20801328627776625,0.043029259896729774,0.2937204591492235,0.18288159771754636
99201,53063003601,SPOKANE,WA,0.050134938758563424,0.004130808950086058,0.03848750844024308,0.03937232524964337
99201,53063002400,SPOKANE,WA,0.12985260535603071,0.25301204819277107,0.18163403106009454,0.16084165477888732
99201,53063002100,SPOKANE,WA,0.006746937928171061,0.004130808950086058,0.0054017555705604325,0.006062767475035664
99201,53063002300,SPOKANE,WA,0.27133070375752544,0.03820998278829604,0.12491559756920999,0.20756062767475036
99201,53063002000,SPOKANE,WA,0.041312019929416646,0.01342512908777969,0.05131667792032411,0.03659058487874465
99202,53063012200,SPOKANE,WA,0.0,0.006746987951807229,0.0024752475247524753,0.0012921983524471006
99202,53063003000,SPOKANE,WA,0.10769554689967364,0.01253012048192771,0.027227722772277228,0.0864965272169278
99202,53063002400,SPOKANE,WA,0.0,0.01253012048192771,0.008663366336633664,0.002665159101922145
99202,53063004601,SPOKANE,WA,0.05379513633014001,0.0009638554216867469,0.0024752475247524753,0.04159263446939105
99202,53063002502,SPOKANE,WA,0.06284872091799137,0.029397590361445784,0.04950495049504951,0.05637215312550477
99202,53063001800,SPOKANE,WA,0.0,0.00048192771084337347,0.0,8.076239702794379e-05
99202,53063002900,SPOKANE,WA,0.10780082113906728,0.008674698795180723,0.0024752475247524753,0.08431594249717332
99202,53063014500,SPOKANE,WA,0.15549005158437731,0.7508433734939759,0.3069306930693069,0.2651429494427395
99202,53063004100,SPOKANE,WA,0.02558164017264975,0.017349397590361446,0.024752475247524754,0.02414795671135519
99202,53063003200,SPOKANE,WA,0.06674386777555533,0.04048192771084337,0.11386138613861387,0.06541754159263446
99202,53063002503,SPOKANE,WA,0.031055900621118012,0.04530120481927711,0.050742574257425746,0.03472783072201583
99202,53063012300,SPOKANE,WA,0.012948731445415307,0.0014457831325301205,0.019801980198019802,0.011468260377968019
99202,53063002501,SPOKANE,WA,0.03853037161806506,0.015903614457831325,0.06930693069306931,0.03674689064771442
99202,53063002600,SPOKANE,WA,0.1162227602905569,0.021204819277108433,0.11757425742574257,0.10038765950573413
99202,53063003100,SPOKANE,WA,0.21739130434782608,0.030361445783132532,0.19801980198019803,0.1847843643999354
99202,53063003500,SPOKANE,WA,0.0038951468575639542,0.005783132530120482,0.006188118811881188,0.004361169439508965
99203,53063004601,SPOKANE,WA,0.040537868301364445,0.0,0.48253968253968255,0.051806784660766964
99203,53063004001,SPOKANE,WA,0.0253114494759739,0.00954653937947494,0.025396825396825397,0.024705014749262538
99203,53063004200,SPOKANE,WA,0.2064465097884121,0.0405727923627685,0.044444444444444446,0.19533554572271386
99203,53063004300,SPOKANE,WA,0.1900336167688353,0.6276849642004774,0.06666666666666667,0.20335545722713863
99203,53063004900,SPOKANE,WA,0.004053786830136444,0.002386634844868735,0.0,0.0038716814159292035
99203,53063004400,SPOKANE,WA,0.2192999802254301,0.10739856801909307,0.08253968253968254,0.21100663716814158
99203,53063003900,SPOKANE,WA,0.00029661854854656913,0.0,0.0,0.0002765486725663717
99203,53063003100,SPOKANE,WA,0.036286335772196955,0.002386634844868735,0.012698412698412698,0.034292035398230086
99203,53063004702,SPOKANE,WA,0.06930986751038165,0.10739856801909307,0.047619047619047616,0.07015117994100295
99203,53063004002,SPOKANE,WA,0.0038560411311053984,0.0,0.0,0.003595132743362832
99203,53063004500,SPOKANE,WA,0.1609649990112715,0.0477326968973747,0.10476190476190476,0.1549594395280236
99203,53063004100,SPOKANE,WA,0.04360292663634566,0.05489260143198091,0.13333333333333333,0.046644542772861355
99204,53063004001,SPOKANE,WA,0.27376259307928164,0.16306483300589392,0.2719406674907293,0.2639360978925901
99204,53063003200,SPOKANE,WA,0.318221638195357,0.7524557956777996,0.27812113720642767,0.35027192386131883
99204,53063004002,SPOKANE,WA,0.31252737625930793,0.0825147347740668,0.3992583436341162,0.30455472467709044
99204,53063004100,SPOKANE,WA,0.09548839246605344,0.0019646365422396855,0.05067985166872682,0.08123725356900068
99205,53063000700,SPOKANE,WA,0.11542293775237296,0.02832244008714597,0.006276150627615063,0.10896652821891034
99205,53063000500,SPOKANE,WA,0.0803398185536735,0.09803921568627451,0.060669456066945605,0.08067432201319326
99205,53063002000,SPOKANE,WA,0.0817032880591536,0.16993464052287582,0.1694560669456067,0.0877107256291229
99205,53063001200,SPOKANE,WA,0.05432901567989931,0.08061002178649238,0.03765690376569038,0.055118494991448816
99205,53063011000,SPOKANE,WA,0.0,0.017429193899782137,0.006276150627615063,0.0009284143659907158
99205,53063000600,SPOKANE,WA,0.06780638733022183,0.05773420479302832,0.02510460251046025,0.06635719521133643
99205,53063001100,SPOKANE,WA,0.07771776181236562,0.0718954248366013,0.04602510460251046,0.07671634497923284
99205,53063000800,SPOKANE,WA,0.004142849651266454,0.03376906318082789,0.006276150627615063,0.005521622281944784
99205,53063001300,SPOKANE,WA,0.08894016466516336,0.10348583877995643,0.09205020920502092,0.08966528218910334
99205,53063001900,SPOKANE,WA,0.08941213487859877,0.12091503267973856,0.23640167364016737,0.09425849010505742
99205,53063002100,SPOKANE,WA,0.05474854475850857,0.0784313725490196,0.06903765690376569,0.05614463718543855
99205,53063010601,SPOKANE,WA,0.0,0.0010893246187363835,0.0,4.886391399951136e-05
99205,53063000900,SPOKANE,WA,0.1341968640201374,0.029411764705882353,0.03347280334728033,0.12714390422672855
99205,53063002400,SPOKANE,WA,0.0230216581886832,0.08061002178649238,0.15271966527196654,0.028634253603713657
99205,53063001000,SPOKANE,WA,0.12821857464995542,0.02832244008714597,0.058577405857740586,0.12211092108477889
99206,53063012401,SPOKANE,WA,0.08350384338881822,0.03139269406392694,0.026785714285714284,0.07691934623405597
99206,53063012000,SPOKANE,WA,0.10523696289332522,0.1552511415525114,0.15178571428571427,0.11125660798292837
99206,53063012500,SPOKANE,WA,0.09213073052037826,0.0776255707762557,0.11224489795918367,0.09166302924487124
99206,53063011600,SPOKANE,WA,0.018470386550904164,0.02226027397260274,0.006377551020408163,0.018332605848974247
99206,53063012701,SPOKANE,WA,0.007465575402311564,0.01769406392694064,0.015306122448979591,0.00863281439449052
99206,53063011800,SPOKANE,WA,0.005695957529171044,0.03595890410958904,0.02040816326530612,0.008826810223580193
99206,53063011701,SPOKANE,WA,0.019133993253331857,0.12728310502283105,0.09311224489795919,0.03113633056889277
99206,53063011301,SPOKANE,WA,0.040424708289553725,0.00228310502283105,0.0,0.0356467335952277
99206,53063012802,SPOKANE,WA,0.07343914173533153,0.005707762557077625,0.02040816326530612,0.06566758814685485
99206,53063011900,SPOKANE,WA,0.1271912846319748,0.1735159817351598,0.19770408163265307,0.13380862311460304
99206,53063013300,SPOKANE,WA,0.0017696178731405187,0.0,0.0,0.0015519666327173966
99206,53063012402,SPOKANE,WA,0.1501410164242659,0.01769406392694064,0.015306122448979591,0.13376012415733063
99206,53063012600,SPOKANE,WA,0.10407565116407676,0.09075342465753425,0.12627551020408162,0.10378776856297589
99206,53063011702,SPOKANE,WA,0.1280207930100094,0.23687214611872145,0.18622448979591838,0.139483001115476
99206,53063011400,SPOKANE,WA,0.0009401094951059006,0.0,0.0,0.000824482273631117
99206,53063012801,SPOKANE,WA,0.042360227838301165,0.005707762557077625,0.02806122448979592,0.038702167903390074
99207,53063002501,SPOKANE,WA,0.07323741007194244,0.10917361637604246,0.22342064714946072,0.08236702798084194
99207,53063001500,SPOKANE,WA,0.16863309352517986,0.045489006823351025,0.07087827426810478,0.1543987900176456
99207,53063001600,SPOKANE,WA,0.14223021582733814,0.19029567854435178,0.08936825885978428,0.14406352407360726
99207,53063001400,SPOKANE,WA,0.20215827338129497,0.1197877179681577,0.10477657935285054,0.1913284597932947
99207,53063000400,SPOKANE,WA,0.06985611510791367,0.2714177407126611,0.04314329738058552,0.08551802369548778
99207,53063000202,SPOKANE,WA,0.007194244604316547,0.003032600454890068,0.0030816640986132513,0.006680110915049156
99207,53063002400,SPOKANE,WA,0.0,0.011372251705837756,0.0030816640986132513,0.0010713385429795815
99207,53063001300,SPOKANE,WA,7.194244604316547e-05,0.07354056103108415,0.02157164869029276,0.007058230400806655
99207,53063000301,SPOKANE,WA,0.04107913669064748,0.006065200909780136,0.030816640986132512,0.03774892866145702
99207,53063001900,SPOKANE,WA,7.194244604316547e-05,0.026535253980288095,0.012326656394453005,0.0027728762288883285
99207,53063000500,SPOKANE,WA,0.0,0.015163002274450341,0.0061633281972265025,0.0015124779430299975
99207,53063000201,SPOKANE,WA,0.007266187050359712,0.00530705079605762,0.0,0.006806150743634989
99207,53063014400,SPOKANE,WA,0.0,0.0,0.0015408320493066256,6.301991429291656e-05
99207,53063001800,SPOKANE,WA,0.1079136690647482,0.09401061410159212,0.1386748844375963,0.10801613309805899
99207,53063002502,SPOKANE,WA,0.04381294964028777,0.019711902956785442,0.060092449922958396,0.042475422233425764
99207,53063002600,SPOKANE,WA,0.09194244604316547,0.004548900682335102,0.18952234206471494,0.0886690194101336
99207,53063000302,SPOKANE,WA,0.044532374100719425,0.004548900682335102,0.0015408320493066256,0.039450466347365765
99208,53063011204,SPOKANE,WA,0.02708984226167797,0.03650586701434159,0.038461538461538464,0.02760791692296559
99208,53063000201,SPOKANE,WA,0.03238588737331403,0.03259452411994785,0.06570512820512821,0.03314397365850128
99208,53063011103,SPOKANE,WA,0.060390154690238514,0.10821382007822686,0.06570512820512821,0.06183739190216015
99208,53063010505,SPOKANE,WA,0.00015240417587441895,0.002607561929595828,0.0016025641025641025,0.00025328364149509715
99208,53063010303,SPOKANE,WA,0.008001219233406996,0.0,0.0,0.007598509244852915
99208,53063000800,SPOKANE,WA,0.07905966623485483,0.024771838331160364,0.04807692307692308,0.07685349350508376
99208,53063010901,SPOKANE,WA,0.01714546978587213,0.12385919165580182,0.049679487179487176,0.02084162535731085
99208,53063010508,SPOKANE,WA,0.042177855673245446,0.007822685788787484,0.020833333333333332,0.0407424829033542
99208,53063010701,SPOKANE,WA,0.06900099062714318,0.018252933507170794,0.016025641025641024,0.06639649744907189
99208,53063011000,SPOKANE,WA,0.06237140897660596,0.11994784876140809,0.10737179487179487,0.06498534573217064
99208,53063010902,SPOKANE,WA,0.008496532804998857,0.003911342894393742,0.0,0.008177443282555994
99208,53063000302,SPOKANE,WA,0.018783814676522136,0.03650586701434159,0.0,0.018851539602706517
99208,53063010702,SPOKANE,WA,0.05791358683227921,0.010430247718383311,0.008012820512820512,0.05546911748742628
99208,53063011102,SPOKANE,WA,0.06473367370265945,0.10560625814863103,0.10416666666666667,0.06675833122263632
99208,53063000301,SPOKANE,WA,0.02194620132591633,0.02216427640156454,0.00641025641025641,0.021601476281796143
99208,53063011203,SPOKANE,WA,0.03250019050521984,0.024771838331160364,0.014423076923076924,0.0318775554510258
99208,53063011104,SPOKANE,WA,0.05772308161243618,0.020860495436766623,0.20192307692307693,0.05995585627962514
99208,53063010504,SPOKANE,WA,0.0036195991770174504,0.001303780964797914,0.0,0.0034736042262184753
99208,53063010603,SPOKANE,WA,0.08161243618075135,0.04041720990873533,0.017628205128205128,0.07902449614647031
99208,53063010507,SPOKANE,WA,0.08100281947725367,0.009126466753585397,0.017628205128205128,0.07757716105221261
99208,53063010601,SPOKANE,WA,0.03844395336432218,0.005215123859191656,0.003205128205128205,0.03672612801678909
99208,53063000500,SPOKANE,WA,0.00072391983540349,0.02346805736636245,0.02403846153846154,0.0018815356225350074
99208,53063010604,SPOKANE,WA,0.06835327287967691,0.01955671447196871,0.020833333333333332,0.06592611354343815
99208,53063000400,SPOKANE,WA,0.03512916253905357,0.1981747066492829,0.15224358974358973,0.04229836812968123
99208,53063010506,SPOKANE,WA,0.031242856054255887,0.003911342894393742,0.016025641025641024,0.030140753337916562
99209,53063001100,SPOKANE,WA,1.0,1.0,1.0,1.0
99210,53063003500,SPOKANE,WA,1.0,1.0,1.0,1.0
99211,53063012200,SPOKANE,WA,1.0,1.0,1.0,1.0
99212,53063012401,SPOKANE,WA,0.059882583170254404,0.030737704918032786,0.02702702702702703,0.055161609498680736
99212,53063011500,SPOKANE,WA,0.06174168297455969,0.010245901639344262,0.009009009009009009,0.05359498680738786
99212,53063011302,SPOKANE,WA,0.05313111545988258,0.0,0.0022522522522522522,0.044854881266490766
99212,53063011301,SPOKANE,WA,0.10410958904109589,0.006147540983606557,0.07657657657657657,0.0912763852242744
99212,53063011600,SPOKANE,WA,0.051467710371819964,0.07103825136612021,0.0518018018018018,0.05384234828496042
99212,53063012100,SPOKANE,WA,0.12201565557729942,0.16393442622950818,0.13288288288288289,0.12747361477572558
99212,53063012300,SPOKANE,WA,0.30978473581213306,0.13319672131147542,0.4009009009009009,0.2918040897097625
99212,53063012000,SPOKANE,WA,0.0007827788649706458,0.08333333333333333,0.05630630630630631,0.012780343007915567
99212,53063011701,SPOKANE,WA,0.08639921722113503,0.03210382513661202,0.05630630630630631,0.0787434036939314
99212,53063012200,SPOKANE,WA,0.10499021526418786,0.4685792349726776,0.18468468468468469,0.15179749340369394
99212,53063013401,SPOKANE,WA,0.04569471624266145,0.0006830601092896175,0.0022522522522522522,0.03867084432717678
99213,53063012100,SPOKANE,WA,1.0,1.0,1.0,1.0
99214,53063012600,SPOKANE,WA,1.0,1.0,1.0,1.0
99216,53063011800,SPOKANE,WA,0.1972133647580757,0.1739413680781759,0.3003048780487805,0.1991334175844015
99216,53063012402,SPOKANE,WA,0.005337584916123666,0.006514657980456026,0.004573170731707317,0.005416140097490522
99216,53063012702,SPOKANE,WA,0.05871343407736032,0.0026058631921824105,0.004573170731707317,0.051393151591743395
99216,53063012701,SPOKANE,WA,0.13690558713434078,0.06970684039087947,0.0975609756097561,0.12914485165794065
99216,53063012801,SPOKANE,WA,0.06176348260085956,0.007817589576547232,0.11280487804878049,0.058795209724980445
99216,53063011400,SPOKANE,WA,0.17135727159295716,0.352442996742671,0.1722560975609756,0.1881205993861708
99216,53063013101,SPOKANE,WA,0.07209205600998198,0.06319218241042346,0.041158536585365856,0.07004874526087741
99216,53063012901,SPOKANE,WA,0.08526272008872869,0.08664495114006515,0.053353658536585365,0.08413070951435277
99216,53063012902,SPOKANE,WA,0.03452100374324137,0.026058631921824105,0.041158536585365856,0.03400132394535717
99216,53063010101,SPOKANE,WA,0.015250242617496187,0.0026058631921824105,0.001524390243902439,0.013540350243726304
99216,53063011702,SPOKANE,WA,0.1615832524608346,0.20846905537459284,0.17073170731707318,0.166275500992959
99217,53063011400,SPOKANE,WA,0.008519583978756361,0.0,0.0,0.0076162215628091
99217,53063011202,SPOKANE,WA,0.07667625580880726,0.08235294117647059,0.006514657980456026,0.07497527200791296
99217,53063011302,SPOKANE,WA,0.19041823412259348,0.009150326797385621,0.026058631921824105,0.17171117705242334
99217,53063000201,SPOKANE,WA,0.04138083646824519,0.011764705882352941,0.05863192182410423,0.03966369930761622
99217,53063014400,SPOKANE,WA,0.2805930515600797,0.4261437908496732,0.12052117263843648,0.2867457962413452
99217,53063000202,SPOKANE,WA,0.07745076344323966,0.09673202614379085,0.250814332247557,0.08417408506429278
99217,53063011204,SPOKANE,WA,0.05930515600796636,0.19084967320261437,0.0781758957654723,0.0698318496538081
99217,53063011301,SPOKANE,WA,0.007523788448771852,0.00261437908496732,0.0,0.006923837784371909
99217,53063010102,SPOKANE,WA,0.010732462934277496,0.0,0.0,0.009594460929772503
99217,53063001600,SPOKANE,WA,0.006196061075459172,0.0196078431372549,0.02280130293159609,0.00771513353115727
99217,53063010101,SPOKANE,WA,0.039499889356052226,0.0,0.006514657980456026,0.035509396636993075
99217,53063011203,SPOKANE,WA,0.164084974551892,0.14640522875816994,0.4234527687296417,0.17062314540059348
99217,53063001800,SPOKANE,WA,0.0002212878955521133,0.0,0.0,0.00019782393669634025
99217,53063010204,SPOKANE,WA,0.03739765434830715,0.00522875816993464,0.006514657980456026,0.03402571711177053
99217,53063014500,SPOKANE,WA,0.0,0.009150326797385621,0.0,0.0006923837784371909
99218,53063010508,SPOKANE,WA,0.0345797019960641,0.0,0.0,0.029764065335753175
99218,53063011203,SPOKANE,WA,0.043154343547933655,0.10820895522388059,0.10662824207492795,0.052147610405323654
99218,53063010507,SPOKANE,WA,0.010823727860556649,0.03109452736318408,0.05763688760806916,0.014761040532365396
99218,53063010702,SPOKANE,WA,0.000281135788585887,0.0,0.0,0.00024198427102238354
99218,53063010505,SPOKANE,WA,0.2721394433511386,0.06218905472636816,0.08357348703170028,0.24379915305505143
99218,53063010902,SPOKANE,WA,0.08827663761596852,0.011194029850746268,0.0,0.07707199032062916
99218,53063010506,SPOKANE,WA,0.23840314872083215,0.19154228855721392,0.1844380403458213,0.23157894736842105
99218,53063010901,SPOKANE,WA,0.051869552994096145,0.1256218905472637,0.06340057636887608,0.05952813067150635
99218,53063010800,SPOKANE,WA,0.1768344110205229,0.18159203980099503,0.2881844380403458,0.18197217180883243
99218,53063011102,SPOKANE,WA,0.08363789710430138,0.2885572139303483,0.21613832853025935,0.10913490623109498
99219,53063013700,SPOKANE,WA,1.0,1.0,1.0,1.0
99220,53063014500,SPOKANE,WA,1.0,1.0,1.0,1.0
99223,53063004602,SPOKANE,WA,0.07897196261682243,0.017241379310344827,0.005291005291005291,0.07489590181897875
99223,53063005000,SPOKANE,WA,0.19182242990654205,0.17374005305039789,0.14814814814814814,0.19017094017094016
99223,53063004800,SPOKANE,WA,0.11968457943925234,0.022546419098143235,0.047619047619047616,0.11417926802542187
99223,53063004702,SPOKANE,WA,0.08563084112149533,0.1286472148541114,0.30158730158730157,0.09188034188034189
99223,53063004500,SPOKANE,WA,0.0015186915887850467,0.027851458885941646,0.018518518518518517,0.0029585798816568047
99223,53063004701,SPOKANE,WA,0.08014018691588785,0.050397877984084884,0.13227513227513227,0.07999123383738768
99223,53063004900,SPOKANE,WA,0.19030373831775702,0.4323607427055703,0.08994708994708994,0.19822485207100593
99223,53063002900,SPOKANE,WA,0.015712616822429908,0.001326259946949602,0.0,0.014792899408284023
99223,53063004601,SPOKANE,WA,0.07026869158878504,0.1286472148541114,0.2037037037037037,0.07544378698224852
99223,53063013300,SPOKANE,WA,0.004030373831775701,0.0,0.0,0.003780407626561473
99223,53063013502,SPOKANE,WA,0.03323598130841122,0.003978779840848806,0.021164021164021163,0.03177733946964716
99223,53063013401,SPOKANE,WA,0.11676401869158878,0.011936339522546418,0.031746031746031744,0.11067280298049528
99223,53063003900,SPOKANE,WA,0.01191588785046729,0.001326259946949602,0.0,0.011231645847030462
99224,53063014100,SPOKANE,WA,0.022736212729132246,0.08571428571428572,0.012096774193548387,0.025306182676700605
99224,53063010404,SPOKANE,WA,0.04098812052552907,0.008403361344537815,0.0,0.03880773203482367
99224,53063013600,SPOKANE,WA,0.22130438203131148,0.16974789915966387,0.20967741935483872,0.21882839014313119
99224,53063013700,SPOKANE,WA,0.16599795452757454,0.5327731092436975,0.2540322580645161,0.183709606020363
99224,53063003601,SPOKANE,WA,0.08032412870741877,0.0453781512605042,0.1975806451612903,0.08093551719049727
99224,53063010601,SPOKANE,WA,7.86720163637794e-05,0.0,0.0,7.377895824110964e-05
99224,53063003900,SPOKANE,WA,0.08142553693651168,0.04873949579831933,0.10887096774193548,0.08049284344105061
99224,53063010401,SPOKANE,WA,0.0013374242781842498,0.0,0.0,0.0012542422900988638
99224,53063014200,SPOKANE,WA,0.009991346078199985,0.0,0.0,0.009369927696620924
99224,53063003800,SPOKANE,WA,0.09928408465108961,0.07563025210084033,0.1774193548387097,0.09967537258373911
99224,53063013501,SPOKANE,WA,0.012351506569113366,0.015126050420168067,0.004032258064516129,0.01232108602626531
99224,53063010403,SPOKANE,WA,0.04004405632916372,0.005042016806722689,0.008064516129032258,0.03792238453593035
99224,53063005000,SPOKANE,WA,0.000786720163637794,0.0,0.0,0.0007377895824110963
99224,53063013502,SPOKANE,WA,0.02769254976005035,0.0,0.0,0.02597019330087059
99224,53063013503,SPOKANE,WA,0.19565730469671938,0.013445378151260505,0.028225806451612902,0.1845949535192563
99228,53063011000,SPOKANE,WA,1.0,1.0,1.0,1.0
99251,53063010902,SPOKANE,WA,0.0,1.0,0.0,1.0
99252,53063001800,SPOKANE,WA,0.0,1.0,0.0,1.0
99256,53063003500,SPOKANE,WA,0.0,1.0,0.0,1.0
99258,53063002503,SPOKANE,WA,0.0,1.0,0.0,1.0
99260,53063002400,SPOKANE,WA,0.0,1.0,1.0,1.0
99301,53021020402,PASCO,WA,0.020389105058365758,0.022893772893772892,0.057651991614255764,0.02155233530896407
99301,53021020802,PASCO,WA,6.22568093385214e-05,0.0,0.0,5.671667186569492e-05
99301,53021980100,PASCO,WA,3.11284046692607e-05,0.03205128205128205,0.0041928721174004195,0.0021268751949635595
99301,53021020504,PASCO,WA,0.08239688715953307,0.06364468864468864,0.041928721174004195,0.08014065734622693
99301,53021020103,PASCO,WA,0.03411673151750973,0.022893772893772892,0.06918238993710692,0.03437030315061112
99301,53021020201,PASCO,WA,0.019019455252918288,0.04487179487179487,0.08071278825995808,0.022289652043218103
99301,53021020501,PASCO,WA,0.07134630350194553,0.024267399267399268,0.01781970649895178,0.0669823894733857
99301,53021020700,PASCO,WA,0.012700389105058366,0.019230769230769232,0.015723270440251572,0.013186626208774069
99301,53021020605,PASCO,WA,0.11582879377431907,0.05311355311355311,0.029350104821802937,0.10960496838045543
99301,53021020202,PASCO,WA,0.03595330739299611,0.07188644688644688,0.12473794549266247,0.04058077871990472
99301,53021020606,PASCO,WA,0.10842023346303502,0.09386446886446886,0.06079664570230608,0.10623032640444659
99301,53021020607,PASCO,WA,0.08236575875486381,0.00641025641025641,0.0020964360587002098,0.07548989025323993
99301,53021020603,PASCO,WA,0.06375097276264591,0.008241758241758242,0.005241090146750524,0.05873011371692709
99301,53021020102,PASCO,WA,0.0469727626459144,0.14423076923076922,0.049266247379454925,0.0530584465303576
99301,53021020101,PASCO,WA,0.029416342412451363,0.1391941391941392,0.07651991614255765,0.03748972010322434
99301,53021020300,PASCO,WA,0.05291828793774319,0.06272893772893773,0.15723270440251572,0.056348013498567905
99301,53021020608,PASCO,WA,0.07863035019455253,0.02564102564102564,0.008385744234800839,0.07344809006607492
99301,53021020503,PASCO,WA,0.056217898832684826,0.009157509157509158,0.005241090146750524,0.0519241130930437
99301,53021020401,PASCO,WA,0.02664591439688716,0.059065934065934064,0.02620545073375262,0.028641919292175935
99301,53021020403,PASCO,WA,0.03069260700389105,0.050824175824175824,0.06918238993710692,0.032980744689901594
99301,53021020404,PASCO,WA,0.03212451361867704,0.045787545787545784,0.09853249475890985,0.034767319853670986
99302,53021020504,PASCO,WA,1.0,1.0,1.0,1.0
99320,53005010807,BENTON CITY,WA,0.07571396944874917,0.06930693069306931,0.046875,0.07518154634771465
99320,53005011900,BENTON CITY,WA,0.6263006420190392,0.7128712871287128,0.90625,0.6319948739854763
99320,53005010701,BENTON CITY,WA,0.19703342926721276,0.1485148514851485,0.03125,0.19372063220845792
99320,53005010703,BENTON CITY,WA,0.03874252822669914,0.0,0.015625,0.037590773173857325
99320,53005011801,BENTON CITY,WA,0.04361301748948417,0.0594059405940594,0.0,0.04335753951302862
99320,53005010814,BENTON CITY,WA,0.018375027673234446,0.009900990099009901,0.0,0.01794105083297736
99320,53005012000,BENTON CITY,WA,0.00022138587558113792,0.0,0.0,0.00021358393848782572
99321,53025011404,BEVERLY,WA,1.0,1.0,1.0,1.0
99322,53077002701,BICKLETON,WA,0.034482758620689655,0.0,0.0,0.024793388429752067
99322,53039950101,BICKLETON,WA,0.9655172413793104,1.0,1.0,0.9752066115702479
99323,53071920000,BURBANK,WA,1.0,1.0,1.0,1.0
99324,53071920302,COLLEGE PLACE,WA,0.5513168086754454,0.7610294117647058,0.8928571428571429,0.581081081081081
99324,53071920301,COLLEGE PLACE,WA,0.32726568551510454,0.09191176470588236,0.08630952380952381,0.30214830214830213
99324,53071920200,COLLEGE PLACE,WA,0.10728117738187451,0.13602941176470587,0.020833333333333332,0.1036036036036036
99324,53071920902,COLLEGE PLACE,WA,0.014136328427575524,0.011029411764705883,0.0,0.013167013167013167
99326,53001950301,CONNELL,WA,0.003592814371257485,0.038461538461538464,0.2222222222222222,0.006896551724137931
99326,53021020802,CONNELL,WA,0.9125748502994012,0.6923076923076923,0.7777777777777778,0.9045977011494253
99326,53021020801,CONNELL,WA,0.081437125748503,0.23076923076923078,0.0,0.08505747126436781
99326,53001950200,CONNELL,WA,0.0023952095808383233,0.038461538461538464,0.0,0.0034482758620689655
99328,53013960200,DAYTON,WA,0.9985265225933202,1.0,0.9868421052631579,0.9983326385994165
99328,53023970300,DAYTON,WA,0.0009823182711198428,0.0,0.013157894736842105,0.0012505210504376823
99328,53071920100,DAYTON,WA,0.0004911591355599214,0.0,0.0,0.00041684035014589413
99329,53071920100,DIXIE,WA,0.0,0.0,1.0,1.0
99330,53021020608,ELTOPIA,WA,0.8992974238875878,1.0,1.0,0.9038031319910514
99330,53021020700,ELTOPIA,WA,0.0936768149882904,0.0,0.0,0.0894854586129754
99330,53021020802,ELTOPIA,WA,0.00702576112412178,0.0,0.0,0.006711409395973154
99333,53075001000,HOOPER,WA,0.0,0.0,1.0,1.0
99335,53021020700,KAHLOTUS,WA,0.0,1.0,1.0,1.0
99336,53005011001,KENNEWICK,WA,0.09224853093674386,0.05991316931982634,0.08945454545454545,0.0881175377135912
99336,53005010902,KENNEWICK,WA,0.09298306256481162,0.11027496382054992,0.11636363636363636,0.09626796310860085
99336,53005011002,KENNEWICK,WA,0.09021776702385068,0.06859623733719247,0.18181818181818182,0.09204976049188532
99336,53005011201,KENNEWICK,WA,0.07133598340822675,0.020549927641099856,0.03854545454545454,0.06345177664974619
99336,53005011202,KENNEWICK,WA,0.10378499827169028,0.11201157742402315,0.022545454545454546,0.10080789304354043
99336,53005011100,KENNEWICK,WA,0.06403387487037678,0.05036179450072359,0.04654545454545454,0.06148566526059913
99336,53005010816,KENNEWICK,WA,0.13338230210853785,0.04138929088277858,0.04654545454545454,0.11775219847000787
99336,53005011300,KENNEWICK,WA,0.08347735914275838,0.14500723589001446,0.10327272727272727,0.09204976049188532
99336,53005011501,KENNEWICK,WA,0.0,0.0008683068017366136,0.0,0.00010724243940802173
99336,53005010815,KENNEWICK,WA,0.014301762875907363,0.01678726483357453,0.008727272727272728,0.014334739400872239
99336,53005010809,KENNEWICK,WA,0.12512962322848253,0.18263386396526773,0.10981818181818181,0.13147923071423465
99336,53005010901,KENNEWICK,WA,0.10961804355340476,0.19015918958031838,0.23272727272727273,0.1256166440265961
99336,53005011401,KENNEWICK,WA,0.019486692015209126,0.001447178002894356,0.0036363636363636364,0.016479588189032675
99337,53005011501,KENNEWICK,WA,0.19915914045468702,0.3470319634703196,0.06418918918918919,0.19859270903510742
99337,53005011300,KENNEWICK,WA,0.0014792899408284023,0.0136986301369863,0.0,0.0016468298525338723
99337,53005011401,KENNEWICK,WA,0.10393958268452196,0.0867579908675799,0.5337837837837838,0.11318212441050977
99337,53005011505,KENNEWICK,WA,0.10502958579881656,0.2876712328767123,0.06756756756756757,0.1071936522194775
99337,53005011402,KENNEWICK,WA,0.16420118343195267,0.045662100456621,0.0777027027027027,0.16034134291488883
99337,53005011506,KENNEWICK,WA,0.19822485207100593,0.1689497716894977,0.033783783783783786,0.19410135489183322
99337,53005011600,KENNEWICK,WA,0.0007785736530675802,0.0136986301369863,0.0,0.0009731267310427428
99337,53005011504,KENNEWICK,WA,0.09444098411709748,0.0091324200913242,0.006756756756756757,0.09109963320607829
99337,53005011100,KENNEWICK,WA,0.13274680784802242,0.0273972602739726,0.21621621621621623,0.13286922673852833
99338,53005011002,KENNEWICK,WA,0.013612791702679343,0.0,0.0,0.013089549137751922
99338,53005011600,KENNEWICK,WA,0.0011884183232497838,0.0,0.0,0.0011427384167878663
99338,53005010814,KENNEWICK,WA,0.19371218668971477,0.1366906474820144,0.03260869565217391,0.1905256596717224
99338,53005010811,KENNEWICK,WA,0.07940795159896283,0.01079136690647482,0.0,0.07666735923540412
99338,53005010902,KENNEWICK,WA,0.004537597234226448,0.0,0.0,0.004363183045917307
99338,53005010810,KENNEWICK,WA,0.028089887640449437,0.06474820143884892,0.021739130434782608,0.02908788697278205
99338,53005010815,KENNEWICK,WA,0.5963699222126189,0.5035971223021583,0.5108695652173914,0.5928734676916684
99338,53005011505,KENNEWICK,WA,0.08297320656871218,0.2841726618705036,0.41304347826086957,0.09193849989611469
99338,53005010816,KENNEWICK,WA,0.000108038029386344,0.0,0.021739130434782608,0.00031165593185123624
99341,53001950200,LIND,WA,1.0,1.0,1.0,1.0
99343,53021020801,MESA,WA,0.8296488946684005,0.9767441860465116,0.6391752577319587,0.8162816281628162
99343,53021020802,MESA,WA,0.006501950585175552,0.0,0.28865979381443296,0.036303630363036306
99343,53021020608,MESA,WA,0.16384915474642392,0.023255813953488372,0.07216494845360824,0.1474147414741474
99344,53001950200,OTHELLO,WA,0.010464058234758872,0.004514672686230248,0.004672897196261682,0.00992966487381051
99344,53021020801,OTHELLO,WA,0.036093418259023353,0.01805869074492099,0.028037383177570093,0.03475382705833678
99344,53001950303,OTHELLO,WA,0.1527145890203215,0.022573363431151242,0.056074766355140186,0.14191146048820852
99344,53025011401,OTHELLO,WA,0.1372459811950258,0.04966139954853273,0.09345794392523364,0.13060267549303545
99344,53025011405,OTHELLO,WA,0.0007582650894752805,0.0,0.0,0.0006895600606812854
99344,53025010700,OTHELLO,WA,0.00015165301789505612,0.0,0.0,0.00013791201213625708
99344,53001950301,OTHELLO,WA,0.08917197452229299,0.09480812641083522,0.04205607476635514,0.08812577575506826
99344,53021020802,OTHELLO,WA,0.0007582650894752805,0.0,0.0,0.0006895600606812854
99344,53001950400,OTHELLO,WA,0.1751592356687898,0.4604966139954853,0.3598130841121495,0.19804164942766514
99344,53001950500,OTHELLO,WA,0.2802547770700637,0.3115124153498871,0.2757009345794392,0.28203006481864573
99344,53001950302,OTHELLO,WA,0.11722778283287838,0.03837471783295711,0.14018691588785046,0.1130878499517308
99345,53005011600,PATERSON,WA,1.0,0.0,1.0,1.0
99346,53005011600,PLYMOUTH,WA,0.0,0.0,1.0,1.0
99347,53003960200,POMEROY,WA,0.0012077294685990338,0.0,0.0,0.0008695652173913044
99347,53013960200,POMEROY,WA,0.05555555555555555,0.09090909090909091,0.0,0.043478260869565216
99347,53023970300,POMEROY,WA,0.9432367149758454,0.9090909090909091,1.0,0.9556521739130435
99348,53071920000,PRESCOTT,WA,0.9353448275862069,1.0,0.9906542056074766,0.9472789115646258
99348,53013960200,PRESCOTT,WA,0.015086206896551725,0.0,0.0,0.011904761904761904
99348,53071920100,PRESCOTT,WA,0.04956896551724138,0.0,0.009345794392523364,0.04081632653061224
99349,53025011406,MATTAWA,WA,0.5190966456326802,0.2620689655172414,0.37254901960784315,0.5010577213659716
99349,53025011403,MATTAWA,WA,0.48090335436731985,0.7379310344827587,0.6274509803921569,0.4989422786340284
99350,53005010807,PROSSER,WA,0.0007378712414683637,0.0023148148148148147,0.0,0.0008329168748958854
99350,53005011702,PROSSER,WA,0.37373178380372624,0.4097222222222222,0.58,0.3814759287023155
99350,53077002701,PROSSER,WA,0.005534034311012728,0.0023148148148148147,0.0,0.005164084624354489
99350,53005011900,PROSSER,WA,0.007563180225050729,0.016203703703703703,0.013333333333333334,0.008329168748958855
99350,53005011701,PROSSER,WA,0.21324478878435713,0.44212962962962965,0.34,0.23288355822088955
99350,53039950101,PROSSER,WA,0.016602102933038185,0.032407407407407406,0.006666666666666667,0.017491254372813594
99350,53005011802,PROSSER,WA,0.1608559306401033,0.034722222222222224,0.03333333333333333,0.14859237048142596
99350,53077001801,PROSSER,WA,0.007563180225050729,0.0,0.006666666666666667,0.0069965017491254375
99350,53005011600,PROSSER,WA,0.016417635122671095,0.020833333333333332,0.0,0.016325170747959354
99350,53005011801,PROSSER,WA,0.1977494927135215,0.03935185185185185,0.02,0.18190904547726136
99352,53005010300,RICHLAND,WA,0.08918518518518519,0.007254464285714286,0.02349869451697128,0.08151616499442586
99352,53005010811,RICHLAND,WA,0.1819753086419753,0.013950892857142858,0.13315926892950392,0.16771460423634338
99352,53005010807,RICHLAND,WA,0.0038024691358024693,0.0011160714285714285,0.0026109660574412533,0.0035674470457079154
99352,53005010810,RICHLAND,WA,0.11101234567901234,0.02734375,0.02349869451697128,0.10283166109253065
99352,53005010817,RICHLAND,WA,0.2042469135802469,0.234375,0.0783289817232376,0.20450390189520623
99352,53005010500,RICHLAND,WA,0.0045925925925925926,0.18973214285714285,0.18798955613577023,0.022519509476031215
99352,53005010705,RICHLAND,WA,9.876543209876543e-05,0.0027901785714285715,0.0,0.0003121516164994426
99352,53005010818,RICHLAND,WA,0.06992592592592592,0.06361607142857142,0.005221932114882507,0.06831661092530658
99352,53005010100,RICHLAND,WA,0.0013333333333333333,0.025669642857142856,0.013054830287206266,0.0034782608695652175
99352,53005010600,RICHLAND,WA,0.11851851851851852,0.22600446428571427,0.3185378590078329,0.13052396878483835
99352,53005010820,RICHLAND,WA,0.11037037037037037,0.15959821428571427,0.1801566579634465,0.11549609810479376
99352,53005010819,RICHLAND,WA,0.0708641975308642,0.03794642857142857,0.015665796344647518,0.06729096989966556
99352,53005010809,RICHLAND,WA,0.0,0.008370535714285714,0.010443864229765013,0.0008472686733556299
99352,53005010400,RICHLAND,WA,0.034074074074074076,0.002232142857142857,0.007832898172323759,0.031081382385730213
99353,53005010807,WEST RICHLAND,WA,0.023548922056384744,0.037037037037037035,0.016129032258064516,0.023949579831932775
99353,53005010708,WEST RICHLAND,WA,0.2993919292426755,0.2222222222222222,0.4838709677419355,0.29894957983193277
99353,53005010707,WEST RICHLAND,WA,0.1373134328358209,0.06552706552706553,0.04032258064516129,0.1334033613445378
99353,53005012000,WEST RICHLAND,WA,0.0,0.002849002849002849,0.0,0.0001050420168067227
99353,53005010703,WEST RICHLAND,WA,0.26025428413488116,0.5726495726495726,0.29838709677419356,0.2722689075630252
99353,53005010705,WEST RICHLAND,WA,0.23195135433941405,0.07122507122507123,0.1532258064516129,0.225
99353,53005010201,WEST RICHLAND,WA,0.006080707573244887,0.0,0.0,0.005777310924369748
99353,53005010701,WEST RICHLAND,WA,0.04145936981757877,0.02849002849002849,0.008064516129032258,0.04054621848739496
99354,53005010500,RICHLAND,WA,0.11212042564235661,0.22518676627534684,0.1749271137026239,0.12205000389438429
99354,53005010300,RICHLAND,WA,0.061077947919370185,0.042689434364994665,0.026239067055393587,0.058805202897421915
99354,53005010201,RICHLAND,WA,0.2757158923782334,0.400213447171825,0.10787172011661808,0.280317781758704
99354,53005010203,RICHLAND,WA,0.15416558525824034,0.10245464247598719,0.17201166180758018,0.15086844769841887
99354,53005010204,RICHLAND,WA,0.1396314560083052,0.05549626467449306,0.32653061224489793,0.1384843056312797
99354,53005010100,RICHLAND,WA,0.18159010295008218,0.16008537886872998,0.1924198250728863,0.18030999299010828
99354,53005010400,RICHLAND,WA,0.07569858984341206,0.0096051227321238,0.0,0.06885271438585559
99354,53005012000,RICHLAND,WA,0.0,0.004268943436499467,0.0,0.0003115507438274009
99356,53039950101,ROOSEVELT,WA,1.0,1.0,1.0,1.0
99357,53025011403,ROYAL CITY,WA,0.008488964346349746,0.0,0.0,0.00697350069735007
99357,53025010700,ROYAL CITY,WA,0.015280135823429542,0.0,0.0,0.012552301255230125
99357,53025011405,ROYAL CITY,WA,0.4617996604414261,0.7777777777777778,0.9900990099009901,0.5481171548117155
99357,53025011404,ROYAL CITY,WA,0.300509337860781,0.18518518518518517,0.009900990099009901,0.25523012552301255
99357,53025011406,ROYAL CITY,WA,0.001697792869269949,0.0,0.0,0.001394700139470014
99357,53025011401,ROYAL CITY,WA,0.21222410865874364,0.037037037037037035,0.0,0.17573221757322174
99359,53013960200,STARBUCK,WA,1.0,0.0,1.0,1.0
99360,53071920000,TOUCHET,WA,0.010344827586206896,0.07142857142857142,0.0,0.01174496644295302
99360,53071920100,TOUCHET,WA,0.9896551724137931,0.9285714285714286,1.0,0.988255033557047
99361,53071920100,WAITSBURG,WA,0.9161290322580645,1.0,0.9894736842105263,0.9271978021978022
99361,53013960200,WAITSBURG,WA,0.06612903225806452,0.0,0.010526315789473684,0.057692307692307696
99361,53071920000,WAITSBURG,WA,0.017741935483870968,0.0,0.0,0.01510989010989011
99362,53071920302,WALLA WALLA,WA,0.003426310201717981,0.000898069151324652,0.0,0.00309177925543179
99362,53071920701,WALLA WALLA,WA,0.09854261171701573,0.14773237539290526,0.256797583081571,0.10761932997331752
99362,53071920901,WALLA WALLA,WA,0.07639224013126146,0.007184553210597216,0.022658610271903322,0.06835796874338232
99362,53071920702,WALLA WALLA,WA,0.10587781102210211,0.01347103726986978,0.030211480362537766,0.09504044724916352
99362,53071920301,WALLA WALLA,WA,0.0005308367918154619,0.0,0.0,0.0004658845453390369
99362,53071920100,WALLA WALLA,WA,0.04053662773863527,0.013920071845532105,0.0030211480362537764,0.036974291643725385
99362,53071920400,WALLA WALLA,WA,0.0005308367918154619,0.000898069151324652,0.0,0.0005505908263097708
99362,53071920801,WALLA WALLA,WA,0.11398513656982917,0.10327795240233498,0.11933534743202417,0.11312523823641522
99362,53071920902,WALLA WALLA,WA,0.1210307885339253,0.015267175572519083,0.03172205438066465,0.1085510990639956
99362,53071920500,WALLA WALLA,WA,0.13985136569829168,0.31387516838796586,0.11329305135951662,0.15552073186226759
99362,53071920000,WALLA WALLA,WA,9.651578033008396e-05,0.0,0.0,8.470628097073398e-05
99362,53071920600,WALLA WALLA,WA,0.17073641540391854,0.22721149528513696,0.2673716012084592,0.17877260598873407
99362,53071920802,WALLA WALLA,WA,0.052649358170060806,0.08082622361921868,0.09667673716012085,0.056541442547964935
99362,53071920200,WALLA WALLA,WA,0.07581314544928096,0.07543780871127077,0.05891238670694864,0.07530388378298251
99363,53071920000,WALLULA,WA,1.0,0.0,1.0,1.0
99371,53021020700,WASHTUCNA,WA,0.017857142857142856,0.0,0.0,0.014545454545454545
99371,53001950200,WASHTUCNA,WA,0.9821428571428571,1.0,1.0,0.9854545454545455
99401,53003960100,ANATONE,WA,1.0,0.0,1.0,1.0
99402,53003960200,ASOTIN,WA,0.02577319587628866,0.0,0.0,0.023076923076923078
99402,53003960100,ASOTIN,WA,0.9742268041237113,1.0,1.0,0.9769230769230769
99403,53003960600,CLARKSTON,WA,0.15798204527712725,0.08344198174706649,0.1444141689373297,0.15252152521525214
99403,53003960300,CLARKSTON,WA,0.17144808743169399,0.4576271186440678,0.33787465940054495,0.19609910384818133
99403,53003960500,CLARKSTON,WA,0.23682669789227168,0.31029986962190353,0.2615803814713896,0.2425759971885433
99403,53003960100,CLARKSTON,WA,0.10099531615925059,0.01564537157757497,0.008174386920980926,0.09225092250922509
99403,53003960200,CLARKSTON,WA,0.22765417642466823,0.09647979139504563,0.14713896457765668,0.21621859075733615
99403,53003960400,CLARKSTON,WA,0.10323965651834505,0.03650586701434159,0.1008174386920981,0.09866455807415217
99403,53075001000,CLARKSTON,WA,9.75800156128025e-05,0.0,0.0,8.785802143735723e-05
99403,53023970300,CLARKSTON,WA,0.001756440281030445,0.0,0.0,0.0015814443858724301
